epoch,learning_rate,total_loss,classification_loss,training_accuracy,validation_accuracy,validation_macro_f1
1,0.1,2.036669009091847,2.036669009091847,0.25892539173789175,0.4002,0.38141746697328766
2,0.09997532801828658,1.5456775647622567,1.5456775647622567,0.4346287393162393,0.5008,0.4912951890243796
3,0.09990133642141358,1.2121044183388734,1.2121044183388734,0.5682870370370371,0.6684,0.6649826073379099
4,0.099778098230154,1.0126972548302762,1.0126972548302762,0.6419382122507122,0.7252,0.72209663334604
5,0.0996057350657239,0.8595414924146103,0.8595414924146103,0.7012998575498576,0.6902,0.6926611155209729
6,0.09938441702975688,0.781067222611517,0.781067222611517,0.73005698005698,0.7682,0.7687889594185279
7,0.09911436253643444,0.7126451335061988,0.7126451335061988,0.7515135327635327,0.734,0.7400813617539805
8,0.09879583809693737,0.6887559003469951,0.6887559003469951,0.7627759971509972,0.7344,0.7293021351811273
9,0.09842915805643156,0.6506352372828372,0.6506352372828372,0.7746171652421653,0.7794,0.7771426398013496
10,0.09801468428384716,0.6363969084374246,0.6363969084374246,0.7798254985754985,0.7944,0.785419566787445
11,0.09755282581475769,0.6096616985111835,0.6096616985111835,0.7906205484330484,0.8164,0.8124764643413462
12,0.09704403844771128,0.596661079728026,0.596661079728026,0.7945601851851852,0.7924,0.7913815734182497
13,0.09648882429441258,0.5894976022236708,0.5894976022236708,0.7979433760683761,0.8178,0.8189957027943185
14,0.09588773128419906,0.5776966760131369,0.5776966760131369,0.8033297720797721,0.7974,0.7993905724448591
15,0.09524135262330098,0.5603434080921347,0.5603434080921347,0.8100516381766382,0.789,0.793741327078533
16,0.0945503262094184,0.5545238222491707,0.5545238222491707,0.8095842236467237,0.8114,0.8071286510338535
17,0.09381533400219319,0.5463020253894676,0.5463020253894676,0.8129006410256411,0.8444,0.8414793161267303
18,0.0930371013501972,0.5296842780208316,0.5296842780208316,0.8174857549857549,0.8252,0.8286367934490573
19,0.09221639627510078,0.5232815955608998,0.5232815955608998,0.8205350783475783,0.821,0.8210456441957732
20,0.09135402871372812,0.5162149099712698,0.5162149099712698,0.8234063390313391,0.846,0.8467499766035846
21,0.09045084971874741,0.5121801920086569,0.5121801920086569,0.8254540598290598,0.823,0.8233429715118519
22,0.08950775061878455,0.5000331296540393,0.5000331296540393,0.8301727207977208,0.8222,0.8232797661201403
23,0.08852566213878948,0.4969850894902167,0.4969850894902167,0.8299724002849003,0.8112,0.8122279372881966
24,0.087505553481523,0.4897257021689347,0.4897257021689347,0.8322426994301995,0.8084,0.8008297821008084
25,0.0864484313710706,0.4819779212658222,0.4819779212658222,0.8333333333333334,0.8096,0.8079404789897187
26,0.08535533905932739,0.4786495624104796,0.4786495624104796,0.8356036324786325,0.7972,0.8001826266350122
27,0.08422735529643445,0.4733902345865201,0.4733902345865201,0.8376513532763533,0.8466,0.8447209185896944
28,0.08306559326618261,0.4565336317927749,0.4565336317927749,0.8447738603988604,0.802,0.8035356427156588
29,0.0818711994874345,0.4571565957660349,0.4571565957660349,0.8436832264957265,0.8476,0.8491983774772314
30,0.08064535268264884,0.4612899085989705,0.4612899085989705,0.8431267806267806,0.8672,0.8683104900423555
31,0.07938926261462369,0.447515069122328,0.447515069122328,0.8446403133903134,0.8568,0.8571608652068585
32,0.07810416889260656,0.4446577829682929,0.4446577829682929,0.8469106125356125,0.84,0.8412382966951426
33,0.07679133974894985,0.4335519334359726,0.4335519334359726,0.8522079772079773,0.8546,0.8561367452117283
34,0.07545207078751859,0.43228881719105605,0.43228881719105605,0.8526753917378918,0.876,0.8770248852196112
35,0.07408768370508578,0.42560953708455773,0.42560953708455773,0.8541444088319088,0.859,0.8586924094857376
36,0.07269952498697736,0.4204779830243852,0.4204779830243852,0.8555021367521367,0.8062,0.8113048159974475
37,0.07128896457825365,0.4164912600462933,0.4164912600462933,0.8565482549857549,0.8544,0.8559442347344579
38,0.06985739453173904,0.41087889076977374,0.41087889076977374,0.859909188034188,0.8646,0.8639444170452029
39,0.06840622763423393,0.40653080834962024,0.40653080834962024,0.8595530626780626,0.8258,0.8301438303165231
40,0.0669368960122646,0.39931071556022024,0.39931071556022024,0.8630698005698005,0.8642,0.8641582266296904
41,0.0654508497187474,0.393233743191105,0.393233743191105,0.8648726851851852,0.8768,0.8759237114030427
42,0.0639495553019615,0.38503651482257406,0.38503651482257406,0.8665865384615384,0.877,0.8782170628018984
43,0.06243449435824276,0.3825468785657502,0.3825468785657502,0.8699697293447294,0.873,0.8744955797940654
44,0.060907162069827166,0.37450114877475293,0.37450114877475293,0.8719506766381766,0.8834,0.8839734275194278
45,0.059369065729286276,0.36966889557505606,0.36966889557505606,0.8736645299145299,0.8676,0.8668210262472089
46,0.057821723252011584,0.37240310947270133,0.37240310947270133,0.8725961538461539,0.868,0.865782340799037
47,0.05626666167821526,0.3627793798249671,0.3627793798249671,0.8760461182336182,0.8746,0.8729500192144567
48,0.054705415665925745,0.34662807000498486,0.34662807000498486,0.8823228276353277,0.8546,0.8547132832499853
49,0.05313952597646571,0.3511957912957906,0.3511957912957906,0.8800302706552706,0.8834,0.8819584420902664
50,0.051570537953906447,0.3421448802421575,0.3421448802421575,0.885238603988604,0.8264,0.8315016593768485
51,0.05000000000000003,0.3402202315734662,0.3402202315734662,0.8829460470085471,0.8884,0.8881030158829658
52,0.048429462046093615,0.3251077853291802,0.3251077853291802,0.8902466168091168,0.8982,0.8969514977947053
53,0.04686047402353436,0.3187813953286902,0.3187813953286902,0.8906027421652422,0.893,0.8928250511799695
54,0.04529458433407431,0.3177738223660026,0.3177738223660026,0.8914707977207977,0.89,0.8920539498682606
55,0.04373333832178482,0.30840913870735387,0.30840913870735387,0.8941639957264957,0.89,0.8874978015461685
56,0.04217827674798848,0.30229089814543386,0.30229089814543386,0.8965678418803419,0.908,0.9075950102039012
57,0.04063093427071379,0.29212151429592037,0.29212151429592037,0.9004184472934473,0.8974,0.89725480909418
58,0.03909283793017291,0.2915065040827816,0.2915065040827816,0.9003516737891738,0.8976,0.8971379217413918
59,0.03756550564175728,0.2839944085631615,0.2839944085631615,0.9017761752136753,0.9044,0.9044076574203419
60,0.036050444698038565,0.26991602748717336,0.26991602748717336,0.9061164529914529,0.9132,0.9127698885281548
61,0.03454915028125267,0.2684837137999018,0.2684837137999018,0.9082086894586895,0.8974,0.8993267379346206
62,0.03306310398773545,0.2553498563688365,0.2553498563688365,0.9128383190883191,0.9048,0.9054574345152385
63,0.03159377236576614,0.24897317694462942,0.24897317694462942,0.9156428062678063,0.902,0.9023086911360509
64,0.030142605468260985,0.24797510708074624,0.24797510708074624,0.9149973290598291,0.9216,0.9214875243080757
65,0.028711035421746387,0.2381402284671099,0.2381402284671099,0.9177795584045584,0.9152,0.9148776605330028
66,0.02730047501302268,0.22356142995194492,0.22356142995194492,0.9236778846153846,0.8982,0.8981466353549485
67,0.025912316294914247,0.2243435309610815,0.2243435309610815,0.9231659544159544,0.9072,0.9074184163635316
68,0.024547929212481452,0.21800295868490496,0.21800295868490496,0.9259036680911681,0.9176,0.9180886502818695
69,0.023208660251050173,0.2030311826924313,0.2030311826924313,0.9312678062678063,0.92,0.9203830979408008
70,0.02189583110739348,0.19331114200020788,0.19331114200020788,0.9346732549857549,0.923,0.9235131476562373
71,0.020610737385376363,0.19295513610809278,0.19295513610809278,0.9342280982905983,0.9246,0.9246168547807224
72,0.019354647317351183,0.17224720598031312,0.17224720598031312,0.9419070512820513,0.9344,0.9341318811297169
73,0.018128800512565525,0.17365636012153407,0.17365636012153407,0.9397925569800569,0.92,0.9208326813414371
74,0.016934406733817426,0.16217411767977935,0.16217411767977935,0.9443331552706553,0.9292,0.9290424815386599
75,0.015772644703565576,0.15320960212594423,0.15320960212594423,0.9481392450142451,0.9316,0.9323425094103918
76,0.014644660940672639,0.1474691700200919,0.1474691700200919,0.9488514957264957,0.9298,0.9302132697345712
77,0.013551568628929445,0.13977726399261728,0.13977726399261728,0.9522792022792023,0.9384,0.9383548972580635
78,0.012494446518477037,0.12352818052186246,0.12352818052186246,0.9581107549857549,0.9364,0.9366466576197766
79,0.011474337861210554,0.12102216886531593,0.12102216886531593,0.9581997863247863,0.9388,0.9393833957291257
80,0.01049224938121549,0.11276454389350027,0.11276454389350027,0.9620281339031339,0.9334,0.9332905305421615
81,0.009549150281252642,0.10572201965053027,0.10572201965053027,0.9644542378917379,0.9438,0.9439113012292074
82,0.008645971286271927,0.09834082469216779,0.09834082469216779,0.9672142094017094,0.945,0.9451407033190146
83,0.007783603724899264,0.08809314609009061,0.08809314609009061,0.9698183760683761,0.9462,0.9462977918064567
84,0.006962898649802819,0.08380701311431464,0.08380701311431464,0.9726006054131054,0.9494,0.9494514609312388
85,0.0061846659978068265,0.07654415650765525,0.07654415650765525,0.9742922008547008,0.9502,0.9503773156873017
86,0.005449673790581615,0.06746680248645466,0.06746680248645466,0.9781650641025641,0.9508,0.9509991416422491
87,0.004758647376699036,0.06493443341931047,0.06493443341931047,0.9786324786324786,0.946,0.9461628484899876
88,0.004112268715800957,0.057248738140631944,0.057248738140631944,0.9814814814814815,0.9514,0.9514723905874417
89,0.003511175705587435,0.054933970714481466,0.054933970714481466,0.981948896011396,0.9502,0.9502467383090443
90,0.0029559615522887295,0.05124888169258154,0.05124888169258154,0.9831063034188035,0.952,0.9521140913683148
91,0.0024471741852423253,0.04648345086903993,0.04648345086903993,0.9851317663817664,0.9528,0.9528827903830098
92,0.0019853157161528537,0.044291875492303796,0.044291875492303796,0.9859998219373219,0.9522,0.9523866228555777
93,0.0015708419435684529,0.041204635274100336,0.041204635274100336,0.9872907763532763,0.955,0.9551251766720954
94,0.0012041619030626347,0.03846037738354203,0.03846037738354203,0.9880475427350427,0.9552,0.9553516377901021
95,0.0008856374635655646,0.03647672731238298,0.03647672731238298,0.9886707621082621,0.9546,0.9547885609986457
96,0.0006155829702431174,0.034206421297584846,0.034206421297584846,0.9895610754985755,0.9558,0.9559034928060148
97,0.00039426493427611206,0.03585229131348028,0.03585229131348028,0.9887152777777778,0.9552,0.9552788040921234
98,0.00022190176984600036,0.034558404473179254,0.034558404473179254,0.9891826923076923,0.9556,0.9557174120683939
99,9.866357858642213e-05,0.03261418516171879,0.03261418516171879,0.9898059116809117,0.9556,0.9557447975937414
100,2.4671981713420017e-05,0.03260096668815001,0.03260096668815001,0.9900952635327636,0.9552,0.9553242163846513
