conflict_id,class_pair,direction,content_identifier,content_index,content_label_index,content_class,style_identifier,style_index,style_label_index,style_class,style_strength,output_file,review_status,rejection_reason
shape_airplane_texture_cat_000,airplane__cat,airplane_shape__cat_texture,test_01648,1648,0,airplane,test_04023,4023,3,cat,0.8,Data/task1_cache/cue_conflicts/candidates/shape_airplane_texture_cat_000.png,accepted,
shape_airplane_texture_cat_001,airplane__cat,airplane_shape__cat_texture,test_02242,2242,0,airplane,test_07744,7744,3,cat,0.8,Data/task1_cache/cue_conflicts/candidates/shape_airplane_texture_cat_001.png,rejected,shape is distorted
shape_airplane_texture_cat_002,airplane__cat,airplane_shape__cat_texture,test_05478,5478,0,airplane,test_01563,1563,3,cat,0.8,Data/task1_cache/cue_conflicts/candidates/shape_airplane_texture_cat_002.png,rejected,shape is distorted
shape_airplane_texture_cat_003,airplane__cat,airplane_shape__cat_texture,test_06455,6455,0,airplane,test_01263,1263,3,cat,0.8,Data/task1_cache/cue_conflicts/candidates/shape_airplane_texture_cat_003.png,accepted,
shape_airplane_texture_cat_004,airplane__cat,airplane_shape__cat_texture,test_07309,7309,0,airplane,test_03383,3383,3,cat,0.8,Data/task1_cache/cue_conflicts/candidates/shape_airplane_texture_cat_004.png,accepted,
shape_airplane_texture_cat_005,airplane__cat,airplane_shape__cat_texture,test_07634,7634,0,airplane,test_06952,6952,3,cat,0.8,Data/task1_cache/cue_conflicts/candidates/shape_airplane_texture_cat_005.png,accepted,
shape_airplane_texture_cat_006,airplane__cat,airplane_shape__cat_texture,test_02024,2024,0,airplane,test_04531,4531,3,cat,0.8,Data/task1_cache/cue_conflicts/candidates/shape_airplane_texture_cat_006.png,accepted,
shape_airplane_texture_cat_007,airplane__cat,airplane_shape__cat_texture,test_03083,3083,0,airplane,test_04323,4323,3,cat,0.8,Data/task1_cache/cue_conflicts/candidates/shape_airplane_texture_cat_007.png,rejected,shape is distorted
shape_airplane_texture_cat_008,airplane__cat,airplane_shape__cat_texture,test_04130,4130,0,airplane,test_03851,3851,3,cat,0.8,Data/task1_cache/cue_conflicts/candidates/shape_airplane_texture_cat_008.png,accepted,
shape_airplane_texture_cat_009,airplane__cat,airplane_shape__cat_texture,test_04615,4615,0,airplane,test_02861,2861,3,cat,0.8,Data/task1_cache/cue_conflicts/candidates/shape_airplane_texture_cat_009.png,accepted,
shape_airplane_texture_cat_010,airplane__cat,airplane_shape__cat_texture,test_05918,5918,0,airplane,test_02539,2539,3,cat,0.8,Data/task1_cache/cue_conflicts/candidates/shape_airplane_texture_cat_010.png,accepted,
shape_airplane_texture_cat_011,airplane__cat,airplane_shape__cat_texture,test_05117,5117,0,airplane,test_04463,4463,3,cat,0.8,Data/task1_cache/cue_conflicts/candidates/shape_airplane_texture_cat_011.png,accepted,
shape_airplane_texture_cat_012,airplane__cat,airplane_shape__cat_texture,test_07320,7320,0,airplane,test_04881,4881,3,cat,0.8,Data/task1_cache/cue_conflicts/candidates/shape_airplane_texture_cat_012.png,accepted,
shape_airplane_texture_cat_013,airplane__cat,airplane_shape__cat_texture,test_01596,1596,0,airplane,test_01431,1431,3,cat,0.8,Data/task1_cache/cue_conflicts/candidates/shape_airplane_texture_cat_013.png,rejected,shape is distorted
shape_airplane_texture_cat_014,airplane__cat,airplane_shape__cat_texture,test_07009,7009,0,airplane,test_00176,176,3,cat,0.8,Data/task1_cache/cue_conflicts/candidates/shape_airplane_texture_cat_014.png,rejected,shape is distorted
shape_airplane_texture_cat_015,airplane__cat,airplane_shape__cat_texture,test_00484,484,0,airplane,test_01204,1204,3,cat,0.8,Data/task1_cache/cue_conflicts/candidates/shape_airplane_texture_cat_015.png,rejected,shape is distorted
shape_airplane_texture_cat_016,airplane__cat,airplane_shape__cat_texture,test_06437,6437,0,airplane,test_00672,672,3,cat,0.8,Data/task1_cache/cue_conflicts/candidates/shape_airplane_texture_cat_016.png,rejected,shape is distorted
shape_airplane_texture_cat_017,airplane__cat,airplane_shape__cat_texture,test_01389,1389,0,airplane,test_00677,677,3,cat,0.8,Data/task1_cache/cue_conflicts/candidates/shape_airplane_texture_cat_017.png,accepted,
shape_airplane_texture_cat_018,airplane__cat,airplane_shape__cat_texture,test_01553,1553,0,airplane,test_02028,2028,3,cat,0.8,Data/task1_cache/cue_conflicts/candidates/shape_airplane_texture_cat_018.png,accepted,
shape_airplane_texture_cat_019,airplane__cat,airplane_shape__cat_texture,test_04819,4819,0,airplane,test_00632,632,3,cat,0.8,Data/task1_cache/cue_conflicts/candidates/shape_airplane_texture_cat_019.png,accepted,
shape_airplane_texture_cat_020,airplane__cat,airplane_shape__cat_texture,test_07373,7373,0,airplane,test_03914,3914,3,cat,0.8,Data/task1_cache/cue_conflicts/candidates/shape_airplane_texture_cat_020.png,rejected,shape is distorted
shape_airplane_texture_cat_021,airplane__cat,airplane_shape__cat_texture,test_04399,4399,0,airplane,test_04168,4168,3,cat,0.8,Data/task1_cache/cue_conflicts/candidates/shape_airplane_texture_cat_021.png,accepted,
shape_airplane_texture_cat_022,airplane__cat,airplane_shape__cat_texture,test_06844,6844,0,airplane,test_00391,391,3,cat,0.8,Data/task1_cache/cue_conflicts/candidates/shape_airplane_texture_cat_022.png,accepted,
shape_airplane_texture_cat_023,airplane__cat,airplane_shape__cat_texture,test_04675,4675,0,airplane,test_06490,6490,3,cat,0.8,Data/task1_cache/cue_conflicts/candidates/shape_airplane_texture_cat_023.png,accepted,
shape_airplane_texture_cat_024,airplane__cat,airplane_shape__cat_texture,test_02888,2888,0,airplane,test_04609,4609,3,cat,0.8,Data/task1_cache/cue_conflicts/candidates/shape_airplane_texture_cat_024.png,accepted,
shape_airplane_texture_cat_025,airplane__cat,airplane_shape__cat_texture,test_03455,3455,0,airplane,test_03276,3276,3,cat,0.8,Data/task1_cache/cue_conflicts/candidates/shape_airplane_texture_cat_025.png,accepted,
shape_airplane_texture_cat_026,airplane__cat,airplane_shape__cat_texture,test_03876,3876,0,airplane,test_00372,372,3,cat,0.8,Data/task1_cache/cue_conflicts/candidates/shape_airplane_texture_cat_026.png,rejected,shape is distorted
shape_airplane_texture_cat_027,airplane__cat,airplane_shape__cat_texture,test_07262,7262,0,airplane,test_03562,3562,3,cat,0.8,Data/task1_cache/cue_conflicts/candidates/shape_airplane_texture_cat_027.png,accepted,
shape_airplane_texture_cat_028,airplane__cat,airplane_shape__cat_texture,test_00003,3,0,airplane,test_02536,2536,3,cat,0.8,Data/task1_cache/cue_conflicts/candidates/shape_airplane_texture_cat_028.png,rejected,shape is distorted
shape_airplane_texture_cat_029,airplane__cat,airplane_shape__cat_texture,test_05999,5999,0,airplane,test_02754,2754,3,cat,0.8,Data/task1_cache/cue_conflicts/candidates/shape_airplane_texture_cat_029.png,rejected,shape is distorted
shape_cat_texture_airplane_000,airplane__cat,cat_shape__airplane_texture,test_01263,1263,3,cat,test_05478,5478,0,airplane,0.8,Data/task1_cache/cue_conflicts/candidates/shape_cat_texture_airplane_000.png,accepted,
shape_cat_texture_airplane_001,airplane__cat,cat_shape__airplane_texture,test_02754,2754,3,cat,test_07465,7465,0,airplane,0.8,Data/task1_cache/cue_conflicts/candidates/shape_cat_texture_airplane_001.png,accepted,
shape_cat_texture_airplane_002,airplane__cat,cat_shape__airplane_texture,test_04323,4323,3,cat,test_03083,3083,0,airplane,0.8,Data/task1_cache/cue_conflicts/candidates/shape_cat_texture_airplane_002.png,accepted,
shape_cat_texture_airplane_003,airplane__cat,cat_shape__airplane_texture,test_04168,4168,3,cat,test_01596,1596,0,airplane,0.8,Data/task1_cache/cue_conflicts/candidates/shape_cat_texture_airplane_003.png,rejected,shape is distorted
shape_cat_texture_airplane_004,airplane__cat,cat_shape__airplane_texture,test_01431,1431,3,cat,test_04819,4819,0,airplane,0.8,Data/task1_cache/cue_conflicts/candidates/shape_cat_texture_airplane_004.png,accepted,
shape_cat_texture_airplane_005,airplane__cat,cat_shape__airplane_texture,test_02539,2539,3,cat,test_04539,4539,0,airplane,0.8,Data/task1_cache/cue_conflicts/candidates/shape_cat_texture_airplane_005.png,accepted,
shape_cat_texture_airplane_006,airplane__cat,cat_shape__airplane_texture,test_04229,4229,3,cat,test_07320,7320,0,airplane,0.8,Data/task1_cache/cue_conflicts/candidates/shape_cat_texture_airplane_006.png,accepted,
shape_cat_texture_airplane_007,airplane__cat,cat_shape__airplane_texture,test_02291,2291,3,cat,test_02024,2024,0,airplane,0.8,Data/task1_cache/cue_conflicts/candidates/shape_cat_texture_airplane_007.png,accepted,
shape_cat_texture_airplane_008,airplane__cat,cat_shape__airplane_texture,test_04463,4463,3,cat,test_05918,5918,0,airplane,0.8,Data/task1_cache/cue_conflicts/candidates/shape_cat_texture_airplane_008.png,accepted,
shape_cat_texture_airplane_009,airplane__cat,cat_shape__airplane_texture,test_00979,979,3,cat,test_00003,3,0,airplane,0.8,Data/task1_cache/cue_conflicts/candidates/shape_cat_texture_airplane_009.png,accepted,
shape_cat_texture_airplane_010,airplane__cat,cat_shape__airplane_texture,test_01401,1401,3,cat,test_01977,1977,0,airplane,0.8,Data/task1_cache/cue_conflicts/candidates/shape_cat_texture_airplane_010.png,rejected,shape is distorted
shape_cat_texture_airplane_011,airplane__cat,cat_shape__airplane_texture,test_04908,4908,3,cat,test_03965,3965,0,airplane,0.8,Data/task1_cache/cue_conflicts/candidates/shape_cat_texture_airplane_011.png,rejected,shape is distorted
shape_cat_texture_airplane_012,airplane__cat,cat_shape__airplane_texture,test_00391,391,3,cat,test_06437,6437,0,airplane,0.8,Data/task1_cache/cue_conflicts/candidates/shape_cat_texture_airplane_012.png,accepted,
shape_cat_texture_airplane_013,airplane__cat,cat_shape__airplane_texture,test_03383,3383,3,cat,test_05117,5117,0,airplane,0.8,Data/task1_cache/cue_conflicts/candidates/shape_cat_texture_airplane_013.png,rejected,shape is distorted
shape_cat_texture_airplane_014,airplane__cat,cat_shape__airplane_texture,test_03276,3276,3,cat,test_01389,1389,0,airplane,0.8,Data/task1_cache/cue_conflicts/candidates/shape_cat_texture_airplane_014.png,rejected,shape is distorted
shape_cat_texture_airplane_015,airplane__cat,cat_shape__airplane_texture,test_07744,7744,3,cat,test_01175,1175,0,airplane,0.8,Data/task1_cache/cue_conflicts/candidates/shape_cat_texture_airplane_015.png,accepted,
shape_cat_texture_airplane_016,airplane__cat,cat_shape__airplane_texture,test_00365,365,3,cat,test_03347,3347,0,airplane,0.8,Data/task1_cache/cue_conflicts/candidates/shape_cat_texture_airplane_016.png,rejected,shape is distorted
shape_cat_texture_airplane_017,airplane__cat,cat_shape__airplane_texture,test_03914,3914,3,cat,test_07009,7009,0,airplane,0.8,Data/task1_cache/cue_conflicts/candidates/shape_cat_texture_airplane_017.png,accepted,
shape_cat_texture_airplane_018,airplane__cat,cat_shape__airplane_texture,test_02536,2536,3,cat,test_06844,6844,0,airplane,0.8,Data/task1_cache/cue_conflicts/candidates/shape_cat_texture_airplane_018.png,accepted,
shape_cat_texture_airplane_019,airplane__cat,cat_shape__airplane_texture,test_04881,4881,3,cat,test_03437,3437,0,airplane,0.8,Data/task1_cache/cue_conflicts/candidates/shape_cat_texture_airplane_019.png,rejected,shape is distorted
shape_cat_texture_airplane_020,airplane__cat,cat_shape__airplane_texture,test_01370,1370,3,cat,test_00081,81,0,airplane,0.8,Data/task1_cache/cue_conflicts/candidates/shape_cat_texture_airplane_020.png,rejected,shape is distorted
shape_cat_texture_airplane_021,airplane__cat,cat_shape__airplane_texture,test_03778,3778,3,cat,test_05912,5912,0,airplane,0.8,Data/task1_cache/cue_conflicts/candidates/shape_cat_texture_airplane_021.png,accepted,
shape_cat_texture_airplane_022,airplane__cat,cat_shape__airplane_texture,test_07797,7797,3,cat,test_07309,7309,0,airplane,0.8,Data/task1_cache/cue_conflicts/candidates/shape_cat_texture_airplane_022.png,rejected,shape is distorted
shape_cat_texture_airplane_023,airplane__cat,cat_shape__airplane_texture,test_04609,4609,3,cat,test_03455,3455,0,airplane,0.8,Data/task1_cache/cue_conflicts/candidates/shape_cat_texture_airplane_023.png,accepted,
shape_cat_texture_airplane_024,airplane__cat,cat_shape__airplane_texture,test_00738,738,3,cat,test_02888,2888,0,airplane,0.8,Data/task1_cache/cue_conflicts/candidates/shape_cat_texture_airplane_024.png,rejected,shape is distorted
shape_cat_texture_airplane_025,airplane__cat,cat_shape__airplane_texture,test_06490,6490,3,cat,test_01648,1648,0,airplane,0.8,Data/task1_cache/cue_conflicts/candidates/shape_cat_texture_airplane_025.png,rejected,shape is distorted
shape_cat_texture_airplane_026,airplane__cat,cat_shape__airplane_texture,test_01563,1563,3,cat,test_00484,484,0,airplane,0.8,Data/task1_cache/cue_conflicts/candidates/shape_cat_texture_airplane_026.png,accepted,
shape_cat_texture_airplane_027,airplane__cat,cat_shape__airplane_texture,test_04215,4215,3,cat,test_02750,2750,0,airplane,0.8,Data/task1_cache/cue_conflicts/candidates/shape_cat_texture_airplane_027.png,rejected,shape is distorted
shape_cat_texture_airplane_028,airplane__cat,cat_shape__airplane_texture,test_00672,672,3,cat,test_06609,6609,0,airplane,0.8,Data/task1_cache/cue_conflicts/candidates/shape_cat_texture_airplane_028.png,accepted,
shape_cat_texture_airplane_029,airplane__cat,cat_shape__airplane_texture,test_00176,176,3,cat,test_00042,42,0,airplane,0.8,Data/task1_cache/cue_conflicts/candidates/shape_cat_texture_airplane_029.png,accepted,
shape_bird_texture_car_000,bird__car,bird_shape__car_texture,test_06805,6805,1,bird,test_02392,2392,2,car,0.8,Data/task1_cache/cue_conflicts/candidates/shape_bird_texture_car_000.png,accepted,
shape_bird_texture_car_001,bird__car,bird_shape__car_texture,test_01568,1568,1,bird,test_06271,6271,2,car,0.8,Data/task1_cache/cue_conflicts/candidates/shape_bird_texture_car_001.png,accepted,
shape_bird_texture_car_002,bird__car,bird_shape__car_texture,test_06076,6076,1,bird,test_04921,4921,2,car,0.8,Data/task1_cache/cue_conflicts/candidates/shape_bird_texture_car_002.png,accepted,
shape_bird_texture_car_003,bird__car,bird_shape__car_texture,test_01852,1852,1,bird,test_02502,2502,2,car,0.8,Data/task1_cache/cue_conflicts/candidates/shape_bird_texture_car_003.png,accepted,
shape_bird_texture_car_004,bird__car,bird_shape__car_texture,test_07202,7202,1,bird,test_03755,3755,2,car,0.8,Data/task1_cache/cue_conflicts/candidates/shape_bird_texture_car_004.png,accepted,
shape_bird_texture_car_005,bird__car,bird_shape__car_texture,test_06938,6938,1,bird,test_05237,5237,2,car,0.8,Data/task1_cache/cue_conflicts/candidates/shape_bird_texture_car_005.png,accepted,
shape_bird_texture_car_006,bird__car,bird_shape__car_texture,test_03079,3079,1,bird,test_05333,5333,2,car,0.8,Data/task1_cache/cue_conflicts/candidates/shape_bird_texture_car_006.png,rejected,shape is distorted
shape_bird_texture_car_007,bird__car,bird_shape__car_texture,test_01871,1871,1,bird,test_00035,35,2,car,0.8,Data/task1_cache/cue_conflicts/candidates/shape_bird_texture_car_007.png,accepted,
shape_bird_texture_car_008,bird__car,bird_shape__car_texture,test_06954,6954,1,bird,test_00483,483,2,car,0.8,Data/task1_cache/cue_conflicts/candidates/shape_bird_texture_car_008.png,accepted,
shape_bird_texture_car_009,bird__car,bird_shape__car_texture,test_05488,5488,1,bird,test_00317,317,2,car,0.8,Data/task1_cache/cue_conflicts/candidates/shape_bird_texture_car_009.png,accepted,
shape_bird_texture_car_010,bird__car,bird_shape__car_texture,test_06169,6169,1,bird,test_03362,3362,2,car,0.8,Data/task1_cache/cue_conflicts/candidates/shape_bird_texture_car_010.png,rejected,shape is distorted
shape_bird_texture_car_011,bird__car,bird_shape__car_texture,test_02687,2687,1,bird,test_05030,5030,2,car,0.8,Data/task1_cache/cue_conflicts/candidates/shape_bird_texture_car_011.png,accepted,
shape_bird_texture_car_012,bird__car,bird_shape__car_texture,test_02157,2157,1,bird,test_04735,4735,2,car,0.8,Data/task1_cache/cue_conflicts/candidates/shape_bird_texture_car_012.png,rejected,shape is distorted
shape_bird_texture_car_013,bird__car,bird_shape__car_texture,test_05092,5092,1,bird,test_04913,4913,2,car,0.8,Data/task1_cache/cue_conflicts/candidates/shape_bird_texture_car_013.png,accepted,
shape_bird_texture_car_014,bird__car,bird_shape__car_texture,test_07390,7390,1,bird,test_02082,2082,2,car,0.8,Data/task1_cache/cue_conflicts/candidates/shape_bird_texture_car_014.png,accepted,
shape_bird_texture_car_015,bird__car,bird_shape__car_texture,test_01230,1230,1,bird,test_00049,49,2,car,0.8,Data/task1_cache/cue_conflicts/candidates/shape_bird_texture_car_015.png,rejected,shape is distorted
shape_bird_texture_car_016,bird__car,bird_shape__car_texture,test_00304,304,1,bird,test_00981,981,2,car,0.8,Data/task1_cache/cue_conflicts/candidates/shape_bird_texture_car_016.png,rejected,shape is distorted
shape_bird_texture_car_017,bird__car,bird_shape__car_texture,test_07955,7955,1,bird,test_05824,5824,2,car,0.8,Data/task1_cache/cue_conflicts/candidates/shape_bird_texture_car_017.png,rejected,shape is distorted
shape_bird_texture_car_018,bird__car,bird_shape__car_texture,test_06349,6349,1,bird,test_06503,6503,2,car,0.8,Data/task1_cache/cue_conflicts/candidates/shape_bird_texture_car_018.png,rejected,shape is distorted
shape_bird_texture_car_019,bird__car,bird_shape__car_texture,test_00825,825,1,bird,test_07084,7084,2,car,0.8,Data/task1_cache/cue_conflicts/candidates/shape_bird_texture_car_019.png,accepted,
shape_bird_texture_car_020,bird__car,bird_shape__car_texture,test_01993,1993,1,bird,test_06332,6332,2,car,0.8,Data/task1_cache/cue_conflicts/candidates/shape_bird_texture_car_020.png,accepted,
shape_bird_texture_car_021,bird__car,bird_shape__car_texture,test_02690,2690,1,bird,test_03024,3024,2,car,0.8,Data/task1_cache/cue_conflicts/candidates/shape_bird_texture_car_021.png,rejected,shape is distorted
shape_bird_texture_car_022,bird__car,bird_shape__car_texture,test_05123,5123,1,bird,test_00470,470,2,car,0.8,Data/task1_cache/cue_conflicts/candidates/shape_bird_texture_car_022.png,rejected,shape is distorted
shape_bird_texture_car_023,bird__car,bird_shape__car_texture,test_03937,3937,1,bird,test_03067,3067,2,car,0.8,Data/task1_cache/cue_conflicts/candidates/shape_bird_texture_car_023.png,accepted,
shape_bird_texture_car_024,bird__car,bird_shape__car_texture,test_06733,6733,1,bird,test_06426,6426,2,car,0.8,Data/task1_cache/cue_conflicts/candidates/shape_bird_texture_car_024.png,accepted,
shape_bird_texture_car_025,bird__car,bird_shape__car_texture,test_01986,1986,1,bird,test_00409,409,2,car,0.8,Data/task1_cache/cue_conflicts/candidates/shape_bird_texture_car_025.png,accepted,
shape_bird_texture_car_026,bird__car,bird_shape__car_texture,test_00116,116,1,bird,test_01814,1814,2,car,0.8,Data/task1_cache/cue_conflicts/candidates/shape_bird_texture_car_026.png,accepted,
shape_bird_texture_car_027,bird__car,bird_shape__car_texture,test_02116,2116,1,bird,test_00714,714,2,car,0.8,Data/task1_cache/cue_conflicts/candidates/shape_bird_texture_car_027.png,accepted,
shape_bird_texture_car_028,bird__car,bird_shape__car_texture,test_00261,261,1,bird,test_03163,3163,2,car,0.8,Data/task1_cache/cue_conflicts/candidates/shape_bird_texture_car_028.png,accepted,
shape_bird_texture_car_029,bird__car,bird_shape__car_texture,test_00198,198,1,bird,test_03454,3454,2,car,0.8,Data/task1_cache/cue_conflicts/candidates/shape_bird_texture_car_029.png,accepted,
shape_car_texture_bird_000,bird__car,car_shape__bird_texture,test_06028,6028,2,car,test_03079,3079,1,bird,0.8,Data/task1_cache/cue_conflicts/candidates/shape_car_texture_bird_000.png,accepted,
shape_car_texture_bird_001,bird__car,car_shape__bird_texture,test_05333,5333,2,car,test_07029,7029,1,bird,0.8,Data/task1_cache/cue_conflicts/candidates/shape_car_texture_bird_001.png,accepted,
shape_car_texture_bird_002,bird__car,car_shape__bird_texture,test_05512,5512,2,car,test_00304,304,1,bird,0.8,Data/task1_cache/cue_conflicts/candidates/shape_car_texture_bird_002.png,accepted,
shape_car_texture_bird_003,bird__car,car_shape__bird_texture,test_06692,6692,2,car,test_05560,5560,1,bird,0.8,Data/task1_cache/cue_conflicts/candidates/shape_car_texture_bird_003.png,accepted,
shape_car_texture_bird_004,bird__car,car_shape__bird_texture,test_04065,4065,2,car,test_05220,5220,1,bird,0.8,Data/task1_cache/cue_conflicts/candidates/shape_car_texture_bird_004.png,accepted,
shape_car_texture_bird_005,bird__car,car_shape__bird_texture,test_05183,5183,2,car,test_01109,1109,1,bird,0.8,Data/task1_cache/cue_conflicts/candidates/shape_car_texture_bird_005.png,accepted,
shape_car_texture_bird_006,bird__car,car_shape__bird_texture,test_05756,5756,2,car,test_04298,4298,1,bird,0.8,Data/task1_cache/cue_conflicts/candidates/shape_car_texture_bird_006.png,accepted,
shape_car_texture_bird_007,bird__car,car_shape__bird_texture,test_04921,4921,2,car,test_07955,7955,1,bird,0.8,Data/task1_cache/cue_conflicts/candidates/shape_car_texture_bird_007.png,accepted,
shape_car_texture_bird_008,bird__car,car_shape__bird_texture,test_00714,714,2,car,test_02070,2070,1,bird,0.8,Data/task1_cache/cue_conflicts/candidates/shape_car_texture_bird_008.png,accepted,
shape_car_texture_bird_009,bird__car,car_shape__bird_texture,test_01520,1520,2,car,test_02687,2687,1,bird,0.8,Data/task1_cache/cue_conflicts/candidates/shape_car_texture_bird_009.png,rejected,shape is distorted
shape_car_texture_bird_010,bird__car,car_shape__bird_texture,test_03362,3362,2,car,test_03937,3937,1,bird,0.8,Data/task1_cache/cue_conflicts/candidates/shape_car_texture_bird_010.png,accepted,
shape_car_texture_bird_011,bird__car,car_shape__bird_texture,test_05824,5824,2,car,test_00095,95,1,bird,0.8,Data/task1_cache/cue_conflicts/candidates/shape_car_texture_bird_011.png,accepted,
shape_car_texture_bird_012,bird__car,car_shape__bird_texture,test_02392,2392,2,car,test_07390,7390,1,bird,0.8,Data/task1_cache/cue_conflicts/candidates/shape_car_texture_bird_012.png,accepted,
shape_car_texture_bird_013,bird__car,car_shape__bird_texture,test_03024,3024,2,car,test_01993,1993,1,bird,0.8,Data/task1_cache/cue_conflicts/candidates/shape_car_texture_bird_013.png,accepted,
shape_car_texture_bird_014,bird__car,car_shape__bird_texture,test_04735,4735,2,car,test_02690,2690,1,bird,0.8,Data/task1_cache/cue_conflicts/candidates/shape_car_texture_bird_014.png,accepted,
shape_car_texture_bird_015,bird__car,car_shape__bird_texture,test_00317,317,2,car,test_02157,2157,1,bird,0.8,Data/task1_cache/cue_conflicts/candidates/shape_car_texture_bird_015.png,accepted,
shape_car_texture_bird_016,bird__car,car_shape__bird_texture,test_01202,1202,2,car,test_01568,1568,1,bird,0.8,Data/task1_cache/cue_conflicts/candidates/shape_car_texture_bird_016.png,accepted,
shape_car_texture_bird_017,bird__car,car_shape__bird_texture,test_07425,7425,2,car,test_03550,3550,1,bird,0.8,Data/task1_cache/cue_conflicts/candidates/shape_car_texture_bird_017.png,accepted,
shape_car_texture_bird_018,bird__car,car_shape__bird_texture,test_01586,1586,2,car,test_01871,1871,1,bird,0.8,Data/task1_cache/cue_conflicts/candidates/shape_car_texture_bird_018.png,accepted,
shape_car_texture_bird_019,bird__car,car_shape__bird_texture,test_03454,3454,2,car,test_00261,261,1,bird,0.8,Data/task1_cache/cue_conflicts/candidates/shape_car_texture_bird_019.png,accepted,
shape_car_texture_bird_020,bird__car,car_shape__bird_texture,test_06426,6426,2,car,test_01230,1230,1,bird,0.8,Data/task1_cache/cue_conflicts/candidates/shape_car_texture_bird_020.png,accepted,
shape_car_texture_bird_021,bird__car,car_shape__bird_texture,test_06503,6503,2,car,test_02178,2178,1,bird,0.8,Data/task1_cache/cue_conflicts/candidates/shape_car_texture_bird_021.png,accepted,
shape_car_texture_bird_022,bird__car,car_shape__bird_texture,test_00483,483,2,car,test_00825,825,1,bird,0.8,Data/task1_cache/cue_conflicts/candidates/shape_car_texture_bird_022.png,accepted,
shape_car_texture_bird_023,bird__car,car_shape__bird_texture,test_06264,6264,2,car,test_06733,6733,1,bird,0.8,Data/task1_cache/cue_conflicts/candidates/shape_car_texture_bird_023.png,accepted,
shape_car_texture_bird_024,bird__car,car_shape__bird_texture,test_03067,3067,2,car,test_02116,2116,1,bird,0.8,Data/task1_cache/cue_conflicts/candidates/shape_car_texture_bird_024.png,accepted,
shape_car_texture_bird_025,bird__car,car_shape__bird_texture,test_06244,6244,2,car,test_01115,1115,1,bird,0.8,Data/task1_cache/cue_conflicts/candidates/shape_car_texture_bird_025.png,accepted,
shape_car_texture_bird_026,bird__car,car_shape__bird_texture,test_03755,3755,2,car,test_01986,1986,1,bird,0.8,Data/task1_cache/cue_conflicts/candidates/shape_car_texture_bird_026.png,accepted,
shape_car_texture_bird_027,bird__car,car_shape__bird_texture,test_00470,470,2,car,test_07033,7033,1,bird,0.8,Data/task1_cache/cue_conflicts/candidates/shape_car_texture_bird_027.png,accepted,
shape_car_texture_bird_028,bird__car,car_shape__bird_texture,test_00035,35,2,car,test_05256,5256,1,bird,0.8,Data/task1_cache/cue_conflicts/candidates/shape_car_texture_bird_028.png,rejected,shape is distorted
shape_car_texture_bird_029,bird__car,car_shape__bird_texture,test_01814,1814,2,car,test_05123,5123,1,bird,0.8,Data/task1_cache/cue_conflicts/candidates/shape_car_texture_bird_029.png,accepted,
shape_deer_texture_ship_000,deer__ship,deer_shape__ship_texture,test_05789,5789,4,deer,test_05451,5451,8,ship,0.8,Data/task1_cache/cue_conflicts/candidates/shape_deer_texture_ship_000.png,accepted,
shape_deer_texture_ship_001,deer__ship,deer_shape__ship_texture,test_07944,7944,4,deer,test_04069,4069,8,ship,0.8,Data/task1_cache/cue_conflicts/candidates/shape_deer_texture_ship_001.png,accepted,
shape_deer_texture_ship_002,deer__ship,deer_shape__ship_texture,test_03287,3287,4,deer,test_01954,1954,8,ship,0.8,Data/task1_cache/cue_conflicts/candidates/shape_deer_texture_ship_002.png,accepted,
shape_deer_texture_ship_003,deer__ship,deer_shape__ship_texture,test_02898,2898,4,deer,test_03905,3905,8,ship,0.8,Data/task1_cache/cue_conflicts/candidates/shape_deer_texture_ship_003.png,accepted,
shape_deer_texture_ship_004,deer__ship,deer_shape__ship_texture,test_00855,855,4,deer,test_01783,1783,8,ship,0.8,Data/task1_cache/cue_conflicts/candidates/shape_deer_texture_ship_004.png,accepted,
shape_deer_texture_ship_005,deer__ship,deer_shape__ship_texture,test_02399,2399,4,deer,test_04177,4177,8,ship,0.8,Data/task1_cache/cue_conflicts/candidates/shape_deer_texture_ship_005.png,accepted,
shape_deer_texture_ship_006,deer__ship,deer_shape__ship_texture,test_03122,3122,4,deer,test_04355,4355,8,ship,0.8,Data/task1_cache/cue_conflicts/candidates/shape_deer_texture_ship_006.png,rejected,shape is distorted
shape_deer_texture_ship_007,deer__ship,deer_shape__ship_texture,test_03763,3763,4,deer,test_06434,6434,8,ship,0.8,Data/task1_cache/cue_conflicts/candidates/shape_deer_texture_ship_007.png,accepted,
shape_deer_texture_ship_008,deer__ship,deer_shape__ship_texture,test_01111,1111,4,deer,test_01640,1640,8,ship,0.8,Data/task1_cache/cue_conflicts/candidates/shape_deer_texture_ship_008.png,accepted,
shape_deer_texture_ship_009,deer__ship,deer_shape__ship_texture,test_03179,3179,4,deer,test_02191,2191,8,ship,0.8,Data/task1_cache/cue_conflicts/candidates/shape_deer_texture_ship_009.png,accepted,
shape_deer_texture_ship_010,deer__ship,deer_shape__ship_texture,test_03078,3078,4,deer,test_01833,1833,8,ship,0.8,Data/task1_cache/cue_conflicts/candidates/shape_deer_texture_ship_010.png,rejected,shape is distorted
shape_deer_texture_ship_011,deer__ship,deer_shape__ship_texture,test_00691,691,4,deer,test_00194,194,8,ship,0.8,Data/task1_cache/cue_conflicts/candidates/shape_deer_texture_ship_011.png,accepted,
shape_deer_texture_ship_012,deer__ship,deer_shape__ship_texture,test_05402,5402,4,deer,test_04662,4662,8,ship,0.8,Data/task1_cache/cue_conflicts/candidates/shape_deer_texture_ship_012.png,accepted,
shape_deer_texture_ship_013,deer__ship,deer_shape__ship_texture,test_05556,5556,4,deer,test_03948,3948,8,ship,0.8,Data/task1_cache/cue_conflicts/candidates/shape_deer_texture_ship_013.png,accepted,
shape_deer_texture_ship_014,deer__ship,deer_shape__ship_texture,test_05077,5077,4,deer,test_07460,7460,8,ship,0.8,Data/task1_cache/cue_conflicts/candidates/shape_deer_texture_ship_014.png,accepted,
shape_deer_texture_ship_015,deer__ship,deer_shape__ship_texture,test_04642,4642,4,deer,test_01129,1129,8,ship,0.8,Data/task1_cache/cue_conflicts/candidates/shape_deer_texture_ship_015.png,accepted,
shape_deer_texture_ship_016,deer__ship,deer_shape__ship_texture,test_04740,4740,4,deer,test_07446,7446,8,ship,0.8,Data/task1_cache/cue_conflicts/candidates/shape_deer_texture_ship_016.png,accepted,
shape_deer_texture_ship_017,deer__ship,deer_shape__ship_texture,test_01960,1960,4,deer,test_05705,5705,8,ship,0.8,Data/task1_cache/cue_conflicts/candidates/shape_deer_texture_ship_017.png,accepted,
shape_deer_texture_ship_018,deer__ship,deer_shape__ship_texture,test_03034,3034,4,deer,test_07818,7818,8,ship,0.8,Data/task1_cache/cue_conflicts/candidates/shape_deer_texture_ship_018.png,accepted,
shape_deer_texture_ship_019,deer__ship,deer_shape__ship_texture,test_03458,3458,4,deer,test_07999,7999,8,ship,0.8,Data/task1_cache/cue_conflicts/candidates/shape_deer_texture_ship_019.png,accepted,
shape_deer_texture_ship_020,deer__ship,deer_shape__ship_texture,test_02757,2757,4,deer,test_00151,151,8,ship,0.8,Data/task1_cache/cue_conflicts/candidates/shape_deer_texture_ship_020.png,accepted,
shape_deer_texture_ship_021,deer__ship,deer_shape__ship_texture,test_05062,5062,4,deer,test_07138,7138,8,ship,0.8,Data/task1_cache/cue_conflicts/candidates/shape_deer_texture_ship_021.png,accepted,
shape_deer_texture_ship_022,deer__ship,deer_shape__ship_texture,test_01124,1124,4,deer,test_00962,962,8,ship,0.8,Data/task1_cache/cue_conflicts/candidates/shape_deer_texture_ship_022.png,accepted,
shape_deer_texture_ship_023,deer__ship,deer_shape__ship_texture,test_07475,7475,4,deer,test_07476,7476,8,ship,0.8,Data/task1_cache/cue_conflicts/candidates/shape_deer_texture_ship_023.png,accepted,
shape_deer_texture_ship_024,deer__ship,deer_shape__ship_texture,test_07610,7610,4,deer,test_00667,667,8,ship,0.8,Data/task1_cache/cue_conflicts/candidates/shape_deer_texture_ship_024.png,accepted,
shape_deer_texture_ship_025,deer__ship,deer_shape__ship_texture,test_05467,5467,4,deer,test_03157,3157,8,ship,0.8,Data/task1_cache/cue_conflicts/candidates/shape_deer_texture_ship_025.png,rejected,shape is distorted
shape_deer_texture_ship_026,deer__ship,deer_shape__ship_texture,test_06097,6097,4,deer,test_04990,4990,8,ship,0.8,Data/task1_cache/cue_conflicts/candidates/shape_deer_texture_ship_026.png,accepted,
shape_deer_texture_ship_027,deer__ship,deer_shape__ship_texture,test_03994,3994,4,deer,test_05000,5000,8,ship,0.8,Data/task1_cache/cue_conflicts/candidates/shape_deer_texture_ship_027.png,accepted,
shape_deer_texture_ship_028,deer__ship,deer_shape__ship_texture,test_07692,7692,4,deer,test_02340,2340,8,ship,0.8,Data/task1_cache/cue_conflicts/candidates/shape_deer_texture_ship_028.png,rejected,shape is distorted
shape_deer_texture_ship_029,deer__ship,deer_shape__ship_texture,test_03512,3512,4,deer,test_07810,7810,8,ship,0.8,Data/task1_cache/cue_conflicts/candidates/shape_deer_texture_ship_029.png,accepted,
shape_ship_texture_deer_000,deer__ship,ship_shape__deer_texture,test_06434,6434,8,ship,test_04642,4642,4,deer,0.8,Data/task1_cache/cue_conflicts/candidates/shape_ship_texture_deer_000.png,accepted,
shape_ship_texture_deer_001,deer__ship,ship_shape__deer_texture,test_04242,4242,8,ship,test_05789,5789,4,deer,0.8,Data/task1_cache/cue_conflicts/candidates/shape_ship_texture_deer_001.png,accepted,
shape_ship_texture_deer_002,deer__ship,ship_shape__deer_texture,test_04170,4170,8,ship,test_00766,766,4,deer,0.8,Data/task1_cache/cue_conflicts/candidates/shape_ship_texture_deer_002.png,rejected,shape is distorted
shape_ship_texture_deer_003,deer__ship,ship_shape__deer_texture,test_00716,716,8,ship,test_06033,6033,4,deer,0.8,Data/task1_cache/cue_conflicts/candidates/shape_ship_texture_deer_003.png,accepted,
shape_ship_texture_deer_004,deer__ship,ship_shape__deer_texture,test_04355,4355,8,ship,test_00855,855,4,deer,0.8,Data/task1_cache/cue_conflicts/candidates/shape_ship_texture_deer_004.png,accepted,
shape_ship_texture_deer_005,deer__ship,ship_shape__deer_texture,test_00706,706,8,ship,test_07940,7940,4,deer,0.8,Data/task1_cache/cue_conflicts/candidates/shape_ship_texture_deer_005.png,accepted,
shape_ship_texture_deer_006,deer__ship,ship_shape__deer_texture,test_03015,3015,8,ship,test_04629,4629,4,deer,0.8,Data/task1_cache/cue_conflicts/candidates/shape_ship_texture_deer_006.png,accepted,
shape_ship_texture_deer_007,deer__ship,ship_shape__deer_texture,test_07138,7138,8,ship,test_02898,2898,4,deer,0.8,Data/task1_cache/cue_conflicts/candidates/shape_ship_texture_deer_007.png,accepted,
shape_ship_texture_deer_008,deer__ship,ship_shape__deer_texture,test_07810,7810,8,ship,test_05623,5623,4,deer,0.8,Data/task1_cache/cue_conflicts/candidates/shape_ship_texture_deer_008.png,accepted,
shape_ship_texture_deer_009,deer__ship,ship_shape__deer_texture,test_01783,1783,8,ship,test_00171,171,4,deer,0.8,Data/task1_cache/cue_conflicts/candidates/shape_ship_texture_deer_009.png,accepted,
shape_ship_texture_deer_010,deer__ship,ship_shape__deer_texture,test_00194,194,8,ship,test_03994,3994,4,deer,0.8,Data/task1_cache/cue_conflicts/candidates/shape_ship_texture_deer_010.png,accepted,
shape_ship_texture_deer_011,deer__ship,ship_shape__deer_texture,test_03948,3948,8,ship,test_07944,7944,4,deer,0.8,Data/task1_cache/cue_conflicts/candidates/shape_ship_texture_deer_011.png,accepted,
shape_ship_texture_deer_012,deer__ship,ship_shape__deer_texture,test_04552,4552,8,ship,test_04054,4054,4,deer,0.8,Data/task1_cache/cue_conflicts/candidates/shape_ship_texture_deer_012.png,rejected,shape is distorted
shape_ship_texture_deer_013,deer__ship,ship_shape__deer_texture,test_05000,5000,8,ship,test_06288,6288,4,deer,0.8,Data/task1_cache/cue_conflicts/candidates/shape_ship_texture_deer_013.png,accepted,
shape_ship_texture_deer_014,deer__ship,ship_shape__deer_texture,test_02109,2109,8,ship,test_07692,7692,4,deer,0.8,Data/task1_cache/cue_conflicts/candidates/shape_ship_texture_deer_014.png,accepted,
shape_ship_texture_deer_015,deer__ship,ship_shape__deer_texture,test_01247,1247,8,ship,test_03034,3034,4,deer,0.8,Data/task1_cache/cue_conflicts/candidates/shape_ship_texture_deer_015.png,rejected,shape is distorted
shape_ship_texture_deer_016,deer__ship,ship_shape__deer_texture,test_04069,4069,8,ship,test_04740,4740,4,deer,0.8,Data/task1_cache/cue_conflicts/candidates/shape_ship_texture_deer_016.png,accepted,
shape_ship_texture_deer_017,deer__ship,ship_shape__deer_texture,test_05694,5694,8,ship,test_06508,6508,4,deer,0.8,Data/task1_cache/cue_conflicts/candidates/shape_ship_texture_deer_017.png,accepted,
shape_ship_texture_deer_018,deer__ship,ship_shape__deer_texture,test_03412,3412,8,ship,test_01266,1266,4,deer,0.8,Data/task1_cache/cue_conflicts/candidates/shape_ship_texture_deer_018.png,accepted,
shape_ship_texture_deer_019,deer__ship,ship_shape__deer_texture,test_02745,2745,8,ship,test_03287,3287,4,deer,0.8,Data/task1_cache/cue_conflicts/candidates/shape_ship_texture_deer_019.png,accepted,
shape_ship_texture_deer_020,deer__ship,ship_shape__deer_texture,test_03157,3157,8,ship,test_07475,7475,4,deer,0.8,Data/task1_cache/cue_conflicts/candidates/shape_ship_texture_deer_020.png,accepted,
shape_ship_texture_deer_021,deer__ship,ship_shape__deer_texture,test_02230,2230,8,ship,test_07610,7610,4,deer,0.8,Data/task1_cache/cue_conflicts/candidates/shape_ship_texture_deer_021.png,accepted,
shape_ship_texture_deer_022,deer__ship,ship_shape__deer_texture,test_02191,2191,8,ship,test_01960,1960,4,deer,0.8,Data/task1_cache/cue_conflicts/candidates/shape_ship_texture_deer_022.png,rejected,shape is distorted
shape_ship_texture_deer_023,deer__ship,ship_shape__deer_texture,test_05525,5525,8,ship,test_00691,691,4,deer,0.8,Data/task1_cache/cue_conflicts/candidates/shape_ship_texture_deer_023.png,accepted,
shape_ship_texture_deer_024,deer__ship,ship_shape__deer_texture,test_07818,7818,8,ship,test_07864,7864,4,deer,0.8,Data/task1_cache/cue_conflicts/candidates/shape_ship_texture_deer_024.png,rejected,shape is distorted
shape_ship_texture_deer_025,deer__ship,ship_shape__deer_texture,test_06689,6689,8,ship,test_03763,3763,4,deer,0.8,Data/task1_cache/cue_conflicts/candidates/shape_ship_texture_deer_025.png,rejected,shape is distorted
shape_ship_texture_deer_026,deer__ship,ship_shape__deer_texture,test_07999,7999,8,ship,test_01211,1211,4,deer,0.8,Data/task1_cache/cue_conflicts/candidates/shape_ship_texture_deer_026.png,accepted,
shape_ship_texture_deer_027,deer__ship,ship_shape__deer_texture,test_02340,2340,8,ship,test_05062,5062,4,deer,0.8,Data/task1_cache/cue_conflicts/candidates/shape_ship_texture_deer_027.png,accepted,
shape_ship_texture_deer_028,deer__ship,ship_shape__deer_texture,test_04676,4676,8,ship,test_05135,5135,4,deer,0.8,Data/task1_cache/cue_conflicts/candidates/shape_ship_texture_deer_028.png,accepted,
shape_ship_texture_deer_029,deer__ship,ship_shape__deer_texture,test_01954,1954,8,ship,test_05556,5556,4,deer,0.8,Data/task1_cache/cue_conflicts/candidates/shape_ship_texture_deer_029.png,accepted,
shape_dog_texture_truck_000,dog__truck,dog_shape__truck_texture,test_00097,97,5,dog,test_02011,2011,9,truck,0.8,Data/task1_cache/cue_conflicts/candidates/shape_dog_texture_truck_000.png,accepted,
shape_dog_texture_truck_001,dog__truck,dog_shape__truck_texture,test_06989,6989,5,dog,test_00419,419,9,truck,0.8,Data/task1_cache/cue_conflicts/candidates/shape_dog_texture_truck_001.png,accepted,
shape_dog_texture_truck_002,dog__truck,dog_shape__truck_texture,test_06716,6716,5,dog,test_00603,603,9,truck,0.8,Data/task1_cache/cue_conflicts/candidates/shape_dog_texture_truck_002.png,rejected,shape is distorted
shape_dog_texture_truck_003,dog__truck,dog_shape__truck_texture,test_01626,1626,5,dog,test_02114,2114,9,truck,0.8,Data/task1_cache/cue_conflicts/candidates/shape_dog_texture_truck_003.png,accepted,
shape_dog_texture_truck_004,dog__truck,dog_shape__truck_texture,test_00319,319,5,dog,test_00239,239,9,truck,0.8,Data/task1_cache/cue_conflicts/candidates/shape_dog_texture_truck_004.png,accepted,
shape_dog_texture_truck_005,dog__truck,dog_shape__truck_texture,test_04290,4290,5,dog,test_07266,7266,9,truck,0.8,Data/task1_cache/cue_conflicts/candidates/shape_dog_texture_truck_005.png,rejected,shape is distorted
shape_dog_texture_truck_006,dog__truck,dog_shape__truck_texture,test_04966,4966,5,dog,test_03942,3942,9,truck,0.8,Data/task1_cache/cue_conflicts/candidates/shape_dog_texture_truck_006.png,accepted,
shape_dog_texture_truck_007,dog__truck,dog_shape__truck_texture,test_02268,2268,5,dog,test_05788,5788,9,truck,0.8,Data/task1_cache/cue_conflicts/candidates/shape_dog_texture_truck_007.png,accepted,
shape_dog_texture_truck_008,dog__truck,dog_shape__truck_texture,test_02427,2427,5,dog,test_02062,2062,9,truck,0.8,Data/task1_cache/cue_conflicts/candidates/shape_dog_texture_truck_008.png,accepted,
shape_dog_texture_truck_009,dog__truck,dog_shape__truck_texture,test_05496,5496,5,dog,test_01654,1654,9,truck,0.8,Data/task1_cache/cue_conflicts/candidates/shape_dog_texture_truck_009.png,accepted,
shape_dog_texture_truck_010,dog__truck,dog_shape__truck_texture,test_07474,7474,5,dog,test_04723,4723,9,truck,0.8,Data/task1_cache/cue_conflicts/candidates/shape_dog_texture_truck_010.png,accepted,
shape_dog_texture_truck_011,dog__truck,dog_shape__truck_texture,test_01877,1877,5,dog,test_02414,2414,9,truck,0.8,Data/task1_cache/cue_conflicts/candidates/shape_dog_texture_truck_011.png,accepted,
shape_dog_texture_truck_012,dog__truck,dog_shape__truck_texture,test_00685,685,5,dog,test_05360,5360,9,truck,0.8,Data/task1_cache/cue_conflicts/candidates/shape_dog_texture_truck_012.png,accepted,
shape_dog_texture_truck_013,dog__truck,dog_shape__truck_texture,test_02334,2334,5,dog,test_01515,1515,9,truck,0.8,Data/task1_cache/cue_conflicts/candidates/shape_dog_texture_truck_013.png,accepted,
shape_dog_texture_truck_014,dog__truck,dog_shape__truck_texture,test_01552,1552,5,dog,test_02167,2167,9,truck,0.8,Data/task1_cache/cue_conflicts/candidates/shape_dog_texture_truck_014.png,accepted,
shape_dog_texture_truck_015,dog__truck,dog_shape__truck_texture,test_03353,3353,5,dog,test_01430,1430,9,truck,0.8,Data/task1_cache/cue_conflicts/candidates/shape_dog_texture_truck_015.png,accepted,
shape_dog_texture_truck_016,dog__truck,dog_shape__truck_texture,test_03863,3863,5,dog,test_01411,1411,9,truck,0.8,Data/task1_cache/cue_conflicts/candidates/shape_dog_texture_truck_016.png,accepted,
shape_dog_texture_truck_017,dog__truck,dog_shape__truck_texture,test_02950,2950,5,dog,test_00852,852,9,truck,0.8,Data/task1_cache/cue_conflicts/candidates/shape_dog_texture_truck_017.png,accepted,
shape_dog_texture_truck_018,dog__truck,dog_shape__truck_texture,test_06414,6414,5,dog,test_07047,7047,9,truck,0.8,Data/task1_cache/cue_conflicts/candidates/shape_dog_texture_truck_018.png,rejected,shape is distorted
shape_dog_texture_truck_019,dog__truck,dog_shape__truck_texture,test_07413,7413,5,dog,test_03318,3318,9,truck,0.8,Data/task1_cache/cue_conflicts/candidates/shape_dog_texture_truck_019.png,accepted,
shape_dog_texture_truck_020,dog__truck,dog_shape__truck_texture,test_05701,5701,5,dog,test_01022,1022,9,truck,0.8,Data/task1_cache/cue_conflicts/candidates/shape_dog_texture_truck_020.png,accepted,
shape_dog_texture_truck_021,dog__truck,dog_shape__truck_texture,test_06922,6922,5,dog,test_05508,5508,9,truck,0.8,Data/task1_cache/cue_conflicts/candidates/shape_dog_texture_truck_021.png,accepted,
shape_dog_texture_truck_022,dog__truck,dog_shape__truck_texture,test_00378,378,5,dog,test_05981,5981,9,truck,0.8,Data/task1_cache/cue_conflicts/candidates/shape_dog_texture_truck_022.png,accepted,
shape_dog_texture_truck_023,dog__truck,dog_shape__truck_texture,test_04547,4547,5,dog,test_02655,2655,9,truck,0.8,Data/task1_cache/cue_conflicts/candidates/shape_dog_texture_truck_023.png,accepted,
shape_dog_texture_truck_024,dog__truck,dog_shape__truck_texture,test_01095,1095,5,dog,test_07380,7380,9,truck,0.8,Data/task1_cache/cue_conflicts/candidates/shape_dog_texture_truck_024.png,accepted,
shape_dog_texture_truck_025,dog__truck,dog_shape__truck_texture,test_00645,645,5,dog,test_05452,5452,9,truck,0.8,Data/task1_cache/cue_conflicts/candidates/shape_dog_texture_truck_025.png,accepted,
shape_dog_texture_truck_026,dog__truck,dog_shape__truck_texture,test_02391,2391,5,dog,test_05915,5915,9,truck,0.8,Data/task1_cache/cue_conflicts/candidates/shape_dog_texture_truck_026.png,rejected,shape is distorted
shape_dog_texture_truck_027,dog__truck,dog_shape__truck_texture,test_04106,4106,5,dog,test_00805,805,9,truck,0.8,Data/task1_cache/cue_conflicts/candidates/shape_dog_texture_truck_027.png,accepted,
shape_dog_texture_truck_028,dog__truck,dog_shape__truck_texture,test_02623,2623,5,dog,test_05572,5572,9,truck,0.8,Data/task1_cache/cue_conflicts/candidates/shape_dog_texture_truck_028.png,accepted,
shape_dog_texture_truck_029,dog__truck,dog_shape__truck_texture,test_05924,5924,5,dog,test_00303,303,9,truck,0.8,Data/task1_cache/cue_conflicts/candidates/shape_dog_texture_truck_029.png,accepted,
shape_truck_texture_dog_000,dog__truck,truck_shape__dog_texture,test_07938,7938,9,truck,test_06989,6989,5,dog,0.8,Data/task1_cache/cue_conflicts/candidates/shape_truck_texture_dog_000.png,accepted,
shape_truck_texture_dog_001,dog__truck,truck_shape__dog_texture,test_05447,5447,9,truck,test_04953,4953,5,dog,0.8,Data/task1_cache/cue_conflicts/candidates/shape_truck_texture_dog_001.png,accepted,
shape_truck_texture_dog_002,dog__truck,truck_shape__dog_texture,test_01836,1836,9,truck,test_00568,568,5,dog,0.8,Data/task1_cache/cue_conflicts/candidates/shape_truck_texture_dog_002.png,rejected,shape is distorted
shape_truck_texture_dog_003,dog__truck,truck_shape__dog_texture,test_00805,805,9,truck,test_06358,6358,5,dog,0.8,Data/task1_cache/cue_conflicts/candidates/shape_truck_texture_dog_003.png,rejected,shape is distorted
shape_truck_texture_dog_004,dog__truck,truck_shape__dog_texture,test_06931,6931,9,truck,test_02807,2807,5,dog,0.8,Data/task1_cache/cue_conflicts/candidates/shape_truck_texture_dog_004.png,accepted,
shape_truck_texture_dog_005,dog__truck,truck_shape__dog_texture,test_05590,5590,9,truck,test_04570,4570,5,dog,0.8,Data/task1_cache/cue_conflicts/candidates/shape_truck_texture_dog_005.png,rejected,shape is distorted
shape_truck_texture_dog_006,dog__truck,truck_shape__dog_texture,test_02351,2351,9,truck,test_07041,7041,5,dog,0.8,Data/task1_cache/cue_conflicts/candidates/shape_truck_texture_dog_006.png,accepted,
shape_truck_texture_dog_007,dog__truck,truck_shape__dog_texture,test_01515,1515,9,truck,test_00645,645,5,dog,0.8,Data/task1_cache/cue_conflicts/candidates/shape_truck_texture_dog_007.png,accepted,
shape_truck_texture_dog_008,dog__truck,truck_shape__dog_texture,test_05851,5851,9,truck,test_00097,97,5,dog,0.8,Data/task1_cache/cue_conflicts/candidates/shape_truck_texture_dog_008.png,accepted,
shape_truck_texture_dog_009,dog__truck,truck_shape__dog_texture,test_00131,131,9,truck,test_02391,2391,5,dog,0.8,Data/task1_cache/cue_conflicts/candidates/shape_truck_texture_dog_009.png,accepted,
shape_truck_texture_dog_010,dog__truck,truck_shape__dog_texture,test_07380,7380,9,truck,test_01644,1644,5,dog,0.8,Data/task1_cache/cue_conflicts/candidates/shape_truck_texture_dog_010.png,accepted,
shape_truck_texture_dog_011,dog__truck,truck_shape__dog_texture,test_01022,1022,9,truck,test_02265,2265,5,dog,0.8,Data/task1_cache/cue_conflicts/candidates/shape_truck_texture_dog_011.png,accepted,
shape_truck_texture_dog_012,dog__truck,truck_shape__dog_texture,test_00239,239,9,truck,test_00685,685,5,dog,0.8,Data/task1_cache/cue_conflicts/candidates/shape_truck_texture_dog_012.png,accepted,
shape_truck_texture_dog_013,dog__truck,truck_shape__dog_texture,test_07266,7266,9,truck,test_01626,1626,5,dog,0.8,Data/task1_cache/cue_conflicts/candidates/shape_truck_texture_dog_013.png,rejected,shape is distorted
shape_truck_texture_dog_014,dog__truck,truck_shape__dog_texture,test_00276,276,9,truck,test_03852,3852,5,dog,0.8,Data/task1_cache/cue_conflicts/candidates/shape_truck_texture_dog_014.png,rejected,shape is distorted
shape_truck_texture_dog_015,dog__truck,truck_shape__dog_texture,test_05452,5452,9,truck,test_07130,7130,5,dog,0.8,Data/task1_cache/cue_conflicts/candidates/shape_truck_texture_dog_015.png,accepted,
shape_truck_texture_dog_016,dog__truck,truck_shape__dog_texture,test_05981,5981,9,truck,test_01877,1877,5,dog,0.8,Data/task1_cache/cue_conflicts/candidates/shape_truck_texture_dog_016.png,rejected,shape is distorted
shape_truck_texture_dog_017,dog__truck,truck_shape__dog_texture,test_01430,1430,9,truck,test_05496,5496,5,dog,0.8,Data/task1_cache/cue_conflicts/candidates/shape_truck_texture_dog_017.png,accepted,
shape_truck_texture_dog_018,dog__truck,truck_shape__dog_texture,test_02414,2414,9,truck,test_03863,3863,5,dog,0.8,Data/task1_cache/cue_conflicts/candidates/shape_truck_texture_dog_018.png,accepted,
shape_truck_texture_dog_019,dog__truck,truck_shape__dog_texture,test_03942,3942,9,truck,test_05332,5332,5,dog,0.8,Data/task1_cache/cue_conflicts/candidates/shape_truck_texture_dog_019.png,accepted,
shape_truck_texture_dog_020,dog__truck,truck_shape__dog_texture,test_07544,7544,9,truck,test_07413,7413,5,dog,0.8,Data/task1_cache/cue_conflicts/candidates/shape_truck_texture_dog_020.png,rejected,shape is distorted
shape_truck_texture_dog_021,dog__truck,truck_shape__dog_texture,test_04449,4449,9,truck,test_00319,319,5,dog,0.8,Data/task1_cache/cue_conflicts/candidates/shape_truck_texture_dog_021.png,accepted,
shape_truck_texture_dog_022,dog__truck,truck_shape__dog_texture,test_00303,303,9,truck,test_04966,4966,5,dog,0.8,Data/task1_cache/cue_conflicts/candidates/shape_truck_texture_dog_022.png,accepted,
shape_truck_texture_dog_023,dog__truck,truck_shape__dog_texture,test_05508,5508,9,truck,test_05381,5381,5,dog,0.8,Data/task1_cache/cue_conflicts/candidates/shape_truck_texture_dog_023.png,accepted,
shape_truck_texture_dog_024,dog__truck,truck_shape__dog_texture,test_03893,3893,9,truck,test_05101,5101,5,dog,0.8,Data/task1_cache/cue_conflicts/candidates/shape_truck_texture_dog_024.png,accepted,
shape_truck_texture_dog_025,dog__truck,truck_shape__dog_texture,test_01411,1411,9,truck,test_02458,2458,5,dog,0.8,Data/task1_cache/cue_conflicts/candidates/shape_truck_texture_dog_025.png,accepted,
shape_truck_texture_dog_026,dog__truck,truck_shape__dog_texture,test_05360,5360,9,truck,test_02950,2950,5,dog,0.8,Data/task1_cache/cue_conflicts/candidates/shape_truck_texture_dog_026.png,accepted,
shape_truck_texture_dog_027,dog__truck,truck_shape__dog_texture,test_01468,1468,9,truck,test_04547,4547,5,dog,0.8,Data/task1_cache/cue_conflicts/candidates/shape_truck_texture_dog_027.png,accepted,
shape_truck_texture_dog_028,dog__truck,truck_shape__dog_texture,test_02655,2655,9,truck,test_07706,7706,5,dog,0.8,Data/task1_cache/cue_conflicts/candidates/shape_truck_texture_dog_028.png,accepted,
shape_truck_texture_dog_029,dog__truck,truck_shape__dog_texture,test_05915,5915,9,truck,test_06414,6414,5,dog,0.8,Data/task1_cache/cue_conflicts/candidates/shape_truck_texture_dog_029.png,accepted,
shape_horse_texture_monkey_000,horse__monkey,horse_shape__monkey_texture,test_07726,7726,6,horse,test_00029,29,7,monkey,0.8,Data/task1_cache/cue_conflicts/candidates/shape_horse_texture_monkey_000.png,accepted,
shape_horse_texture_monkey_001,horse__monkey,horse_shape__monkey_texture,test_03494,3494,6,horse,test_05719,5719,7,monkey,0.8,Data/task1_cache/cue_conflicts/candidates/shape_horse_texture_monkey_001.png,accepted,
shape_horse_texture_monkey_002,horse__monkey,horse_shape__monkey_texture,test_03292,3292,6,horse,test_06726,6726,7,monkey,0.8,Data/task1_cache/cue_conflicts/candidates/shape_horse_texture_monkey_002.png,accepted,
shape_horse_texture_monkey_003,horse__monkey,horse_shape__monkey_texture,test_02610,2610,6,horse,test_03542,3542,7,monkey,0.8,Data/task1_cache/cue_conflicts/candidates/shape_horse_texture_monkey_003.png,accepted,
shape_horse_texture_monkey_004,horse__monkey,horse_shape__monkey_texture,test_07555,7555,6,horse,test_04236,4236,7,monkey,0.8,Data/task1_cache/cue_conflicts/candidates/shape_horse_texture_monkey_004.png,rejected,shape is distorted
shape_horse_texture_monkey_005,horse__monkey,horse_shape__monkey_texture,test_07338,7338,6,horse,test_01771,1771,7,monkey,0.8,Data/task1_cache/cue_conflicts/candidates/shape_horse_texture_monkey_005.png,accepted,
shape_horse_texture_monkey_006,horse__monkey,horse_shape__monkey_texture,test_02003,2003,6,horse,test_06190,6190,7,monkey,0.8,Data/task1_cache/cue_conflicts/candidates/shape_horse_texture_monkey_006.png,accepted,
shape_horse_texture_monkey_007,horse__monkey,horse_shape__monkey_texture,test_04731,4731,6,horse,test_07081,7081,7,monkey,0.8,Data/task1_cache/cue_conflicts/candidates/shape_horse_texture_monkey_007.png,accepted,
shape_horse_texture_monkey_008,horse__monkey,horse_shape__monkey_texture,test_00929,929,6,horse,test_03153,3153,7,monkey,0.8,Data/task1_cache/cue_conflicts/candidates/shape_horse_texture_monkey_008.png,accepted,
shape_horse_texture_monkey_009,horse__monkey,horse_shape__monkey_texture,test_05408,5408,6,horse,test_04403,4403,7,monkey,0.8,Data/task1_cache/cue_conflicts/candidates/shape_horse_texture_monkey_009.png,accepted,
shape_horse_texture_monkey_010,horse__monkey,horse_shape__monkey_texture,test_03844,3844,6,horse,test_03467,3467,7,monkey,0.8,Data/task1_cache/cue_conflicts/candidates/shape_horse_texture_monkey_010.png,accepted,
shape_horse_texture_monkey_011,horse__monkey,horse_shape__monkey_texture,test_07781,7781,6,horse,test_03404,3404,7,monkey,0.8,Data/task1_cache/cue_conflicts/candidates/shape_horse_texture_monkey_011.png,accepted,
shape_horse_texture_monkey_012,horse__monkey,horse_shape__monkey_texture,test_07779,7779,6,horse,test_04661,4661,7,monkey,0.8,Data/task1_cache/cue_conflicts/candidates/shape_horse_texture_monkey_012.png,rejected,shape is distorted
shape_horse_texture_monkey_013,horse__monkey,horse_shape__monkey_texture,test_07600,7600,6,horse,test_02854,2854,7,monkey,0.8,Data/task1_cache/cue_conflicts/candidates/shape_horse_texture_monkey_013.png,accepted,
shape_horse_texture_monkey_014,horse__monkey,horse_shape__monkey_texture,test_05580,5580,6,horse,test_01884,1884,7,monkey,0.8,Data/task1_cache/cue_conflicts/candidates/shape_horse_texture_monkey_014.png,accepted,
shape_horse_texture_monkey_015,horse__monkey,horse_shape__monkey_texture,test_04411,4411,6,horse,test_05848,5848,7,monkey,0.8,Data/task1_cache/cue_conflicts/candidates/shape_horse_texture_monkey_015.png,accepted,
shape_horse_texture_monkey_016,horse__monkey,horse_shape__monkey_texture,test_04620,4620,6,horse,test_00370,370,7,monkey,0.8,Data/task1_cache/cue_conflicts/candidates/shape_horse_texture_monkey_016.png,accepted,
shape_horse_texture_monkey_017,horse__monkey,horse_shape__monkey_texture,test_04254,4254,6,horse,test_04308,4308,7,monkey,0.8,Data/task1_cache/cue_conflicts/candidates/shape_horse_texture_monkey_017.png,accepted,
shape_horse_texture_monkey_018,horse__monkey,horse_shape__monkey_texture,test_04093,4093,6,horse,test_05977,5977,7,monkey,0.8,Data/task1_cache/cue_conflicts/candidates/shape_horse_texture_monkey_018.png,accepted,
shape_horse_texture_monkey_019,horse__monkey,horse_shape__monkey_texture,test_02958,2958,6,horse,test_04791,4791,7,monkey,0.8,Data/task1_cache/cue_conflicts/candidates/shape_horse_texture_monkey_019.png,accepted,
shape_horse_texture_monkey_020,horse__monkey,horse_shape__monkey_texture,test_04011,4011,6,horse,test_02501,2501,7,monkey,0.8,Data/task1_cache/cue_conflicts/candidates/shape_horse_texture_monkey_020.png,accepted,
shape_horse_texture_monkey_021,horse__monkey,horse_shape__monkey_texture,test_03779,3779,6,horse,test_06084,6084,7,monkey,0.8,Data/task1_cache/cue_conflicts/candidates/shape_horse_texture_monkey_021.png,accepted,
shape_horse_texture_monkey_022,horse__monkey,horse_shape__monkey_texture,test_03962,3962,6,horse,test_03288,3288,7,monkey,0.8,Data/task1_cache/cue_conflicts/candidates/shape_horse_texture_monkey_022.png,accepted,
shape_horse_texture_monkey_023,horse__monkey,horse_shape__monkey_texture,test_01534,1534,6,horse,test_06650,6650,7,monkey,0.8,Data/task1_cache/cue_conflicts/candidates/shape_horse_texture_monkey_023.png,accepted,
shape_horse_texture_monkey_024,horse__monkey,horse_shape__monkey_texture,test_04746,4746,6,horse,test_01287,1287,7,monkey,0.8,Data/task1_cache/cue_conflicts/candidates/shape_horse_texture_monkey_024.png,accepted,
shape_horse_texture_monkey_025,horse__monkey,horse_shape__monkey_texture,test_03418,3418,6,horse,test_00323,323,7,monkey,0.8,Data/task1_cache/cue_conflicts/candidates/shape_horse_texture_monkey_025.png,accepted,
shape_horse_texture_monkey_026,horse__monkey,horse_shape__monkey_texture,test_01667,1667,6,horse,test_04172,4172,7,monkey,0.8,Data/task1_cache/cue_conflicts/candidates/shape_horse_texture_monkey_026.png,accepted,
shape_horse_texture_monkey_027,horse__monkey,horse_shape__monkey_texture,test_05858,5858,6,horse,test_01956,1956,7,monkey,0.8,Data/task1_cache/cue_conflicts/candidates/shape_horse_texture_monkey_027.png,accepted,
shape_horse_texture_monkey_028,horse__monkey,horse_shape__monkey_texture,test_07996,7996,6,horse,test_01296,1296,7,monkey,0.8,Data/task1_cache/cue_conflicts/candidates/shape_horse_texture_monkey_028.png,accepted,
shape_horse_texture_monkey_029,horse__monkey,horse_shape__monkey_texture,test_05729,5729,6,horse,test_01473,1473,7,monkey,0.8,Data/task1_cache/cue_conflicts/candidates/shape_horse_texture_monkey_029.png,accepted,
shape_monkey_texture_horse_000,horse__monkey,monkey_shape__horse_texture,test_04704,4704,7,monkey,test_00920,920,6,horse,0.8,Data/task1_cache/cue_conflicts/candidates/shape_monkey_texture_horse_000.png,rejected,shape is distorted
shape_monkey_texture_horse_001,horse__monkey,monkey_shape__horse_texture,test_00370,370,7,monkey,test_03418,3418,6,horse,0.8,Data/task1_cache/cue_conflicts/candidates/shape_monkey_texture_horse_001.png,accepted,
shape_monkey_texture_horse_002,horse__monkey,monkey_shape__horse_texture,test_01579,1579,7,monkey,test_07726,7726,6,horse,0.8,Data/task1_cache/cue_conflicts/candidates/shape_monkey_texture_horse_002.png,accepted,
shape_monkey_texture_horse_003,horse__monkey,monkey_shape__horse_texture,test_07835,7835,7,monkey,test_05857,5857,6,horse,0.8,Data/task1_cache/cue_conflicts/candidates/shape_monkey_texture_horse_003.png,rejected,shape is distorted
shape_monkey_texture_horse_004,horse__monkey,monkey_shape__horse_texture,test_06726,6726,7,monkey,test_07338,7338,6,horse,0.8,Data/task1_cache/cue_conflicts/candidates/shape_monkey_texture_horse_004.png,accepted,
shape_monkey_texture_horse_005,horse__monkey,monkey_shape__horse_texture,test_01440,1440,7,monkey,test_00890,890,6,horse,0.8,Data/task1_cache/cue_conflicts/candidates/shape_monkey_texture_horse_005.png,accepted,
shape_monkey_texture_horse_006,horse__monkey,monkey_shape__horse_texture,test_04661,4661,7,monkey,test_06713,6713,6,horse,0.8,Data/task1_cache/cue_conflicts/candidates/shape_monkey_texture_horse_006.png,accepted,
shape_monkey_texture_horse_007,horse__monkey,monkey_shape__horse_texture,test_01884,1884,7,monkey,test_00873,873,6,horse,0.8,Data/task1_cache/cue_conflicts/candidates/shape_monkey_texture_horse_007.png,rejected,shape is distorted
shape_monkey_texture_horse_008,horse__monkey,monkey_shape__horse_texture,test_04748,4748,7,monkey,test_03494,3494,6,horse,0.8,Data/task1_cache/cue_conflicts/candidates/shape_monkey_texture_horse_008.png,accepted,
shape_monkey_texture_horse_009,horse__monkey,monkey_shape__horse_texture,test_05450,5450,7,monkey,test_05729,5729,6,horse,0.8,Data/task1_cache/cue_conflicts/candidates/shape_monkey_texture_horse_009.png,accepted,
shape_monkey_texture_horse_010,horse__monkey,monkey_shape__horse_texture,test_05977,5977,7,monkey,test_03777,3777,6,horse,0.8,Data/task1_cache/cue_conflicts/candidates/shape_monkey_texture_horse_010.png,rejected,shape is distorted
shape_monkey_texture_horse_011,horse__monkey,monkey_shape__horse_texture,test_04172,4172,7,monkey,test_04411,4411,6,horse,0.8,Data/task1_cache/cue_conflicts/candidates/shape_monkey_texture_horse_011.png,accepted,
shape_monkey_texture_horse_012,horse__monkey,monkey_shape__horse_texture,test_07270,7270,7,monkey,test_03292,3292,6,horse,0.8,Data/task1_cache/cue_conflicts/candidates/shape_monkey_texture_horse_012.png,rejected,shape is distorted
shape_monkey_texture_horse_013,horse__monkey,monkey_shape__horse_texture,test_05719,5719,7,monkey,test_02003,2003,6,horse,0.8,Data/task1_cache/cue_conflicts/candidates/shape_monkey_texture_horse_013.png,accepted,
shape_monkey_texture_horse_014,horse__monkey,monkey_shape__horse_texture,test_03542,3542,7,monkey,test_02676,2676,6,horse,0.8,Data/task1_cache/cue_conflicts/candidates/shape_monkey_texture_horse_014.png,accepted,
shape_monkey_texture_horse_015,horse__monkey,monkey_shape__horse_texture,test_04308,4308,7,monkey,test_03191,3191,6,horse,0.8,Data/task1_cache/cue_conflicts/candidates/shape_monkey_texture_horse_015.png,rejected,shape is distorted
shape_monkey_texture_horse_016,horse__monkey,monkey_shape__horse_texture,test_01771,1771,7,monkey,test_07779,7779,6,horse,0.8,Data/task1_cache/cue_conflicts/candidates/shape_monkey_texture_horse_016.png,rejected,shape is distorted
shape_monkey_texture_horse_017,horse__monkey,monkey_shape__horse_texture,test_01927,1927,7,monkey,test_07600,7600,6,horse,0.8,Data/task1_cache/cue_conflicts/candidates/shape_monkey_texture_horse_017.png,accepted,
shape_monkey_texture_horse_018,horse__monkey,monkey_shape__horse_texture,test_01032,1032,7,monkey,test_05408,5408,6,horse,0.8,Data/task1_cache/cue_conflicts/candidates/shape_monkey_texture_horse_018.png,rejected,shape is distorted
shape_monkey_texture_horse_019,horse__monkey,monkey_shape__horse_texture,test_01711,1711,7,monkey,test_04341,4341,6,horse,0.8,Data/task1_cache/cue_conflicts/candidates/shape_monkey_texture_horse_019.png,accepted,
shape_monkey_texture_horse_020,horse__monkey,monkey_shape__horse_texture,test_06772,6772,7,monkey,test_03844,3844,6,horse,0.8,Data/task1_cache/cue_conflicts/candidates/shape_monkey_texture_horse_020.png,rejected,shape is distorted
shape_monkey_texture_horse_021,horse__monkey,monkey_shape__horse_texture,test_02668,2668,7,monkey,test_00449,449,6,horse,0.8,Data/task1_cache/cue_conflicts/candidates/shape_monkey_texture_horse_021.png,accepted,
shape_monkey_texture_horse_022,horse__monkey,monkey_shape__horse_texture,test_02746,2746,7,monkey,test_00545,545,6,horse,0.8,Data/task1_cache/cue_conflicts/candidates/shape_monkey_texture_horse_022.png,accepted,
shape_monkey_texture_horse_023,horse__monkey,monkey_shape__horse_texture,test_06084,6084,7,monkey,test_00929,929,6,horse,0.8,Data/task1_cache/cue_conflicts/candidates/shape_monkey_texture_horse_023.png,accepted,
shape_monkey_texture_horse_024,horse__monkey,monkey_shape__horse_texture,test_01220,1220,7,monkey,test_00977,977,6,horse,0.8,Data/task1_cache/cue_conflicts/candidates/shape_monkey_texture_horse_024.png,accepted,
shape_monkey_texture_horse_025,horse__monkey,monkey_shape__horse_texture,test_03467,3467,7,monkey,test_04754,4754,6,horse,0.8,Data/task1_cache/cue_conflicts/candidates/shape_monkey_texture_horse_025.png,accepted,
shape_monkey_texture_horse_026,horse__monkey,monkey_shape__horse_texture,test_01473,1473,7,monkey,test_04011,4011,6,horse,0.8,Data/task1_cache/cue_conflicts/candidates/shape_monkey_texture_horse_026.png,accepted,
shape_monkey_texture_horse_027,horse__monkey,monkey_shape__horse_texture,test_06190,6190,7,monkey,test_03515,3515,6,horse,0.8,Data/task1_cache/cue_conflicts/candidates/shape_monkey_texture_horse_027.png,accepted,
shape_monkey_texture_horse_028,horse__monkey,monkey_shape__horse_texture,test_01296,1296,7,monkey,test_00964,964,6,horse,0.8,Data/task1_cache/cue_conflicts/candidates/shape_monkey_texture_horse_028.png,rejected,shape is distorted
shape_monkey_texture_horse_029,horse__monkey,monkey_shape__horse_texture,test_06650,6650,7,monkey,test_06381,6381,6,horse,0.8,Data/task1_cache/cue_conflicts/candidates/shape_monkey_texture_horse_029.png,accepted,
