projection_x,projection_y,pair_index,image_identifier,class_index,class_name,condition
25.588509,12.716383,0,test_00003,0,airplane,clean
-44.893295,-5.9396777,1,test_00029,7,monkey,clean
48.462868,6.320455,2,test_00035,2,car,clean
21.048548,24.51905,3,test_00042,0,airplane,clean
49.674526,6.9748907,4,test_00049,2,car,clean
29.68695,22.696287,5,test_00081,0,airplane,clean
-23.294611,-35.92719,6,test_00095,1,bird,clean
-24.476154,-12.24237,7,test_00097,5,dog,clean
-10.6490755,-24.19306,8,test_00116,1,bird,clean
49.471493,-7.3668346,9,test_00131,9,truck,clean
70.51372,-13.756863,10,test_00151,8,ship,clean
-24.642895,7.237859,11,test_00171,4,deer,clean
-42.55969,14.175263,12,test_00176,3,cat,clean
46.743332,-4.1733155,13,test_00191,9,truck,clean
70.80601,-7.4186397,14,test_00194,8,ship,clean
-30.63742,-32.287033,15,test_00198,1,bird,clean
49.474957,-4.4213104,16,test_00239,9,truck,clean
-9.80847,-32.93057,17,test_00261,1,bird,clean
-38.3429,-8.490927,18,test_00269,7,monkey,clean
45.66538,-6.1895266,19,test_00276,9,truck,clean
46.459763,-15.41414,20,test_00303,9,truck,clean
-32.485046,-37.072575,21,test_00304,1,bird,clean
45.36099,9.528949,22,test_00317,2,car,clean
-14.219016,-7.726869,23,test_00319,5,dog,clean
-42.626865,-11.7717705,24,test_00323,7,monkey,clean
-37.438416,21.336164,25,test_00365,3,cat,clean
-43.334557,-8.653089,26,test_00370,7,monkey,clean
-50.29287,17.57626,27,test_00372,3,cat,clean
-21.750557,-12.969891,28,test_00378,5,dog,clean
-39.780888,13.254746,29,test_00391,3,cat,clean
51.429028,13.935178,30,test_00409,2,car,clean
47.409595,-6.201058,31,test_00419,9,truck,clean
-7.9300385,3.2817852,32,test_00449,6,horse,clean
54.41193,19.572515,33,test_00470,2,car,clean
37.91328,7.15824,34,test_00483,2,car,clean
26.195223,-3.552895,35,test_00484,0,airplane,clean
-31.886812,11.598856,36,test_00506,4,deer,clean
6.0653977,2.8852859,37,test_00545,6,horse,clean
21.390406,11.92337,38,test_00562,0,airplane,clean
-21.962814,-13.768351,39,test_00568,5,dog,clean
52.561134,-4.7390785,40,test_00603,9,truck,clean
-44.384224,14.784746,41,test_00632,3,cat,clean
-11.005722,16.385725,42,test_00645,5,dog,clean
74.40379,-8.015939,43,test_00667,8,ship,clean
-47.811375,10.609077,44,test_00672,3,cat,clean
-40.97003,21.626692,45,test_00677,3,cat,clean
-10.281351,22.36349,46,test_00685,5,dog,clean
-29.553308,5.1582274,47,test_00691,4,deer,clean
64.74644,-2.906722,48,test_00706,8,ship,clean
35.557297,5.4421425,49,test_00714,2,car,clean
70.51865,-14.487578,50,test_00716,8,ship,clean
-1.8227638,27.081728,51,test_00738,3,cat,clean
71.62913,-9.2196865,52,test_00739,8,ship,clean
-8.709626,-4.548023,53,test_00766,4,deer,clean
-42.833134,21.433884,54,test_00791,3,cat,clean
38.18673,-9.671716,55,test_00805,9,truck,clean
-11.573812,-32.11519,56,test_00825,1,bird,clean
45.759262,-13.453819,57,test_00852,9,truck,clean
-1.3130924,12.292306,58,test_00855,4,deer,clean
-5.715319,-15.326184,59,test_00873,6,horse,clean
-5.827107,1.603036,60,test_00890,6,horse,clean
-4.462403,-8.829151,61,test_00920,6,horse,clean
-3.1214526,8.083925,62,test_00929,6,horse,clean
69.32724,-8.112759,63,test_00962,8,ship,clean
2.9372585,-4.9401135,64,test_00964,6,horse,clean
-4.0283675,-0.105536364,65,test_00977,6,horse,clean
-42.089985,24.976027,66,test_00979,3,cat,clean
46.76574,12.353393,67,test_00981,2,car,clean
44.992485,-8.288335,68,test_01022,9,truck,clean
-40.193348,-19.09796,69,test_01032,7,monkey,clean
-43.202084,-9.48457,70,test_01048,7,monkey,clean
-12.164152,-32.089367,71,test_01090,1,bird,clean
-11.116594,24.090153,72,test_01095,5,dog,clean
-15.841554,-32.564114,73,test_01109,1,bird,clean
-21.85316,2.216148,74,test_01111,4,deer,clean
-25.855719,-25.508541,75,test_01115,1,bird,clean
-27.83511,8.424835,76,test_01124,4,deer,clean
68.78248,-0.647146,77,test_01129,8,ship,clean
21.664726,15.756898,78,test_01175,0,airplane,clean
44.989162,10.095583,79,test_01202,2,car,clean
-45.20563,12.03404,80,test_01204,3,cat,clean
-18.374874,1.640651,81,test_01211,4,deer,clean
-53.10624,-3.845015,82,test_01220,7,monkey,clean
-29.868952,-22.05262,83,test_01230,1,bird,clean
73.7974,-12.841409,84,test_01247,8,ship,clean
-36.80496,11.490069,85,test_01263,3,cat,clean
-30.630896,8.871791,86,test_01266,4,deer,clean
-52.85141,-2.7120059,87,test_01287,7,monkey,clean
-37.94867,-2.5660944,88,test_01296,7,monkey,clean
-36.33025,22.206741,89,test_01370,3,cat,clean
23.489275,19.21668,90,test_01389,0,airplane,clean
-46.24411,18.744417,91,test_01401,3,cat,clean
47.262127,9.974562,92,test_01403,2,car,clean
51.747334,-11.22104,93,test_01411,9,truck,clean
-26.921148,-2.0579593,94,test_01429,4,deer,clean
36.941063,-11.675316,95,test_01430,9,truck,clean
-19.880644,-16.10534,96,test_01431,3,cat,clean
-18.819904,-26.978802,97,test_01436,1,bird,clean
-42.580204,-10.891128,98,test_01440,7,monkey,clean
42.18114,-7.394565,99,test_01468,9,truck,clean
-48.067394,-12.269449,100,test_01473,7,monkey,clean
47.61646,-13.083918,101,test_01515,9,truck,clean
55.15289,6.0599756,102,test_01520,2,car,clean
-26.299465,18.55442,103,test_01531,3,cat,clean
8.970321,-2.916561,104,test_01534,6,horse,clean
-22.208887,21.12992,105,test_01552,5,dog,clean
26.91364,15.822701,106,test_01553,0,airplane,clean
-31.77012,-14.501314,107,test_01563,3,cat,clean
-31.814486,-4.8552537,108,test_01568,1,bird,clean
-52.782913,-12.684908,109,test_01579,7,monkey,clean
45.044064,12.226153,110,test_01586,2,car,clean
24.248486,-2.9205773,111,test_01596,0,airplane,clean
-6.9556065,20.107965,112,test_01626,5,dog,clean
66.84452,3.5317004,113,test_01640,8,ship,clean
-14.562011,17.355402,114,test_01644,5,dog,clean
24.643469,17.249012,115,test_01648,0,airplane,clean
41.472126,-17.646828,116,test_01654,9,truck,clean
9.2087965,-2.9703348,117,test_01667,6,horse,clean
-52.8606,0.03200009,118,test_01703,7,monkey,clean
-53.424664,-12.8267565,119,test_01711,7,monkey,clean
-34.428085,-8.668881,120,test_01771,7,monkey,clean
69.78348,-0.09900159,121,test_01783,8,ship,clean
49.726604,6.1640315,122,test_01814,2,car,clean
72.28382,-11.073181,123,test_01833,8,ship,clean
46.45893,-16.68076,124,test_01836,9,truck,clean
46.261192,12.794501,125,test_01839,2,car,clean
-22.964222,-33.010006,126,test_01852,1,bird,clean
-22.202927,-4.9071465,127,test_01871,1,bird,clean
-20.669138,19.767498,128,test_01877,5,dog,clean
-42.817432,-20.322273,129,test_01884,7,monkey,clean
-44.476036,-9.135758,130,test_01927,7,monkey,clean
26.168348,-9.893096,131,test_01954,8,ship,clean
-29.92413,-8.326954,132,test_01956,7,monkey,clean
-22.400772,16.541996,133,test_01960,4,deer,clean
20.576008,17.613384,134,test_01977,0,airplane,clean
-24.818106,-7.033566,135,test_01986,1,bird,clean
-21.81704,-34.796772,136,test_01993,1,bird,clean
-2.8404913,3.5648775,137,test_02003,6,horse,clean
50.545254,-13.7256,138,test_02011,9,truck,clean
28.549955,3.7091618,139,test_02024,0,airplane,clean
-50.66476,11.617698,140,test_02028,3,cat,clean
48.566647,-12.624594,141,test_02062,9,truck,clean
-28.483505,-36.162598,142,test_02070,1,bird,clean
39.161514,5.0804167,143,test_02082,2,car,clean
-29.502352,-28.528522,144,test_02095,1,bird,clean
65.97264,0.9675757,145,test_02109,8,ship,clean
41.877033,-7.024106,146,test_02114,9,truck,clean
-47.230713,13.801837,147,test_02116,1,bird,clean
-27.323483,-30.597042,148,test_02157,1,bird,clean
34.91835,-2.830478,149,test_02167,9,truck,clean
-18.604511,-33.857407,150,test_02178,1,bird,clean
74.0518,-2.834191,151,test_02191,8,ship,clean
66.68984,-6.71015,152,test_02230,8,ship,clean
26.29862,0.44721612,153,test_02242,0,airplane,clean
-22.306063,22.345257,154,test_02265,5,dog,clean
-21.539085,-12.600751,155,test_02268,5,dog,clean
-48.36134,10.124666,156,test_02291,3,cat,clean
-17.17306,19.57464,157,test_02334,5,dog,clean
71.28996,-8.211284,158,test_02340,8,ship,clean
77.093346,-4.2354293,159,test_02342,8,ship,clean
46.79032,-15.309571,160,test_02351,9,truck,clean
-32.40279,17.499056,161,test_02391,5,dog,clean
47.716637,7.227745,162,test_02392,2,car,clean
-22.26301,10.712055,163,test_02399,4,deer,clean
33.266808,-8.068131,164,test_02414,9,truck,clean
-17.234594,21.996458,165,test_02427,5,dog,clean
-7.241333,16.770876,166,test_02458,5,dog,clean
-41.828014,-8.318064,167,test_02501,7,monkey,clean
52.782078,21.281364,168,test_02502,2,car,clean
-43.465214,12.183127,169,test_02536,3,cat,clean
5.0595717,29.347193,170,test_02539,3,cat,clean
5.066822,-10.159001,171,test_02610,6,horse,clean
-12.068384,-1.5338577,172,test_02623,5,dog,clean
47.1115,-7.2218003,173,test_02655,9,truck,clean
-51.733906,-2.685591,174,test_02668,7,monkey,clean
6.013317,-2.8348398,175,test_02676,6,horse,clean
-25.175055,-33.436165,176,test_02687,1,bird,clean
-25.714123,-38.013985,177,test_02690,1,bird,clean
-28.936293,10.522044,178,test_02704,4,deer,clean
70.541824,-6.0447445,179,test_02745,8,ship,clean
-47.85134,-8.421152,180,test_02746,7,monkey,clean
28.504288,-1.1489981,181,test_02750,0,airplane,clean
-40.36013,10.123871,182,test_02754,3,cat,clean
-17.641361,14.372213,183,test_02757,4,deer,clean
-23.70293,-15.304744,184,test_02766,5,dog,clean
-34.893425,-2.1779256,185,test_02807,5,dog,clean
66.49311,-1.8600609,186,test_02844,8,ship,clean
-51.2743,-4.252559,187,test_02854,7,monkey,clean
-45.890923,20.11003,188,test_02861,3,cat,clean
27.916397,15.397535,189,test_02888,0,airplane,clean
-22.374012,5.005017,190,test_02898,4,deer,clean
-2.1495433,17.915543,191,test_02950,5,dog,clean
-3.7399182,-1.5041091,192,test_02958,6,horse,clean
69.573105,-7.0673723,193,test_03015,8,ship,clean
48.044167,4.8274555,194,test_03024,2,car,clean
17.933537,8.788886,195,test_03025,0,airplane,clean
-24.95436,5.4195414,196,test_03034,4,deer,clean
50.545277,6.819567,197,test_03067,2,car,clean
-29.412334,6.9433403,198,test_03078,4,deer,clean
-19.75122,-26.780872,199,test_03079,1,bird,clean
23.516323,-2.3205376,200,test_03083,0,airplane,clean
-31.464766,6.4789166,201,test_03122,4,deer,clean
-50.9254,-2.917676,202,test_03153,7,monkey,clean
68.620705,-7.7175465,203,test_03157,8,ship,clean
47.62417,8.93965,204,test_03163,2,car,clean
-21.441723,0.5787693,205,test_03179,4,deer,clean
4.7585225,1.6616864,206,test_03191,6,horse,clean
-37.107063,8.54629,207,test_03276,3,cat,clean
-23.878365,4.54294,208,test_03287,4,deer,clean
-52.272045,-1.9413505,209,test_03288,7,monkey,clean
3.2306793,-1.7813487,210,test_03292,6,horse,clean
39.311863,-16.979555,211,test_03318,9,truck,clean
16.254726,14.58839,212,test_03347,0,airplane,clean
0.034998532,-15.712509,213,test_03353,5,dog,clean
52.83103,20.21584,214,test_03362,2,car,clean
-19.161366,-1.4853436,215,test_03365,4,deer,clean
-27.399393,18.41621,216,test_03375,3,cat,clean
-40.629517,8.379934,217,test_03383,3,cat,clean
-43.758205,-8.157999,218,test_03404,7,monkey,clean
74.975845,-7.2672276,219,test_03412,8,ship,clean
-23.71161,-33.17786,220,test_03413,1,bird,clean
-4.601535,-2.6119332,221,test_03418,6,horse,clean
28.881937,-2.6224625,222,test_03437,0,airplane,clean
-38.645035,-0.5701253,223,test_03446,7,monkey,clean
53.64824,11.986938,224,test_03454,2,car,clean
20.279478,15.119597,225,test_03455,0,airplane,clean
-23.512575,5.9892387,226,test_03458,4,deer,clean
-37.239986,-5.453299,227,test_03467,7,monkey,clean
-22.276197,-31.089884,228,test_03491,1,bird,clean
-1.4275733,-1.5378947,229,test_03494,6,horse,clean
-25.960203,7.437744,230,test_03512,4,deer,clean
-4.9072256,12.840954,231,test_03515,6,horse,clean
-43.86806,-9.519708,232,test_03542,7,monkey,clean
-5.140846,-22.03189,233,test_03550,1,bird,clean
-35.03478,7.35471,234,test_03562,3,cat,clean
44.96084,7.7890825,235,test_03755,2,car,clean
-22.27358,6.670128,236,test_03763,4,deer,clean
-4.4208145,-1.2949802,237,test_03777,6,horse,clean
-5.7359843,24.627401,238,test_03778,3,cat,clean
-3.8261685,-9.276902,239,test_03779,6,horse,clean
-7.6510205,1.2662662,240,test_03844,6,horse,clean
-18.356848,-13.625586,241,test_03851,3,cat,clean
3.5830648,15.263015,242,test_03852,5,dog,clean
-11.939964,25.101822,243,test_03863,5,dog,clean
-40.534653,-8.729149,244,test_03867,7,monkey,clean
31.640612,-1.3317465,245,test_03876,0,airplane,clean
-16.66644,-16.989647,246,test_03889,5,dog,clean
-28.738554,5.790895,247,test_03891,4,deer,clean
42.531136,-6.370648,248,test_03893,9,truck,clean
64.27196,-0.5311687,249,test_03905,8,ship,clean
-41.246857,9.575593,250,test_03914,3,cat,clean
-20.233517,-38.615612,251,test_03937,1,bird,clean
39.98069,-15.3146305,252,test_03942,9,truck,clean
64.818985,-4.4109383,253,test_03948,8,ship,clean
-6.687277,8.943999,254,test_03962,6,horse,clean
23.70952,16.06731,255,test_03965,0,airplane,clean
-27.473915,5.8907886,256,test_03994,4,deer,clean
55.27177,-1.1827472,257,test_03996,9,truck,clean
-1.4878588,6.0933695,258,test_04011,6,horse,clean
-36.080193,9.017567,259,test_04023,3,cat,clean
-19.302492,7.4426546,260,test_04054,4,deer,clean
53.05048,8.926076,261,test_04065,2,car,clean
30.308245,-5.5182266,262,test_04069,8,ship,clean
2.9902055,-5.170563,263,test_04093,6,horse,clean
51.197395,-10.432543,264,test_04094,9,truck,clean
-7.2939982,-11.476859,265,test_04106,5,dog,clean
24.216766,19.150173,266,test_04130,0,airplane,clean
-40.212498,20.606724,267,test_04168,3,cat,clean
64.255005,-9.177968,268,test_04170,8,ship,clean
-52.310623,-3.2793632,269,test_04172,7,monkey,clean
70.214615,-8.82127,270,test_04177,8,ship,clean
-34.781563,-32.149834,271,test_04215,3,cat,clean
-45.09056,16.691847,272,test_04229,3,cat,clean
-45.511063,-20.046072,273,test_04236,7,monkey,clean
72.318504,-10.62759,274,test_04242,8,ship,clean
-8.777342,8.443011,275,test_04254,6,horse,clean
-31.464638,16.880653,276,test_04290,5,dog,clean
-23.869787,-34.00903,277,test_04298,1,bird,clean
-39.713684,-10.68373,278,test_04308,7,monkey,clean
70.92333,-2.423007,279,test_04311,8,ship,clean
-2.4845905,22.476795,280,test_04323,3,cat,clean
-36.727806,3.4151702,281,test_04330,3,cat,clean
-3.175104,-0.36141646,282,test_04341,6,horse,clean
57.16307,-11.094952,283,test_04355,8,ship,clean
24.9678,24.265692,284,test_04399,0,airplane,clean
-45.34834,-9.243164,285,test_04403,7,monkey,clean
3.62037,6.3230553,286,test_04411,6,horse,clean
38.31865,-2.921236,287,test_04449,9,truck,clean
-45.315334,18.268406,288,test_04463,3,cat,clean
-36.94409,11.32088,289,test_04531,3,cat,clean
15.84893,15.086278,290,test_04539,0,airplane,clean
-15.577646,-7.6191015,291,test_04547,5,dog,clean
68.12397,-6.665811,292,test_04552,8,ship,clean
-17.396837,20.616764,293,test_04570,5,dog,clean
-43.502083,18.62897,294,test_04590,3,cat,clean
-44.37845,4.1110826,295,test_04609,3,cat,clean
21.565248,17.180454,296,test_04615,0,airplane,clean
15.951469,16.929037,297,test_04617,0,airplane,clean
1.3974496,-0.05046653,298,test_04620,6,horse,clean
-31.136923,4.5326676,299,test_04629,4,deer,clean
-18.615969,-30.270603,300,test_04640,1,bird,clean
-27.313868,6.892459,301,test_04642,4,deer,clean
-47.505592,-6.6360598,302,test_04661,7,monkey,clean
69.78347,-2.671652,303,test_04662,8,ship,clean
23.478405,17.237923,304,test_04675,0,airplane,clean
70.15306,-7.311221,305,test_04676,8,ship,clean
-47.557884,-9.930036,306,test_04704,7,monkey,clean
36.34385,-7.948437,307,test_04723,9,truck,clean
-5.692878,-1.0513594,308,test_04731,6,horse,clean
49.260925,4.714073,309,test_04735,2,car,clean
-19.240034,4.302798,310,test_04740,4,deer,clean
-6.312689,10.999766,311,test_04746,6,horse,clean
-45.738403,-16.272047,312,test_04748,7,monkey,clean
-6.636292,4.7648,313,test_04754,6,horse,clean
26.084879,13.595261,314,test_04785,0,airplane,clean
-44.36739,-8.284297,315,test_04791,7,monkey,clean
15.953254,17.132685,316,test_04819,0,airplane,clean
-38.089165,16.622522,317,test_04821,3,cat,clean
-0.451913,1.370788,318,test_04827,6,horse,clean
-10.708701,19.899145,319,test_04850,5,dog,clean
-40.355064,3.350203,320,test_04881,3,cat,clean
23.367146,14.905695,321,test_04893,0,airplane,clean
-41.49839,15.865929,322,test_04908,3,cat,clean
47.19993,5.705597,323,test_04913,2,car,clean
45.29361,7.9468994,324,test_04921,2,car,clean
-13.533257,-5.777923,325,test_04953,5,dog,clean
-11.147912,-9.543823,326,test_04966,5,dog,clean
63.1012,-13.059157,327,test_04990,8,ship,clean
62.39205,-18.721554,328,test_05000,8,ship,clean
53.597195,20.546564,329,test_05030,2,car,clean
-26.692724,6.3128595,330,test_05062,4,deer,clean
-22.237274,2.884606,331,test_05077,4,deer,clean
-2.6488307,-2.2727087,332,test_05082,6,horse,clean
-20.779537,-27.145418,333,test_05092,1,bird,clean
-10.086188,28.68572,334,test_05101,5,dog,clean
19.144543,16.53807,335,test_05117,0,airplane,clean
-13.417202,-30.262726,336,test_05123,1,bird,clean
-29.894766,1.9286084,337,test_05135,4,deer,clean
53.68924,19.54479,338,test_05183,2,car,clean
-21.249035,5.5789323,339,test_05213,4,deer,clean
54.156563,20.409355,340,test_05218,2,car,clean
-36.367847,-26.394625,341,test_05220,1,bird,clean
46.12556,5.235994,342,test_05237,2,car,clean
-21.012066,-39.285553,343,test_05256,1,bird,clean
39.370777,-14.446872,344,test_05284,9,truck,clean
50.390892,-2.0109384,345,test_05301,9,truck,clean
38.39782,2.8017197,346,test_05318,2,car,clean
-11.508149,11.250144,347,test_05332,5,dog,clean
49.133354,8.152169,348,test_05333,2,car,clean
40.475533,-5.436055,349,test_05360,9,truck,clean
-10.543258,5.0468006,350,test_05381,5,dog,clean
8.509886,1.8492403,351,test_05382,6,horse,clean
48.71343,10.375062,352,test_05395,2,car,clean
-19.953115,6.111578,353,test_05402,4,deer,clean
-14.628651,13.212768,354,test_05408,6,horse,clean
-52.800865,-1.8169076,355,test_05436,7,monkey,clean
46.53364,-11.751669,356,test_05447,9,truck,clean
-45.246086,-15.984819,357,test_05450,7,monkey,clean
72.39117,-6.3560953,358,test_05451,8,ship,clean
50.70146,-13.158872,359,test_05452,9,truck,clean
-18.589312,2.8301811,360,test_05467,4,deer,clean
29.418837,3.6792445,361,test_05478,0,airplane,clean
-52.399998,-9.23203,362,test_05488,1,bird,clean
-11.970313,31.716087,363,test_05496,5,dog,clean
49.47632,-12.714308,364,test_05508,9,truck,clean
35.76644,-18.271198,365,test_05512,2,car,clean
68.08993,1.0890388,366,test_05525,8,ship,clean
-0.6704059,21.128878,367,test_05528,3,cat,clean
-21.73721,4.6319165,368,test_05556,4,deer,clean
10.904522,-17.653395,369,test_05560,1,bird,clean
31.986273,-13.348813,370,test_05572,9,truck,clean
-3.7389004,5.7885404,371,test_05580,6,horse,clean
53.628525,-11.357569,372,test_05590,9,truck,clean
-21.855118,8.072449,373,test_05623,4,deer,clean
47.86879,11.025836,374,test_05677,2,car,clean
64.04472,-1.482891,375,test_05694,8,ship,clean
-48.31933,24.670135,376,test_05701,5,dog,clean
70.24358,-4.2479806,377,test_05705,8,ship,clean
-43.998714,-19.69294,378,test_05719,7,monkey,clean
-6.161385,3.1082735,379,test_05729,6,horse,clean
50.258648,9.729094,380,test_05756,2,car,clean
40.912308,-10.960289,381,test_05788,9,truck,clean
-21.371897,9.131701,382,test_05789,4,deer,clean
38.69705,12.529232,383,test_05824,2,car,clean
-53.56366,-1.3079714,384,test_05848,7,monkey,clean
47.322712,-15.835813,385,test_05851,9,truck,clean
-10.0621605,-16.102945,386,test_05857,6,horse,clean
-23.41658,-1.3903776,387,test_05858,6,horse,clean
20.369562,12.727576,388,test_05912,0,airplane,clean
38.060596,-5.417265,389,test_05915,9,truck,clean
21.745567,14.167129,390,test_05918,0,airplane,clean
-16.32452,20.643585,391,test_05924,5,dog,clean
-43.87208,-19.52088,392,test_05977,7,monkey,clean
52.109356,-14.990479,393,test_05981,9,truck,clean
26.852636,20.186499,394,test_05999,0,airplane,clean
45.527027,13.286659,395,test_06028,2,car,clean
-24.206938,9.318619,396,test_06033,4,deer,clean
-22.185019,-33.854076,397,test_06076,1,bird,clean
-44.12262,-20.374626,398,test_06084,7,monkey,clean
-19.95963,5.5858417,399,test_06097,4,deer,clean
-8.159483,-26.044508,400,test_06169,1,bird,clean
-50.6204,-3.9322066,401,test_06190,7,monkey,clean
-18.20696,21.391718,402,test_06224,5,dog,clean
46.186234,10.820603,403,test_06244,2,car,clean
47.00737,7.8063774,404,test_06264,2,car,clean
54.20306,18.642298,405,test_06271,2,car,clean
-27.513927,3.7790608,406,test_06288,4,deer,clean
49.04707,2.6746354,407,test_06332,2,car,clean
-23.551332,-30.325048,408,test_06349,1,bird,clean
43.182953,14.934373,409,test_06354,2,car,clean
-14.780956,-1.7738838,410,test_06358,5,dog,clean
7.747943,0.46820155,411,test_06381,6,horse,clean
-5.6077156,28.794424,412,test_06414,5,dog,clean
48.893497,9.615753,413,test_06426,2,car,clean
72.77682,-0.5594197,414,test_06434,8,ship,clean
24.832985,15.037692,415,test_06437,0,airplane,clean
29.11588,5.7327647,416,test_06455,0,airplane,clean
-44.17323,9.101273,417,test_06490,3,cat,clean
48.451836,4.090956,418,test_06503,2,car,clean
-20.59752,2.982409,419,test_06508,4,deer,clean
-30.009096,-1.1127124,420,test_06528,4,deer,clean
-9.153095,-28.734463,421,test_06594,1,bird,clean
22.473528,5.1918783,422,test_06609,0,airplane,clean
43.368053,8.967117,423,test_06616,2,car,clean
-35.87053,-18.152542,424,test_06650,7,monkey,clean
63.59295,-9.4809475,425,test_06689,8,ship,clean
46.12634,6.2218657,426,test_06692,2,car,clean
6.15311,-0.10169359,427,test_06713,6,horse,clean
-18.465477,-6.0215836,428,test_06716,5,dog,clean
-44.149864,-10.7198715,429,test_06726,7,monkey,clean
-24.654121,-6.668683,430,test_06733,1,bird,clean
-34.475643,-12.6402445,431,test_06772,7,monkey,clean
-10.130856,-33.009422,432,test_06805,1,bird,clean
-18.227873,-25.36063,433,test_06836,1,bird,clean
19.658333,17.260626,434,test_06844,0,airplane,clean
-9.697846,16.507305,435,test_06922,5,dog,clean
30.273186,-8.795459,436,test_06931,9,truck,clean
-23.992268,-34.398144,437,test_06938,1,bird,clean
-36.401363,25.717825,438,test_06952,3,cat,clean
-30.462374,-28.157633,439,test_06954,1,bird,clean
26.47693,-2.6142821,440,test_06986,0,airplane,clean
-18.877047,27.597765,441,test_06989,5,dog,clean
29.567055,12.369871,442,test_07009,0,airplane,clean
-18.528973,-25.779335,443,test_07029,1,bird,clean
-24.380836,-29.844025,444,test_07033,1,bird,clean
-14.56251,-14.308309,445,test_07041,5,dog,clean
47.791527,-15.236202,446,test_07047,9,truck,clean
-42.764538,-21.502382,447,test_07081,7,monkey,clean
49.768295,11.005648,448,test_07084,2,car,clean
-10.440937,1.7435846,449,test_07108,6,horse,clean
-14.676986,26.48458,450,test_07130,5,dog,clean
64.43317,-7.508318,451,test_07138,8,ship,clean
22.745018,16.913689,452,test_07150,0,airplane,clean
-17.082085,-23.93778,453,test_07202,1,bird,clean
17.17747,17.115988,454,test_07262,0,airplane,clean
32.040787,-5.61163,455,test_07266,9,truck,clean
-39.72617,-14.935353,456,test_07270,7,monkey,clean
27.00917,16.4051,457,test_07309,0,airplane,clean
29.06511,18.207731,458,test_07320,0,airplane,clean
-1.3631454,-7.898735,459,test_07338,6,horse,clean
24.138134,16.415663,460,test_07372,0,airplane,clean
28.350794,15.853964,461,test_07373,0,airplane,clean
47.195786,-13.508328,462,test_07380,9,truck,clean
-15.403804,-36.405674,463,test_07390,1,bird,clean
-23.523518,-13.441708,464,test_07413,5,dog,clean
-19.712626,-10.901109,465,test_07416,3,cat,clean
50.11227,9.22461,466,test_07425,2,car,clean
64.38409,-3.3590517,467,test_07446,8,ship,clean
61.333237,-8.627805,468,test_07460,8,ship,clean
26.626135,17.23109,469,test_07465,0,airplane,clean
-13.478361,8.952051,470,test_07474,5,dog,clean
-20.6471,4.355045,471,test_07475,4,deer,clean
25.245289,-6.690104,472,test_07476,8,ship,clean
38.889454,-6.3172345,473,test_07544,9,truck,clean
4.6354685,2.9090354,474,test_07555,6,horse,clean
-2.082875,-0.21764211,475,test_07600,6,horse,clean
-27.580935,4.4309425,476,test_07610,4,deer,clean
22.885992,15.724098,477,test_07634,0,airplane,clean
-29.325125,14.480175,478,test_07692,4,deer,clean
-11.9282,7.1271396,479,test_07706,5,dog,clean
-5.707521,7.1733665,480,test_07726,6,horse,clean
-20.79836,-17.88463,481,test_07744,3,cat,clean
40.73638,-8.677865,482,test_07752,9,truck,clean
-15.396319,28.142391,483,test_07776,5,dog,clean
1.7530527,2.5036228,484,test_07779,6,horse,clean
-8.21778,11.751045,485,test_07781,6,horse,clean
-15.824445,-10.774906,486,test_07793,3,cat,clean
-41.54519,7.542708,487,test_07797,3,cat,clean
71.7149,-1.6183445,488,test_07810,8,ship,clean
73.50529,-11.337508,489,test_07818,8,ship,clean
-42.52015,-9.516918,490,test_07835,7,monkey,clean
-20.443314,6.899187,491,test_07864,4,deer,clean
70.34619,-1.0455314,492,test_07875,8,ship,clean
40.1113,-16.693714,493,test_07938,9,truck,clean
-25.714342,6.068759,494,test_07940,4,deer,clean
-25.435217,14.251984,495,test_07944,4,deer,clean
-24.574734,-36.141922,496,test_07955,1,bird,clean
46.58107,-5.2703614,497,test_07995,9,truck,clean
-2.4813788,-1.087994,498,test_07996,6,horse,clean
73.69098,-7.283891,499,test_07999,8,ship,clean
33.577206,-0.9432041,0,test_00003,0,airplane,patch_shuffle
-44.91641,-4.6773434,1,test_00029,7,monkey,patch_shuffle
46.90257,3.0326304,2,test_00035,2,car,patch_shuffle
20.912703,24.153301,3,test_00042,0,airplane,patch_shuffle
40.352924,9.791195,4,test_00049,2,car,patch_shuffle
29.85534,22.820192,5,test_00081,0,airplane,patch_shuffle
-22.926252,-36.300343,6,test_00095,1,bird,patch_shuffle
-24.774183,-12.332752,7,test_00097,5,dog,patch_shuffle
-10.583379,-24.039387,8,test_00116,1,bird,patch_shuffle
49.885303,-7.2134304,9,test_00131,9,truck,patch_shuffle
67.59215,-13.362101,10,test_00151,8,ship,patch_shuffle
-24.1878,7.8840446,11,test_00171,4,deer,patch_shuffle
-42.338497,13.619413,12,test_00176,3,cat,patch_shuffle
46.349236,-3.678072,13,test_00191,9,truck,patch_shuffle
68.01444,-9.879392,14,test_00194,8,ship,patch_shuffle
-30.626928,-32.26482,15,test_00198,1,bird,patch_shuffle
49.467102,-4.1679816,16,test_00239,9,truck,patch_shuffle
-10.461973,-33.88088,17,test_00261,1,bird,patch_shuffle
-37.86461,-8.40104,18,test_00269,7,monkey,patch_shuffle
40.205616,0.65599626,19,test_00276,9,truck,patch_shuffle
43.785282,-14.149409,20,test_00303,9,truck,patch_shuffle
-32.52808,-37.076984,21,test_00304,1,bird,patch_shuffle
42.795643,5.719473,22,test_00317,2,car,patch_shuffle
-14.251463,-8.1191225,23,test_00319,5,dog,patch_shuffle
-42.181595,-12.425192,24,test_00323,7,monkey,patch_shuffle
-37.60197,21.078089,25,test_00365,3,cat,patch_shuffle
-43.101414,-6.8995085,26,test_00370,7,monkey,patch_shuffle
-50.381348,17.55493,27,test_00372,3,cat,patch_shuffle
-20.01465,-13.503158,28,test_00378,5,dog,patch_shuffle
-38.966843,13.549247,29,test_00391,3,cat,patch_shuffle
51.211708,14.981713,30,test_00409,2,car,patch_shuffle
48.09752,-5.9265647,31,test_00419,9,truck,patch_shuffle
-8.375129,3.5145342,32,test_00449,6,horse,patch_shuffle
51.629734,17.935297,33,test_00470,2,car,patch_shuffle
37.778336,7.2557073,34,test_00483,2,car,patch_shuffle
26.400953,-4.4990163,35,test_00484,0,airplane,patch_shuffle
-31.894556,11.942417,36,test_00506,4,deer,patch_shuffle
6.5078645,3.1255107,37,test_00545,6,horse,patch_shuffle
21.84074,11.064916,38,test_00562,0,airplane,patch_shuffle
-21.075794,-14.3631,39,test_00568,5,dog,patch_shuffle
53.220924,-4.201511,40,test_00603,9,truck,patch_shuffle
-44.45109,14.2978525,41,test_00632,3,cat,patch_shuffle
-11.356612,15.393645,42,test_00645,5,dog,patch_shuffle
74.37462,-8.704225,43,test_00667,8,ship,patch_shuffle
-47.08948,9.001351,44,test_00672,3,cat,patch_shuffle
-41.01396,21.708538,45,test_00677,3,cat,patch_shuffle
-10.311643,22.105078,46,test_00685,5,dog,patch_shuffle
-34.00156,4.8469696,47,test_00691,4,deer,patch_shuffle
61.81129,-3.6212227,48,test_00706,8,ship,patch_shuffle
35.60874,5.478883,49,test_00714,2,car,patch_shuffle
70.014305,-15.135979,50,test_00716,8,ship,patch_shuffle
-1.843797,27.069721,51,test_00738,3,cat,patch_shuffle
69.822296,-11.360239,52,test_00739,8,ship,patch_shuffle
-8.7128935,-4.5546894,53,test_00766,4,deer,patch_shuffle
-42.97537,21.519888,54,test_00791,3,cat,patch_shuffle
38.142796,-9.693941,55,test_00805,9,truck,patch_shuffle
-12.306417,-33.48699,56,test_00825,1,bird,patch_shuffle
40.79438,-3.402283,57,test_00852,9,truck,patch_shuffle
-1.2097316,12.262895,58,test_00855,4,deer,patch_shuffle
-5.7455573,-15.382923,59,test_00873,6,horse,patch_shuffle
-5.7931848,1.8401338,60,test_00890,6,horse,patch_shuffle
-3.3817213,-10.053081,61,test_00920,6,horse,patch_shuffle
-3.017717,7.3238316,62,test_00929,6,horse,patch_shuffle
67.73249,-10.985237,63,test_00962,8,ship,patch_shuffle
1.9541427,-6.129559,64,test_00964,6,horse,patch_shuffle
-3.7647502,1.8137356,65,test_00977,6,horse,patch_shuffle
-42.12442,25.01971,66,test_00979,3,cat,patch_shuffle
41.142845,13.271198,67,test_00981,2,car,patch_shuffle
44.92214,-8.352399,68,test_01022,9,truck,patch_shuffle
-40.178623,-18.960537,69,test_01032,7,monkey,patch_shuffle
-43.35264,-1.1163491,70,test_01048,7,monkey,patch_shuffle
-12.580328,-32.986828,71,test_01090,1,bird,patch_shuffle
-11.47656,23.482922,72,test_01095,5,dog,patch_shuffle
-15.789306,-32.54207,73,test_01109,1,bird,patch_shuffle
-17.14052,4.863471,74,test_01111,4,deer,patch_shuffle
-25.959328,-25.304087,75,test_01115,1,bird,patch_shuffle
-28.125557,9.011463,76,test_01124,4,deer,patch_shuffle
64.71981,-14.288557,77,test_01129,8,ship,patch_shuffle
19.299215,20.200693,78,test_01175,0,airplane,patch_shuffle
38.40027,8.865435,79,test_01202,2,car,patch_shuffle
-45.650753,11.818427,80,test_01204,3,cat,patch_shuffle
-17.267036,1.5089824,81,test_01211,4,deer,patch_shuffle
-49.508957,-0.8264286,82,test_01220,7,monkey,patch_shuffle
-29.915194,-22.018944,83,test_01230,1,bird,patch_shuffle
74.15366,-13.266795,84,test_01247,8,ship,patch_shuffle
-35.528538,11.558928,85,test_01263,3,cat,patch_shuffle
-31.109644,9.02602,86,test_01266,4,deer,patch_shuffle
-48.723526,-1.817881,87,test_01287,7,monkey,patch_shuffle
-37.864822,-2.2955604,88,test_01296,7,monkey,patch_shuffle
-35.937176,22.355206,89,test_01370,3,cat,patch_shuffle
22.914001,20.093126,90,test_01389,0,airplane,patch_shuffle
-47.650974,19.362597,91,test_01401,3,cat,patch_shuffle
42.400345,10.34171,92,test_01403,2,car,patch_shuffle
52.416634,-10.124364,93,test_01411,9,truck,patch_shuffle
-26.835154,-2.152948,94,test_01429,4,deer,patch_shuffle
36.803516,-11.935212,95,test_01430,9,truck,patch_shuffle
-19.681417,-16.508528,96,test_01431,3,cat,patch_shuffle
-18.626245,-27.90072,97,test_01436,1,bird,patch_shuffle
-39.45669,-4.27301,98,test_01440,7,monkey,patch_shuffle
42.31732,-9.260551,99,test_01468,9,truck,patch_shuffle
-48.70084,-12.266657,100,test_01473,7,monkey,patch_shuffle
42.813263,-1.928489,101,test_01515,9,truck,patch_shuffle
55.17239,6.065769,102,test_01520,2,car,patch_shuffle
-25.782553,18.30678,103,test_01531,3,cat,patch_shuffle
10.030838,-4.1217604,104,test_01534,6,horse,patch_shuffle
-22.430532,21.01117,105,test_01552,5,dog,patch_shuffle
30.518883,8.051416,106,test_01553,0,airplane,patch_shuffle
-32.299725,-14.812627,107,test_01563,3,cat,patch_shuffle
-31.836065,-4.827127,108,test_01568,1,bird,patch_shuffle
-52.60729,-13.1119,109,test_01579,7,monkey,patch_shuffle
43.289978,12.770144,110,test_01586,2,car,patch_shuffle
24.174934,-3.386379,111,test_01596,0,airplane,patch_shuffle
-6.9556603,20.10834,112,test_01626,5,dog,patch_shuffle
66.56626,4.0638547,113,test_01640,8,ship,patch_shuffle
-14.827593,17.42499,114,test_01644,5,dog,patch_shuffle
21.99139,21.186329,115,test_01648,0,airplane,patch_shuffle
41.889187,-17.963015,116,test_01654,9,truck,patch_shuffle
9.81758,-3.6456997,117,test_01667,6,horse,patch_shuffle
-52.805176,1.4755366,118,test_01703,7,monkey,patch_shuffle
-53.165714,-13.808717,119,test_01711,7,monkey,patch_shuffle
-34.280308,-8.621011,120,test_01771,7,monkey,patch_shuffle
70.026375,0.13925038,121,test_01783,8,ship,patch_shuffle
45.508987,1.5931503,122,test_01814,2,car,patch_shuffle
71.474434,-12.469253,123,test_01833,8,ship,patch_shuffle
37.263,-0.065874025,124,test_01836,9,truck,patch_shuffle
46.860767,14.585614,125,test_01839,2,car,patch_shuffle
-20.780754,-31.014748,126,test_01852,1,bird,patch_shuffle
-22.08923,-4.7955246,127,test_01871,1,bird,patch_shuffle
-20.817726,19.008814,128,test_01877,5,dog,patch_shuffle
-34.227516,-14.718504,129,test_01884,7,monkey,patch_shuffle
-40.029068,-6.057453,130,test_01927,7,monkey,patch_shuffle
26.19064,-9.865479,131,test_01954,8,ship,patch_shuffle
-29.892939,-8.344933,132,test_01956,7,monkey,patch_shuffle
-22.056677,16.514576,133,test_01960,4,deer,patch_shuffle
20.483662,18.581856,134,test_01977,0,airplane,patch_shuffle
-25.645777,-6.9708123,135,test_01986,1,bird,patch_shuffle
-21.142923,-35.153828,136,test_01993,1,bird,patch_shuffle
-2.7985775,3.7334228,137,test_02003,6,horse,patch_shuffle
54.65028,-6.8255897,138,test_02011,9,truck,patch_shuffle
28.305473,4.1706867,139,test_02024,0,airplane,patch_shuffle
-50.786293,11.604338,140,test_02028,3,cat,patch_shuffle
48.437023,-10.018236,141,test_02062,9,truck,patch_shuffle
-28.411613,-36.1434,142,test_02070,1,bird,patch_shuffle
39.258694,5.2361426,143,test_02082,2,car,patch_shuffle
-30.066587,-28.934883,144,test_02095,1,bird,patch_shuffle
65.97721,1.495786,145,test_02109,8,ship,patch_shuffle
41.11186,-7.4238124,146,test_02114,9,truck,patch_shuffle
-47.451206,13.756962,147,test_02116,1,bird,patch_shuffle
-27.568733,-30.631453,148,test_02157,1,bird,patch_shuffle
35.186954,-2.5581584,149,test_02167,9,truck,patch_shuffle
-18.228796,-33.943554,150,test_02178,1,bird,patch_shuffle
74.04108,-2.9112747,151,test_02191,8,ship,patch_shuffle
66.332146,-7.0999594,152,test_02230,8,ship,patch_shuffle
26.264317,0.5919569,153,test_02242,0,airplane,patch_shuffle
-22.36242,22.622753,154,test_02265,5,dog,patch_shuffle
-20.544807,-12.745771,155,test_02268,5,dog,patch_shuffle
-46.938873,7.1175222,156,test_02291,3,cat,patch_shuffle
-16.695312,18.690468,157,test_02334,5,dog,patch_shuffle
68.574135,-11.535789,158,test_02340,8,ship,patch_shuffle
77.42287,-4.6234174,159,test_02342,8,ship,patch_shuffle
43.032368,-12.823324,160,test_02351,9,truck,patch_shuffle
-32.64802,16.936184,161,test_02391,5,dog,patch_shuffle
44.6813,2.0790093,162,test_02392,2,car,patch_shuffle
-22.120882,11.555701,163,test_02399,4,deer,patch_shuffle
33.14367,-8.005653,164,test_02414,9,truck,patch_shuffle
-16.977707,22.732437,165,test_02427,5,dog,patch_shuffle
-7.1880956,16.756887,166,test_02458,5,dog,patch_shuffle
-41.103848,-7.689367,167,test_02501,7,monkey,patch_shuffle
51.303257,20.915504,168,test_02502,2,car,patch_shuffle
-43.467995,12.283913,169,test_02536,3,cat,patch_shuffle
5.072006,29.346706,170,test_02539,3,cat,patch_shuffle
5.0740943,-10.18663,171,test_02610,6,horse,patch_shuffle
-12.041575,-1.526397,172,test_02623,5,dog,patch_shuffle
47.29509,-8.43484,173,test_02655,9,truck,patch_shuffle
-45.288,-1.5229756,174,test_02668,7,monkey,patch_shuffle
5.881063,-2.8175516,175,test_02676,6,horse,patch_shuffle
-26.98809,-33.40863,176,test_02687,1,bird,patch_shuffle
-26.004185,-38.062817,177,test_02690,1,bird,patch_shuffle
-28.972757,10.89324,178,test_02704,4,deer,patch_shuffle
69.45055,-9.919137,179,test_02745,8,ship,patch_shuffle
-49.1245,-8.744039,180,test_02746,7,monkey,patch_shuffle
28.859213,-0.7990394,181,test_02750,0,airplane,patch_shuffle
-39.92131,10.446786,182,test_02754,3,cat,patch_shuffle
-17.483541,14.495229,183,test_02757,4,deer,patch_shuffle
-23.782814,-15.570369,184,test_02766,5,dog,patch_shuffle
-34.9615,-2.1378193,185,test_02807,5,dog,patch_shuffle
66.586624,-1.9698128,186,test_02844,8,ship,patch_shuffle
-46.913433,-1.851477,187,test_02854,7,monkey,patch_shuffle
-46.23808,20.42674,188,test_02861,3,cat,patch_shuffle
28.731209,14.143657,189,test_02888,0,airplane,patch_shuffle
-17.061012,6.156084,190,test_02898,4,deer,patch_shuffle
-2.1640503,17.936678,191,test_02950,5,dog,patch_shuffle
-3.597881,-2.760397,192,test_02958,6,horse,patch_shuffle
66.843796,-9.024168,193,test_03015,8,ship,patch_shuffle
41.133728,6.584407,194,test_03024,2,car,patch_shuffle
17.933302,8.757935,195,test_03025,0,airplane,patch_shuffle
-16.774563,12.458159,196,test_03034,4,deer,patch_shuffle
45.371918,2.646808,197,test_03067,2,car,patch_shuffle
-29.738396,7.2547283,198,test_03078,4,deer,patch_shuffle
-20.79128,-25.263805,199,test_03079,1,bird,patch_shuffle
23.163906,-2.7440372,200,test_03083,0,airplane,patch_shuffle
-32.05463,6.455377,201,test_03122,4,deer,patch_shuffle
-45.74975,-1.2340012,202,test_03153,7,monkey,patch_shuffle
68.10412,-8.906494,203,test_03157,8,ship,patch_shuffle
43.727146,5.5897126,204,test_03163,2,car,patch_shuffle
-21.319925,0.19620532,205,test_03179,4,deer,patch_shuffle
4.195127,1.3662813,206,test_03191,6,horse,patch_shuffle
-38.426834,6.5741444,207,test_03276,3,cat,patch_shuffle
-24.333492,3.5766416,208,test_03287,4,deer,patch_shuffle
-48.924843,-0.6367971,209,test_03288,7,monkey,patch_shuffle
3.528029,-2.3170967,210,test_03292,6,horse,patch_shuffle
36.81923,-17.811083,211,test_03318,9,truck,patch_shuffle
15.641941,13.347848,212,test_03347,0,airplane,patch_shuffle
0.027015556,-15.710318,213,test_03353,5,dog,patch_shuffle
51.452934,20.325035,214,test_03362,2,car,patch_shuffle
-19.073914,-1.6551812,215,test_03365,4,deer,patch_shuffle
-25.639957,17.851496,216,test_03375,3,cat,patch_shuffle
-39.94073,7.12829,217,test_03383,3,cat,patch_shuffle
-42.30304,-6.59057,218,test_03404,7,monkey,patch_shuffle
75.51656,-6.661081,219,test_03412,8,ship,patch_shuffle
-24.943628,-31.982895,220,test_03413,1,bird,patch_shuffle
-5.158881,-3.445155,221,test_03418,6,horse,patch_shuffle
29.202505,-2.908444,222,test_03437,0,airplane,patch_shuffle
-38.51536,-0.36563316,223,test_03446,7,monkey,patch_shuffle
54.14689,11.987224,224,test_03454,2,car,patch_shuffle
19.13876,14.187889,225,test_03455,0,airplane,patch_shuffle
-15.272353,5.573907,226,test_03458,4,deer,patch_shuffle
-37.05869,-5.2377768,227,test_03467,7,monkey,patch_shuffle
-21.485329,-31.031366,228,test_03491,1,bird,patch_shuffle
0.4893825,3.8499687,229,test_03494,6,horse,patch_shuffle
-26.051065,9.030615,230,test_03512,4,deer,patch_shuffle
-5.1223946,13.062681,231,test_03515,6,horse,patch_shuffle
-42.150604,-2.1186705,232,test_03542,7,monkey,patch_shuffle
-5.14595,-22.021946,233,test_03550,1,bird,patch_shuffle
-34.591045,6.773394,234,test_03562,3,cat,patch_shuffle
43.561314,6.7402706,235,test_03755,2,car,patch_shuffle
-21.934624,6.9095917,236,test_03763,4,deer,patch_shuffle
-15.14872,2.2876685,237,test_03777,6,horse,patch_shuffle
-5.926354,24.654303,238,test_03778,3,cat,patch_shuffle
-3.351064,-9.733466,239,test_03779,6,horse,patch_shuffle
-7.907386,1.0135086,240,test_03844,6,horse,patch_shuffle
-18.640663,-13.69724,241,test_03851,3,cat,patch_shuffle
3.597302,15.246662,242,test_03852,5,dog,patch_shuffle
-12.703318,24.741323,243,test_03863,5,dog,patch_shuffle
-39.563496,-6.7864294,244,test_03867,7,monkey,patch_shuffle
31.891077,-1.3804324,245,test_03876,0,airplane,patch_shuffle
-16.723423,-16.977287,246,test_03889,5,dog,patch_shuffle
-35.802464,1.1900189,247,test_03891,4,deer,patch_shuffle
43.85114,-4.562208,248,test_03893,9,truck,patch_shuffle
63.119133,-0.25323057,249,test_03905,8,ship,patch_shuffle
-41.898876,9.627344,250,test_03914,3,cat,patch_shuffle
-20.006804,-38.78661,251,test_03937,1,bird,patch_shuffle
36.6548,-2.7571452,252,test_03942,9,truck,patch_shuffle
64.30756,-5.0996537,253,test_03948,8,ship,patch_shuffle
-11.061652,14.04069,254,test_03962,6,horse,patch_shuffle
21.027134,20.626791,255,test_03965,0,airplane,patch_shuffle
-33.503246,1.0761367,256,test_03994,4,deer,patch_shuffle
55.31306,-1.1589457,257,test_03996,9,truck,patch_shuffle
-1.5055339,6.3517313,258,test_04011,6,horse,patch_shuffle
-35.79468,9.237804,259,test_04023,3,cat,patch_shuffle
-18.85909,8.401921,260,test_04054,4,deer,patch_shuffle
53.410023,8.783368,261,test_04065,2,car,patch_shuffle
30.312773,-5.672019,262,test_04069,8,ship,patch_shuffle
2.6034408,-5.9680786,263,test_04093,6,horse,patch_shuffle
51.470467,-9.490611,264,test_04094,9,truck,patch_shuffle
-7.3034234,-11.498516,265,test_04106,5,dog,patch_shuffle
23.62301,21.045988,266,test_04130,0,airplane,patch_shuffle
-39.79125,20.054638,267,test_04168,3,cat,patch_shuffle
64.60312,-11.34295,268,test_04170,8,ship,patch_shuffle
-48.589912,-1.8096265,269,test_04172,7,monkey,patch_shuffle
66.81849,-12.344639,270,test_04177,8,ship,patch_shuffle
-34.74409,-32.155342,271,test_04215,3,cat,patch_shuffle
-45.583645,16.171423,272,test_04229,3,cat,patch_shuffle
-46.358418,-20.06375,273,test_04236,7,monkey,patch_shuffle
69.919975,-10.683467,274,test_04242,8,ship,patch_shuffle
-8.933719,8.527758,275,test_04254,6,horse,patch_shuffle
-32.471764,16.609905,276,test_04290,5,dog,patch_shuffle
-26.339632,-32.725494,277,test_04298,1,bird,patch_shuffle
-39.05151,-11.004315,278,test_04308,7,monkey,patch_shuffle
71.792885,-4.0568895,279,test_04311,8,ship,patch_shuffle
-2.4142513,22.407618,280,test_04323,3,cat,patch_shuffle
-36.743263,3.3218935,281,test_04330,3,cat,patch_shuffle
-3.8802006,1.9807748,282,test_04341,6,horse,patch_shuffle
56.967266,-11.102636,283,test_04355,8,ship,patch_shuffle
25.038658,24.369083,284,test_04399,0,airplane,patch_shuffle
-41.316696,-5.013769,285,test_04403,7,monkey,patch_shuffle
3.5996213,6.390892,286,test_04411,6,horse,patch_shuffle
38.306034,-2.5494986,287,test_04449,9,truck,patch_shuffle
-47.2472,16.172375,288,test_04463,3,cat,patch_shuffle
-34.690567,10.611969,289,test_04531,3,cat,patch_shuffle
14.93381,15.035478,290,test_04539,0,airplane,patch_shuffle
-15.427094,-7.93783,291,test_04547,5,dog,patch_shuffle
67.14664,-9.443187,292,test_04552,8,ship,patch_shuffle
-15.894974,18.358442,293,test_04570,5,dog,patch_shuffle
-43.311047,18.66092,294,test_04590,3,cat,patch_shuffle
-44.378174,3.9407976,295,test_04609,3,cat,patch_shuffle
20.181244,21.287024,296,test_04615,0,airplane,patch_shuffle
15.866039,19.615267,297,test_04617,0,airplane,patch_shuffle
1.3254284,4.3941016,298,test_04620,6,horse,patch_shuffle
-32.179825,3.7961972,299,test_04629,4,deer,patch_shuffle
-18.518158,-30.28148,300,test_04640,1,bird,patch_shuffle
-26.644335,11.987999,301,test_04642,4,deer,patch_shuffle
-47.444294,-6.175678,302,test_04661,7,monkey,patch_shuffle
69.06317,-2.8977554,303,test_04662,8,ship,patch_shuffle
22.049065,21.908548,304,test_04675,0,airplane,patch_shuffle
66.15684,-10.88796,305,test_04676,8,ship,patch_shuffle
-48.282246,-9.939558,306,test_04704,7,monkey,patch_shuffle
36.17039,-7.631279,307,test_04723,9,truck,patch_shuffle
-6.7732134,-0.92606646,308,test_04731,6,horse,patch_shuffle
46.293022,0.11879024,309,test_04735,2,car,patch_shuffle
-18.049822,4.293028,310,test_04740,4,deer,patch_shuffle
-6.3572445,11.029353,311,test_04746,6,horse,patch_shuffle
-46.58994,-16.558596,312,test_04748,7,monkey,patch_shuffle
-6.610724,5.2094336,313,test_04754,6,horse,patch_shuffle
26.765211,13.178167,314,test_04785,0,airplane,patch_shuffle
-43.018887,-3.8637357,315,test_04791,7,monkey,patch_shuffle
15.783603,18.817354,316,test_04819,0,airplane,patch_shuffle
-38.06301,16.544914,317,test_04821,3,cat,patch_shuffle
-0.2081497,1.72511,318,test_04827,6,horse,patch_shuffle
-10.710911,20.00954,319,test_04850,5,dog,patch_shuffle
-40.136875,2.952885,320,test_04881,3,cat,patch_shuffle
17.716986,20.909359,321,test_04893,0,airplane,patch_shuffle
-41.169697,15.736215,322,test_04908,3,cat,patch_shuffle
44.17356,4.5703187,323,test_04913,2,car,patch_shuffle
41.640003,3.8853369,324,test_04921,2,car,patch_shuffle
-13.5306835,-5.7572265,325,test_04953,5,dog,patch_shuffle
-11.08803,-9.556553,326,test_04966,5,dog,patch_shuffle
63.612816,-13.328961,327,test_04990,8,ship,patch_shuffle
62.383503,-18.72155,328,test_05000,8,ship,patch_shuffle
51.488564,19.047812,329,test_05030,2,car,patch_shuffle
-20.969902,15.270652,330,test_05062,4,deer,patch_shuffle
-23.861174,2.0562925,331,test_05077,4,deer,patch_shuffle
-2.5054069,-2.9796963,332,test_05082,6,horse,patch_shuffle
-21.315187,-26.77757,333,test_05092,1,bird,patch_shuffle
-10.110502,28.687239,334,test_05101,5,dog,patch_shuffle
18.486038,16.396559,335,test_05117,0,airplane,patch_shuffle
-13.56435,-30.051455,336,test_05123,1,bird,patch_shuffle
-30.116848,1.5376738,337,test_05135,4,deer,patch_shuffle
52.797295,18.549644,338,test_05183,2,car,patch_shuffle
-17.284225,7.8493423,339,test_05213,4,deer,patch_shuffle
52.200302,19.122461,340,test_05218,2,car,patch_shuffle
-36.3648,-26.39697,341,test_05220,1,bird,patch_shuffle
43.67662,4.4616613,342,test_05237,2,car,patch_shuffle
-21.210361,-39.61518,343,test_05256,1,bird,patch_shuffle
39.061977,-13.960609,344,test_05284,9,truck,patch_shuffle
50.43261,-1.8719087,345,test_05301,9,truck,patch_shuffle
38.612938,2.680985,346,test_05318,2,car,patch_shuffle
-11.508961,11.244594,347,test_05332,5,dog,patch_shuffle
41.78448,12.066719,348,test_05333,2,car,patch_shuffle
40.262856,-4.671894,349,test_05360,9,truck,patch_shuffle
-10.519746,4.9355054,350,test_05381,5,dog,patch_shuffle
8.6600065,2.308514,351,test_05382,6,horse,patch_shuffle
41.40944,10.9728365,352,test_05395,2,car,patch_shuffle
-18.670885,6.194411,353,test_05402,4,deer,patch_shuffle
-14.77913,13.44915,354,test_05408,6,horse,patch_shuffle
-51.641373,-0.9323379,355,test_05436,7,monkey,patch_shuffle
46.019905,-11.1598015,356,test_05447,9,truck,patch_shuffle
-44.443016,-15.689939,357,test_05450,7,monkey,patch_shuffle
73.28704,-5.1187997,358,test_05451,8,ship,patch_shuffle
54.534016,-7.0605655,359,test_05452,9,truck,patch_shuffle
-17.328886,2.7533724,360,test_05467,4,deer,patch_shuffle
29.488935,3.8396091,361,test_05478,0,airplane,patch_shuffle
-52.532852,-9.171499,362,test_05488,1,bird,patch_shuffle
-11.954302,31.722855,363,test_05496,5,dog,patch_shuffle
48.07522,-9.057731,364,test_05508,9,truck,patch_shuffle
35.719845,-18.303158,365,test_05512,2,car,patch_shuffle
67.63044,1.6240587,366,test_05525,8,ship,patch_shuffle
-0.6696033,21.111904,367,test_05528,3,cat,patch_shuffle
-16.092237,3.9188516,368,test_05556,4,deer,patch_shuffle
10.913475,-17.663681,369,test_05560,1,bird,patch_shuffle
31.959244,-13.334529,370,test_05572,9,truck,patch_shuffle
-3.4958055,6.1253476,371,test_05580,6,horse,patch_shuffle
54.578022,-11.222686,372,test_05590,9,truck,patch_shuffle
-19.562832,9.8055315,373,test_05623,4,deer,patch_shuffle
43.062614,11.930021,374,test_05677,2,car,patch_shuffle
63.17025,-1.3175848,375,test_05694,8,ship,patch_shuffle
-48.30832,24.63017,376,test_05701,5,dog,patch_shuffle
69.748924,-4.330741,377,test_05705,8,ship,patch_shuffle
-43.615562,-18.863556,378,test_05719,7,monkey,patch_shuffle
-5.125297,3.5852933,379,test_05729,6,horse,patch_shuffle
49.048584,14.121625,380,test_05756,2,car,patch_shuffle
41.71527,-10.637402,381,test_05788,9,truck,patch_shuffle
-20.043993,10.803846,382,test_05789,4,deer,patch_shuffle
38.119106,12.433404,383,test_05824,2,car,patch_shuffle
-50.77869,0.19234246,384,test_05848,7,monkey,patch_shuffle
44.108368,-14.887785,385,test_05851,9,truck,patch_shuffle
-10.078729,-16.101738,386,test_05857,6,horse,patch_shuffle
-24.012962,-1.6757191,387,test_05858,6,horse,patch_shuffle
19.70748,12.309654,388,test_05912,0,airplane,patch_shuffle
37.778233,-4.552804,389,test_05915,9,truck,patch_shuffle
22.305487,10.179805,390,test_05918,0,airplane,patch_shuffle
-15.660856,20.13031,391,test_05924,5,dog,patch_shuffle
-42.49288,-18.693361,392,test_05977,7,monkey,patch_shuffle
52.539886,-15.380062,393,test_05981,9,truck,patch_shuffle
26.98368,20.322477,394,test_05999,0,airplane,patch_shuffle
45.279312,14.322121,395,test_06028,2,car,patch_shuffle
-24.195522,9.808501,396,test_06033,4,deer,patch_shuffle
-21.50732,-33.54484,397,test_06076,1,bird,patch_shuffle
-39.34167,-19.773294,398,test_06084,7,monkey,patch_shuffle
-18.274128,5.6803155,399,test_06097,4,deer,patch_shuffle
-8.142173,-25.932907,400,test_06169,1,bird,patch_shuffle
-47.40277,-0.5407904,401,test_06190,7,monkey,patch_shuffle
-18.78286,21.606281,402,test_06224,5,dog,patch_shuffle
42.45933,-1.0842451,403,test_06244,2,car,patch_shuffle
41.328594,1.9924597,404,test_06264,2,car,patch_shuffle
52.80078,17.35628,405,test_06271,2,car,patch_shuffle
-28.06043,2.4438818,406,test_06288,4,deer,patch_shuffle
47.88253,1.1197966,407,test_06332,2,car,patch_shuffle
-23.251814,-29.644539,408,test_06349,1,bird,patch_shuffle
42.620583,15.2402525,409,test_06354,2,car,patch_shuffle
-14.802571,-1.7854434,410,test_06358,5,dog,patch_shuffle
7.7451806,0.021020945,411,test_06381,6,horse,patch_shuffle
-5.6203127,28.800905,412,test_06414,5,dog,patch_shuffle
47.872437,14.443328,413,test_06426,2,car,patch_shuffle
73.85689,-0.11066668,414,test_06434,8,ship,patch_shuffle
23.402924,11.882173,415,test_06437,0,airplane,patch_shuffle
29.299229,5.5523686,416,test_06455,0,airplane,patch_shuffle
-44.170155,9.048323,417,test_06490,3,cat,patch_shuffle
40.580456,7.3705497,418,test_06503,2,car,patch_shuffle
-20.21139,2.450721,419,test_06508,4,deer,patch_shuffle
-30.063616,-1.2302927,420,test_06528,4,deer,patch_shuffle
-9.128563,-28.714216,421,test_06594,1,bird,patch_shuffle
22.586477,4.979802,422,test_06609,0,airplane,patch_shuffle
42.60702,8.664437,423,test_06616,2,car,patch_shuffle
-35.768898,-18.188066,424,test_06650,7,monkey,patch_shuffle
64.47718,-11.135312,425,test_06689,8,ship,patch_shuffle
40.47332,6.18333,426,test_06692,2,car,patch_shuffle
5.969383,-0.35422894,427,test_06713,6,horse,patch_shuffle
-18.474943,-6.0169997,428,test_06716,5,dog,patch_shuffle
-41.661465,-1.1672977,429,test_06726,7,monkey,patch_shuffle
-24.805197,-6.0093346,430,test_06733,1,bird,patch_shuffle
-34.417873,-12.620377,431,test_06772,7,monkey,patch_shuffle
-11.357607,-34.10439,432,test_06805,1,bird,patch_shuffle
-20.866663,-24.519901,433,test_06836,1,bird,patch_shuffle
18.350336,18.51599,434,test_06844,0,airplane,patch_shuffle
-9.668993,16.22703,435,test_06922,5,dog,patch_shuffle
30.133772,-8.777116,436,test_06931,9,truck,patch_shuffle
-25.33737,-34.798267,437,test_06938,1,bird,patch_shuffle
-36.36447,25.756172,438,test_06952,3,cat,patch_shuffle
-30.759007,-28.174286,439,test_06954,1,bird,patch_shuffle
26.5406,-2.4141808,440,test_06986,0,airplane,patch_shuffle
-18.87613,27.59204,441,test_06989,5,dog,patch_shuffle
29.845966,11.569429,442,test_07009,0,airplane,patch_shuffle
-19.986502,-25.481737,443,test_07029,1,bird,patch_shuffle
-24.829258,-29.018229,444,test_07033,1,bird,patch_shuffle
-14.540745,-14.314162,445,test_07041,5,dog,patch_shuffle
42.758007,-11.404528,446,test_07047,9,truck,patch_shuffle
-42.22435,-22.290693,447,test_07081,7,monkey,patch_shuffle
49.982887,12.012007,448,test_07084,2,car,patch_shuffle
-10.963564,1.7151841,449,test_07108,6,horse,patch_shuffle
-14.752335,25.98354,450,test_07130,5,dog,patch_shuffle
66.45151,-13.222339,451,test_07138,8,ship,patch_shuffle
20.208641,20.447031,452,test_07150,0,airplane,patch_shuffle
-17.022528,-23.79634,453,test_07202,1,bird,patch_shuffle
17.26761,18.306396,454,test_07262,0,airplane,patch_shuffle
32.113194,-5.608805,455,test_07266,9,truck,patch_shuffle
-39.687344,-14.929954,456,test_07270,7,monkey,patch_shuffle
29.712538,10.631659,457,test_07309,0,airplane,patch_shuffle
29.570616,18.313866,458,test_07320,0,airplane,patch_shuffle
-1.4324154,-9.327318,459,test_07338,6,horse,patch_shuffle
21.619637,19.34628,460,test_07372,0,airplane,patch_shuffle
29.917147,15.337459,461,test_07373,0,airplane,patch_shuffle
44.983665,-0.25124508,462,test_07380,9,truck,patch_shuffle
-15.325722,-36.092457,463,test_07390,1,bird,patch_shuffle
-25.313667,-13.127658,464,test_07413,5,dog,patch_shuffle
-19.559528,-10.722929,465,test_07416,3,cat,patch_shuffle
49.580517,12.814358,466,test_07425,2,car,patch_shuffle
62.821426,-3.197761,467,test_07446,8,ship,patch_shuffle
60.651432,-8.85344,468,test_07460,8,ship,patch_shuffle
18.48961,21.745092,469,test_07465,0,airplane,patch_shuffle
-13.492843,8.958671,470,test_07474,5,dog,patch_shuffle
-16.094048,2.3706484,471,test_07475,4,deer,patch_shuffle
25.281986,-6.660343,472,test_07476,8,ship,patch_shuffle
36.527233,-4.4164867,473,test_07544,9,truck,patch_shuffle
4.3051796,3.148774,474,test_07555,6,horse,patch_shuffle
-1.0590779,2.0189807,475,test_07600,6,horse,patch_shuffle
-28.39739,3.4440343,476,test_07610,4,deer,patch_shuffle
19.679195,19.408514,477,test_07634,0,airplane,patch_shuffle
-29.402737,14.529648,478,test_07692,4,deer,patch_shuffle
-11.903151,7.1066504,479,test_07706,5,dog,patch_shuffle
-5.7699137,7.140219,480,test_07726,6,horse,patch_shuffle
-20.748766,-17.974632,481,test_07744,3,cat,patch_shuffle
41.247807,-9.058777,482,test_07752,9,truck,patch_shuffle
-15.453975,28.429123,483,test_07776,5,dog,patch_shuffle
1.6133015,2.862222,484,test_07779,6,horse,patch_shuffle
-8.42594,11.998685,485,test_07781,6,horse,patch_shuffle
-15.790111,-10.735095,486,test_07793,3,cat,patch_shuffle
-41.908375,6.2933674,487,test_07797,3,cat,patch_shuffle
72.29924,-1.8216066,488,test_07810,8,ship,patch_shuffle
61.751232,-6.08631,489,test_07818,8,ship,patch_shuffle
-40.861893,-3.9040024,490,test_07835,7,monkey,patch_shuffle
-19.23085,8.639738,491,test_07864,4,deer,patch_shuffle
59.657913,-3.9968631,492,test_07875,8,ship,patch_shuffle
42.882954,-2.4880433,493,test_07938,9,truck,patch_shuffle
-25.323704,0.78045315,494,test_07940,4,deer,patch_shuffle
-25.430029,14.321341,495,test_07944,4,deer,patch_shuffle
-26.427813,-36.3927,496,test_07955,1,bird,patch_shuffle
45.82418,-1.3030939,497,test_07995,9,truck,patch_shuffle
-4.823225,3.989286,498,test_07996,6,horse,patch_shuffle
75.20415,-5.37006,499,test_07999,8,ship,patch_shuffle
