identifier,dataset_index,label,prediction,class_name,unknown_group,mls_unknownness
cifar100_test_00006,6,15,5,camel,near,-3.8492865562438965
cifar100_test_00017,17,97,3,wolf,near,-9.830217361450195
cifar100_test_00036,36,58,1,pickup_truck,near,-6.0829620361328125
cifar100_test_00047,47,58,1,pickup_truck,near,-6.6670379638671875
cifar100_test_00058,58,42,3,leopard,near,-8.008475303649902
cifar100_test_00062,62,15,7,camel,near,-7.782089710235596
cifar100_test_00085,85,89,9,tractor,near,-4.871232509613037
cifar100_test_00094,94,13,9,bus,near,-10.638842582702637
cifar100_test_00149,149,58,1,pickup_truck,near,-9.4983549118042
cifar100_test_00150,150,58,9,pickup_truck,near,-9.627424240112305
cifar100_test_00156,156,58,9,pickup_truck,near,-8.357912063598633
cifar100_test_00193,193,13,9,bus,near,-9.75599479675293
cifar100_test_00196,196,58,9,pickup_truck,near,-4.901134967803955
cifar100_test_00214,214,97,3,wolf,near,-9.057343482971191
cifar100_test_00230,230,89,8,tractor,near,-3.3367490768432617
cifar100_test_00242,242,34,7,fox,near,-6.520500659942627
cifar100_test_00255,255,97,3,wolf,near,-8.463478088378906
cifar100_test_00256,256,58,9,pickup_truck,near,-8.131396293640137
cifar100_test_00259,259,42,3,leopard,near,-5.799331188201904
cifar100_test_00262,262,89,9,tractor,near,-5.716100215911865
cifar100_test_00274,274,42,2,leopard,near,-4.256926536560059
cifar100_test_00283,283,89,9,tractor,near,-10.009673118591309
cifar100_test_00288,288,42,4,leopard,near,-5.037981986999512
cifar100_test_00299,299,89,1,tractor,near,-7.186665058135986
cifar100_test_00313,313,42,3,leopard,near,-6.9855146408081055
cifar100_test_00317,317,15,5,camel,near,-5.299377918243408
cifar100_test_00321,321,89,9,tractor,near,-7.880248546600342
cifar100_test_00338,338,34,5,fox,near,-7.860313415527344
cifar100_test_00351,351,34,3,fox,near,-10.45144271850586
cifar100_test_00353,353,58,1,pickup_truck,near,-10.162927627563477
cifar100_test_00354,354,48,6,motorcycle,near,-4.264581680297852
cifar100_test_00366,366,89,3,tractor,near,-7.818615913391113
cifar100_test_00409,409,89,9,tractor,near,-5.434010982513428
cifar100_test_00425,425,42,6,leopard,near,-5.062264442443848
cifar100_test_00460,460,58,1,pickup_truck,near,-9.911004066467285
cifar100_test_00471,471,97,5,wolf,near,-6.039797306060791
cifar100_test_00477,477,42,3,leopard,near,-7.770271301269531
cifar100_test_00498,498,89,8,tractor,near,-2.485201120376587
cifar100_test_00507,507,58,1,pickup_truck,near,-6.358191967010498
cifar100_test_00540,540,15,5,camel,near,-5.269071578979492
cifar100_test_00555,555,42,3,leopard,near,-9.404621124267578
cifar100_test_00578,578,58,1,pickup_truck,near,-9.528033256530762
cifar100_test_00615,615,48,3,motorcycle,near,-3.6545701026916504
cifar100_test_00619,619,13,1,bus,near,-8.601648330688477
cifar100_test_00626,626,48,0,motorcycle,near,-5.358736038208008
cifar100_test_00632,632,97,5,wolf,near,-7.288669586181641
cifar100_test_00650,650,15,2,camel,near,-7.932243347167969
cifar100_test_00652,652,89,9,tractor,near,-8.387259483337402
cifar100_test_00653,653,97,3,wolf,near,-7.038816452026367
cifar100_test_00669,669,34,5,fox,near,-5.911550045013428
cifar100_test_00684,684,97,5,wolf,near,-5.616899013519287
cifar100_test_00702,702,42,3,leopard,near,-3.601382255554199
cifar100_test_00712,712,97,5,wolf,near,-6.928347587585449
cifar100_test_00717,717,15,7,camel,near,-6.39640474319458
cifar100_test_00720,720,97,5,wolf,near,-11.200719833374023
cifar100_test_00751,751,15,2,camel,near,-3.535595655441284
cifar100_test_00752,752,48,9,motorcycle,near,-5.184204578399658
cifar100_test_00766,766,13,9,bus,near,-10.016329765319824
cifar100_test_00769,769,15,0,camel,near,-6.665600299835205
cifar100_test_00790,790,48,1,motorcycle,near,-6.358097076416016
cifar100_test_00796,796,58,9,pickup_truck,near,-10.530854225158691
cifar100_test_00803,803,58,1,pickup_truck,near,-8.95580768585205
cifar100_test_00809,809,97,5,wolf,near,-10.00688362121582
cifar100_test_00811,811,15,2,camel,near,-8.207029342651367
cifar100_test_00822,822,13,9,bus,near,-9.577893257141113
cifar100_test_00897,897,97,3,wolf,near,-6.914196968078613
cifar100_test_00900,900,15,4,camel,near,-4.67360258102417
cifar100_test_00902,902,15,7,camel,near,-6.9893107414245605
cifar100_test_00915,915,15,5,camel,near,-5.430128574371338
cifar100_test_00921,921,89,9,tractor,near,-8.481610298156738
cifar100_test_00923,923,48,1,motorcycle,near,-5.23015832901001
cifar100_test_00939,939,97,3,wolf,near,-7.81170654296875
cifar100_test_00945,945,42,6,leopard,near,-6.597548484802246
cifar100_test_00952,952,42,3,leopard,near,-5.601593494415283
cifar100_test_00957,957,13,9,bus,near,-7.964510440826416
cifar100_test_00959,959,34,5,fox,near,-9.728618621826172
cifar100_test_00969,969,34,3,fox,near,-6.600848197937012
cifar100_test_00992,992,15,3,camel,near,-4.210138320922852
cifar100_test_00995,995,89,9,tractor,near,-7.093728542327881
cifar100_test_01023,1023,48,9,motorcycle,near,-6.628982067108154
cifar100_test_01026,1026,97,5,wolf,near,-8.449933052062988
cifar100_test_01034,1034,13,9,bus,near,-10.112475395202637
cifar100_test_01060,1060,15,7,camel,near,-7.866588592529297
cifar100_test_01081,1081,89,9,tractor,near,-7.571447849273682
cifar100_test_01084,1084,42,4,leopard,near,-5.602989196777344
cifar100_test_01085,1085,15,5,camel,near,-6.25667142868042
cifar100_test_01096,1096,48,3,motorcycle,near,-4.112838268280029
cifar100_test_01133,1133,34,4,fox,near,-8.563969612121582
cifar100_test_01143,1143,13,9,bus,near,-6.50915002822876
cifar100_test_01145,1145,58,1,pickup_truck,near,-7.406593322753906
cifar100_test_01155,1155,58,9,pickup_truck,near,-9.41455364227295
cifar100_test_01181,1181,89,3,tractor,near,-4.601678371429443
cifar100_test_01184,1184,15,7,camel,near,-7.469910621643066
cifar100_test_01212,1212,58,1,pickup_truck,near,-8.89783000946045
cifar100_test_01218,1218,48,1,motorcycle,near,-4.104660987854004
cifar100_test_01227,1227,34,5,fox,near,-5.607326507568359
cifar100_test_01260,1260,89,9,tractor,near,-8.941275596618652
cifar100_test_01261,1261,89,8,tractor,near,-5.761094570159912
cifar100_test_01271,1271,13,9,bus,near,-9.77700138092041
cifar100_test_01320,1320,34,5,fox,near,-7.91980504989624
cifar100_test_01321,1321,48,1,motorcycle,near,-8.333420753479004
cifar100_test_01324,1324,42,6,leopard,near,-6.10664701461792
cifar100_test_01327,1327,58,1,pickup_truck,near,-10.012519836425781
cifar100_test_01328,1328,42,5,leopard,near,-9.506237030029297
cifar100_test_01345,1345,97,3,wolf,near,-8.503170013427734
cifar100_test_01403,1403,34,5,fox,near,-5.358395099639893
cifar100_test_01404,1404,48,3,motorcycle,near,-6.737175464630127
cifar100_test_01423,1423,15,5,camel,near,-4.023238658905029
cifar100_test_01425,1425,34,4,fox,near,-8.128752708435059
cifar100_test_01427,1427,13,1,bus,near,-9.46280288696289
cifar100_test_01432,1432,34,5,fox,near,-8.7940034866333
cifar100_test_01445,1445,13,9,bus,near,-11.289640426635742
cifar100_test_01463,1463,48,1,motorcycle,near,-5.740170478820801
cifar100_test_01464,1464,48,9,motorcycle,near,-7.249260425567627
cifar100_test_01478,1478,13,9,bus,near,-9.202103614807129
cifar100_test_01489,1489,13,9,bus,near,-10.619719505310059
cifar100_test_01491,1491,58,1,pickup_truck,near,-10.028420448303223
cifar100_test_01498,1498,34,3,fox,near,-5.952447414398193
cifar100_test_01510,1510,15,4,camel,near,-6.796314716339111
cifar100_test_01519,1519,97,5,wolf,near,-10.121541023254395
cifar100_test_01568,1568,58,1,pickup_truck,near,-7.691136837005615
cifar100_test_01570,1570,42,3,leopard,near,-6.838226318359375
cifar100_test_01572,1572,15,4,camel,near,-8.544317245483398
cifar100_test_01573,1573,15,0,camel,near,-5.441293239593506
cifar100_test_01588,1588,15,5,camel,near,-4.70261812210083
cifar100_test_01607,1607,42,6,leopard,near,-5.6246113777160645
cifar100_test_01616,1616,13,7,bus,near,-5.816371440887451
cifar100_test_01620,1620,42,3,leopard,near,-5.117100715637207
cifar100_test_01645,1645,34,4,fox,near,-5.233330249786377
cifar100_test_01662,1662,13,9,bus,near,-8.865778923034668
cifar100_test_01671,1671,48,1,motorcycle,near,-3.820441246032715
cifar100_test_01687,1687,15,7,camel,near,-6.361924648284912
cifar100_test_01698,1698,34,4,fox,near,-8.983358383178711
cifar100_test_01752,1752,97,3,wolf,near,-8.435039520263672
cifar100_test_01753,1753,89,9,tractor,near,-7.858876705169678
cifar100_test_01771,1771,42,3,leopard,near,-7.650615215301514
cifar100_test_01783,1783,34,3,fox,near,-9.590985298156738
cifar100_test_01799,1799,34,3,fox,near,-7.598252773284912
cifar100_test_01812,1812,48,1,motorcycle,near,-5.0130534172058105
cifar100_test_01829,1829,48,1,motorcycle,near,-6.02095365524292
cifar100_test_01843,1843,42,4,leopard,near,-8.240437507629395
cifar100_test_01864,1864,89,9,tractor,near,-3.010981559753418
cifar100_test_01881,1881,89,4,tractor,near,-4.129148006439209
cifar100_test_01882,1882,15,5,camel,near,-10.081998825073242
cifar100_test_01889,1889,13,0,bus,near,-4.400462627410889
cifar100_test_01913,1913,58,9,pickup_truck,near,-8.489909172058105
cifar100_test_01937,1937,97,3,wolf,near,-7.62691593170166
cifar100_test_01976,1976,89,9,tractor,near,-6.327731609344482
cifar100_test_01985,1985,13,1,bus,near,-10.424574851989746
cifar100_test_01994,1994,42,6,leopard,near,-8.367431640625
cifar100_test_02012,2012,58,9,pickup_truck,near,-7.614692687988281
cifar100_test_02019,2019,13,1,bus,near,-9.173439979553223
cifar100_test_02029,2029,89,9,tractor,near,-4.082360744476318
cifar100_test_02033,2033,48,9,motorcycle,near,-7.704097270965576
cifar100_test_02051,2051,15,7,camel,near,-7.553789138793945
cifar100_test_02064,2064,97,5,wolf,near,-6.795469284057617
cifar100_test_02066,2066,48,0,motorcycle,near,-3.351557493209839
cifar100_test_02072,2072,48,0,motorcycle,near,-3.3692195415496826
cifar100_test_02082,2082,48,1,motorcycle,near,-9.752570152282715
cifar100_test_02100,2100,58,1,pickup_truck,near,-9.079487800598145
cifar100_test_02101,2101,89,8,tractor,near,-3.6528284549713135
cifar100_test_02102,2102,97,2,wolf,near,-10.402313232421875
cifar100_test_02123,2123,89,9,tractor,near,-7.095301151275635
cifar100_test_02131,2131,34,5,fox,near,-5.024235248565674
cifar100_test_02144,2144,89,9,tractor,near,-9.791230201721191
cifar100_test_02145,2145,15,4,camel,near,-6.278385639190674
cifar100_test_02148,2148,48,3,motorcycle,near,-5.052950382232666
cifar100_test_02171,2171,89,9,tractor,near,-5.022424221038818
cifar100_test_02203,2203,13,1,bus,near,-11.206246376037598
cifar100_test_02211,2211,42,3,leopard,near,-4.784112930297852
cifar100_test_02219,2219,97,5,wolf,near,-9.101030349731445
cifar100_test_02242,2242,48,9,motorcycle,near,-3.8960139751434326
cifar100_test_02267,2267,15,4,camel,near,-3.329745292663574
cifar100_test_02315,2315,15,7,camel,near,-5.707706928253174
cifar100_test_02321,2321,58,1,pickup_truck,near,-8.067893028259277
cifar100_test_02336,2336,34,4,fox,near,-6.103438854217529
cifar100_test_02337,2337,97,5,wolf,near,-6.748566627502441
cifar100_test_02340,2340,97,3,wolf,near,-7.481236934661865
cifar100_test_02349,2349,34,4,fox,near,-8.628966331481934
cifar100_test_02356,2356,34,4,fox,near,-8.178186416625977
cifar100_test_02396,2396,58,1,pickup_truck,near,-6.666562080383301
cifar100_test_02415,2415,15,4,camel,near,-7.300887584686279
cifar100_test_02421,2421,58,1,pickup_truck,near,-4.976089000701904
cifar100_test_02435,2435,34,3,fox,near,-8.522027969360352
cifar100_test_02484,2484,13,9,bus,near,-8.339395523071289
cifar100_test_02503,2503,89,9,tractor,near,-3.8821487426757812
cifar100_test_02518,2518,34,4,fox,near,-7.301342010498047
cifar100_test_02544,2544,34,4,fox,near,-10.438222885131836
cifar100_test_02556,2556,58,1,pickup_truck,near,-6.1994171142578125
cifar100_test_02569,2569,89,8,tractor,near,-8.41553783416748
cifar100_test_02570,2570,42,3,leopard,near,-5.255295753479004
cifar100_test_02591,2591,13,9,bus,near,-10.354355812072754
cifar100_test_02603,2603,58,1,pickup_truck,near,-9.967470169067383
cifar100_test_02618,2618,97,3,wolf,near,-7.383969306945801
cifar100_test_02624,2624,89,2,tractor,near,-2.954416275024414
cifar100_test_02647,2647,42,6,leopard,near,-8.10521125793457
cifar100_test_02665,2665,13,9,bus,near,-9.554778099060059
cifar100_test_02675,2675,89,9,tractor,near,-5.600770473480225
cifar100_test_02678,2678,42,3,leopard,near,-6.931843280792236
cifar100_test_02698,2698,13,1,bus,near,-7.865876197814941
cifar100_test_02712,2712,15,4,camel,near,-5.645239353179932
cifar100_test_02719,2719,13,9,bus,near,-10.500542640686035
cifar100_test_02756,2756,34,3,fox,near,-7.057803153991699
cifar100_test_02774,2774,15,6,camel,near,-3.7796213626861572
cifar100_test_02826,2826,97,4,wolf,near,-7.101982116699219
cifar100_test_02828,2828,34,3,fox,near,-8.228262901306152
cifar100_test_02832,2832,13,9,bus,near,-10.625643730163574
cifar100_test_02834,2834,15,7,camel,near,-5.201524257659912
cifar100_test_02835,2835,97,5,wolf,near,-6.1332011222839355
cifar100_test_02842,2842,97,3,wolf,near,-8.53913402557373
cifar100_test_02843,2843,13,9,bus,near,-8.618300437927246
cifar100_test_02871,2871,89,9,tractor,near,-5.403635501861572
cifar100_test_02882,2882,58,1,pickup_truck,near,-9.853093147277832
cifar100_test_02891,2891,34,5,fox,near,-6.795976638793945
cifar100_test_02911,2911,89,8,tractor,near,-5.539819240570068
cifar100_test_02933,2933,97,3,wolf,near,-7.980966567993164
cifar100_test_02946,2946,15,5,camel,near,-9.159356117248535
cifar100_test_02948,2948,15,7,camel,near,-6.626127243041992
cifar100_test_02956,2956,89,9,tractor,near,-5.886375904083252
cifar100_test_02986,2986,97,5,wolf,near,-5.165792465209961
cifar100_test_02992,2992,89,8,tractor,near,-7.710904121398926
cifar100_test_03009,3009,42,3,leopard,near,-8.912755966186523
cifar100_test_03026,3026,13,9,bus,near,-10.012063980102539
cifar100_test_03027,3027,48,1,motorcycle,near,-4.127289772033691
cifar100_test_03054,3054,48,0,motorcycle,near,-6.084283828735352
cifar100_test_03074,3074,42,6,leopard,near,-7.415575981140137
cifar100_test_03104,3104,42,3,leopard,near,-8.407757759094238
cifar100_test_03106,3106,13,9,bus,near,-9.948460578918457
cifar100_test_03111,3111,48,9,motorcycle,near,-3.3084208965301514
cifar100_test_03136,3136,34,4,fox,near,-4.066333293914795
cifar100_test_03153,3153,15,4,camel,near,-4.076206684112549
cifar100_test_03177,3177,89,9,tractor,near,-5.888473987579346
cifar100_test_03197,3197,13,9,bus,near,-10.83513069152832
cifar100_test_03200,3200,42,4,leopard,near,-6.167134761810303
cifar100_test_03219,3219,97,5,wolf,near,-9.276970863342285
cifar100_test_03236,3236,13,9,bus,near,-8.152758598327637
cifar100_test_03240,3240,48,7,motorcycle,near,-4.140025615692139
cifar100_test_03256,3256,48,9,motorcycle,near,-7.127383708953857
cifar100_test_03276,3276,13,9,bus,near,-9.727646827697754
cifar100_test_03291,3291,42,2,leopard,near,-5.520220756530762
cifar100_test_03319,3319,15,5,camel,near,-4.9411797523498535
cifar100_test_03338,3338,42,4,leopard,near,-5.876649379730225
cifar100_test_03346,3346,42,3,leopard,near,-8.191739082336426
cifar100_test_03368,3368,34,4,fox,near,-7.473857879638672
cifar100_test_03376,3376,48,1,motorcycle,near,-9.109915733337402
cifar100_test_03379,3379,42,4,leopard,near,-4.323827266693115
cifar100_test_03412,3412,89,9,tractor,near,-4.647952556610107
cifar100_test_03478,3478,13,9,bus,near,-11.355761528015137
cifar100_test_03484,3484,89,9,tractor,near,-9.733743667602539
cifar100_test_03487,3487,97,5,wolf,near,-8.273999214172363
cifar100_test_03525,3525,48,9,motorcycle,near,-2.9719772338867188
cifar100_test_03532,3532,89,9,tractor,near,-9.251246452331543
cifar100_test_03537,3537,58,9,pickup_truck,near,-7.2737135887146
cifar100_test_03538,3538,97,5,wolf,near,-10.31175708770752
cifar100_test_03549,3549,42,3,leopard,near,-4.76219367980957
cifar100_test_03558,3558,48,1,motorcycle,near,-8.382410049438477
cifar100_test_03564,3564,13,3,bus,near,-4.9499688148498535
cifar100_test_03567,3567,42,5,leopard,near,-6.81458044052124
cifar100_test_03605,3605,34,3,fox,near,-6.5565185546875
cifar100_test_03606,3606,48,9,motorcycle,near,-5.575527191162109
cifar100_test_03607,3607,34,4,fox,near,-5.9758992195129395
cifar100_test_03608,3608,34,5,fox,near,-4.51270055770874
cifar100_test_03613,3613,97,5,wolf,near,-9.30573558807373
cifar100_test_03630,3630,58,9,pickup_truck,near,-6.398448944091797
cifar100_test_03644,3644,34,4,fox,near,-8.484292984008789
cifar100_test_03655,3655,58,9,pickup_truck,near,-6.790911674499512
cifar100_test_03663,3663,97,3,wolf,near,-7.691666126251221
cifar100_test_03701,3701,13,9,bus,near,-6.602502346038818
cifar100_test_03715,3715,48,1,motorcycle,near,-3.8344969749450684
cifar100_test_03731,3731,97,5,wolf,near,-8.538756370544434
cifar100_test_03732,3732,48,9,motorcycle,near,-6.839449405670166
cifar100_test_03747,3747,97,3,wolf,near,-6.140248775482178
cifar100_test_03748,3748,48,3,motorcycle,near,-6.391886234283447
cifar100_test_03755,3755,13,9,bus,near,-7.846061706542969
cifar100_test_03760,3760,34,5,fox,near,-7.730482578277588
cifar100_test_03817,3817,97,5,wolf,near,-10.401612281799316
cifar100_test_03823,3823,34,3,fox,near,-7.310599327087402
cifar100_test_03831,3831,15,7,camel,near,-5.231281757354736
cifar100_test_03840,3840,89,9,tractor,near,-6.21340799331665
cifar100_test_03849,3849,97,3,wolf,near,-8.495674133300781
cifar100_test_03857,3857,48,1,motorcycle,near,-4.658744812011719
cifar100_test_03868,3868,13,1,bus,near,-6.175495147705078
cifar100_test_03877,3877,97,3,wolf,near,-9.09377670288086
cifar100_test_03884,3884,15,3,camel,near,-6.165274620056152
cifar100_test_03886,3886,97,5,wolf,near,-3.7814440727233887
cifar100_test_03887,3887,13,9,bus,near,-8.497251510620117
cifar100_test_03893,3893,48,0,motorcycle,near,-7.663644790649414
cifar100_test_03908,3908,34,4,fox,near,-8.21527099609375
cifar100_test_03913,3913,89,9,tractor,near,-8.891730308532715
cifar100_test_03927,3927,97,3,wolf,near,-7.431368827819824
cifar100_test_03930,3930,15,8,camel,near,-5.359724521636963
cifar100_test_03933,3933,58,1,pickup_truck,near,-5.865421295166016
cifar100_test_03947,3947,13,9,bus,near,-9.033366203308105
cifar100_test_03985,3985,15,4,camel,near,-7.2626543045043945
cifar100_test_04003,4003,34,4,fox,near,-9.37207317352295
cifar100_test_04004,4004,34,3,fox,near,-6.085568428039551
cifar100_test_04027,4027,89,9,tractor,near,-8.26427173614502
cifar100_test_04028,4028,48,9,motorcycle,near,-3.3249239921569824
cifar100_test_04049,4049,34,3,fox,near,-5.516054153442383
cifar100_test_04104,4104,13,0,bus,near,-9.473840713500977
cifar100_test_04109,4109,89,8,tractor,near,-5.352839469909668
cifar100_test_04118,4118,42,6,leopard,near,-8.105932235717773
cifar100_test_04128,4128,48,2,motorcycle,near,-2.6410064697265625
cifar100_test_04129,4129,13,0,bus,near,-4.176008224487305
cifar100_test_04147,4147,48,1,motorcycle,near,-4.1169867515563965
cifar100_test_04153,4153,97,3,wolf,near,-8.239559173583984
cifar100_test_04173,4173,13,9,bus,near,-10.079577445983887
cifar100_test_04182,4182,34,3,fox,near,-5.7680344581604
cifar100_test_04185,4185,13,9,bus,near,-10.683403015136719
cifar100_test_04201,4201,13,9,bus,near,-6.49617338180542
cifar100_test_04225,4225,97,5,wolf,near,-7.213708400726318
cifar100_test_04234,4234,15,4,camel,near,-8.732306480407715
cifar100_test_04238,4238,42,5,leopard,near,-8.932225227355957
cifar100_test_04255,4255,34,4,fox,near,-6.954908847808838
cifar100_test_04264,4264,34,4,fox,near,-9.297168731689453
cifar100_test_04277,4277,34,5,fox,near,-6.6451849937438965
cifar100_test_04278,4278,42,2,leopard,near,-7.299429893493652
cifar100_test_04283,4283,97,3,wolf,near,-7.691222190856934
cifar100_test_04285,4285,97,5,wolf,near,-9.95125675201416
cifar100_test_04294,4294,97,5,wolf,near,-7.060981273651123
cifar100_test_04296,4296,13,9,bus,near,-11.22693920135498
cifar100_test_04307,4307,13,9,bus,near,-11.307616233825684
cifar100_test_04313,4313,34,3,fox,near,-6.226892471313477
cifar100_test_04316,4316,58,9,pickup_truck,near,-11.388760566711426
cifar100_test_04320,4320,42,3,leopard,near,-9.451143264770508
cifar100_test_04335,4335,58,9,pickup_truck,near,-10.419144630432129
cifar100_test_04341,4341,34,0,fox,near,-6.640789985656738
cifar100_test_04345,4345,15,5,camel,near,-6.608853340148926
cifar100_test_04378,4378,97,5,wolf,near,-9.438003540039062
cifar100_test_04387,4387,58,9,pickup_truck,near,-6.56818151473999
cifar100_test_04404,4404,89,9,tractor,near,-5.275062561035156
cifar100_test_04415,4415,15,7,camel,near,-5.677083969116211
cifar100_test_04426,4426,13,9,bus,near,-4.601620197296143
cifar100_test_04434,4434,13,9,bus,near,-7.2182745933532715
cifar100_test_04435,4435,15,5,camel,near,-9.037920951843262
cifar100_test_04441,4441,34,5,fox,near,-6.554039478302002
cifar100_test_04461,4461,48,0,motorcycle,near,-7.055830478668213
cifar100_test_04463,4463,58,1,pickup_truck,near,-9.62059497833252
cifar100_test_04464,4464,13,9,bus,near,-7.327836513519287
cifar100_test_04468,4468,13,9,bus,near,-6.54567289352417
cifar100_test_04470,4470,97,7,wolf,near,-3.2162821292877197
cifar100_test_04487,4487,48,0,motorcycle,near,-5.1522722244262695
cifar100_test_04506,4506,58,1,pickup_truck,near,-10.798972129821777
cifar100_test_04515,4515,58,1,pickup_truck,near,-10.340296745300293
cifar100_test_04517,4517,89,2,tractor,near,-3.9455180168151855
cifar100_test_04519,4519,15,2,camel,near,-5.211995601654053
cifar100_test_04586,4586,13,1,bus,near,-11.55435562133789
cifar100_test_04588,4588,58,1,pickup_truck,near,-9.196088790893555
cifar100_test_04602,4602,97,5,wolf,near,-9.41186809539795
cifar100_test_04609,4609,42,6,leopard,near,-6.051713943481445
cifar100_test_04610,4610,89,9,tractor,near,-7.051842212677002
cifar100_test_04611,4611,42,6,leopard,near,-7.133963584899902
cifar100_test_04621,4621,34,4,fox,near,-9.20908260345459
cifar100_test_04663,4663,89,9,tractor,near,-8.44969654083252
cifar100_test_04677,4677,42,3,leopard,near,-9.612065315246582
cifar100_test_04691,4691,89,9,tractor,near,-7.264322757720947
cifar100_test_04693,4693,58,1,pickup_truck,near,-7.2415971755981445
cifar100_test_04703,4703,34,4,fox,near,-7.64779806137085
cifar100_test_04706,4706,34,3,fox,near,-4.61212682723999
cifar100_test_04731,4731,89,9,tractor,near,-7.218437671661377
cifar100_test_04736,4736,15,2,camel,near,-6.004619121551514
cifar100_test_04740,4740,13,0,bus,near,-5.311448097229004
cifar100_test_04754,4754,34,4,fox,near,-6.50737190246582
cifar100_test_04756,4756,13,9,bus,near,-6.848593711853027
cifar100_test_04788,4788,13,1,bus,near,-8.512824058532715
cifar100_test_04808,4808,13,8,bus,near,-6.193048477172852
cifar100_test_04821,4821,58,1,pickup_truck,near,-11.470526695251465
cifar100_test_04870,4870,58,1,pickup_truck,near,-10.160086631774902
cifar100_test_04878,4878,34,5,fox,near,-3.543743371963501
cifar100_test_04881,4881,58,1,pickup_truck,near,-7.085231781005859
cifar100_test_04889,4889,34,7,fox,near,-9.197977066040039
cifar100_test_04892,4892,48,7,motorcycle,near,-2.19266676902771
cifar100_test_04894,4894,15,5,camel,near,-4.35390043258667
cifar100_test_04927,4927,48,9,motorcycle,near,-5.972081661224365
cifar100_test_04943,4943,42,4,leopard,near,-6.6561970710754395
cifar100_test_04960,4960,48,1,motorcycle,near,-5.863178253173828
cifar100_test_04971,4971,42,3,leopard,near,-5.740564823150635
cifar100_test_04991,4991,34,5,fox,near,-5.032532215118408
cifar100_test_04992,4992,42,3,leopard,near,-6.626790523529053
cifar100_test_04998,4998,13,9,bus,near,-10.167252540588379
cifar100_test_05003,5003,48,5,motorcycle,near,-4.1722283363342285
cifar100_test_05008,5008,58,1,pickup_truck,near,-8.866864204406738
cifar100_test_05009,5009,58,1,pickup_truck,near,-9.892901420593262
cifar100_test_05015,5015,13,9,bus,near,-9.716565132141113
cifar100_test_05016,5016,42,4,leopard,near,-7.180885314941406
cifar100_test_05020,5020,13,9,bus,near,-5.189886569976807
cifar100_test_05025,5025,89,9,tractor,near,-8.685975074768066
cifar100_test_05029,5029,15,4,camel,near,-6.959686756134033
cifar100_test_05031,5031,97,4,wolf,near,-4.252803325653076
cifar100_test_05032,5032,15,2,camel,near,-4.304813861846924
cifar100_test_05064,5064,13,9,bus,near,-7.660313129425049
cifar100_test_05078,5078,97,5,wolf,near,-10.242668151855469
cifar100_test_05084,5084,34,3,fox,near,-5.974435329437256
cifar100_test_05109,5109,42,6,leopard,near,-6.302935600280762
cifar100_test_05110,5110,58,1,pickup_truck,near,-8.531682014465332
cifar100_test_05112,5112,48,3,motorcycle,near,-4.392298698425293
cifar100_test_05113,5113,15,5,camel,near,-5.904613971710205
cifar100_test_05114,5114,48,3,motorcycle,near,-3.7758126258850098
cifar100_test_05119,5119,15,0,camel,near,-4.38585090637207
cifar100_test_05129,5129,58,9,pickup_truck,near,-6.465342998504639
cifar100_test_05141,5141,89,1,tractor,near,-6.1966071128845215
cifar100_test_05142,5142,42,3,leopard,near,-9.594987869262695
cifar100_test_05149,5149,58,9,pickup_truck,near,-8.173293113708496
cifar100_test_05162,5162,48,9,motorcycle,near,-7.316242218017578
cifar100_test_05163,5163,13,9,bus,near,-8.428277015686035
cifar100_test_05175,5175,48,9,motorcycle,near,-8.756832122802734
cifar100_test_05182,5182,89,8,tractor,near,-7.1792683601379395
cifar100_test_05184,5184,13,9,bus,near,-10.267537117004395
cifar100_test_05185,5185,42,5,leopard,near,-6.228626728057861
cifar100_test_05189,5189,89,9,tractor,near,-2.7154054641723633
cifar100_test_05201,5201,13,9,bus,near,-11.14388370513916
cifar100_test_05210,5210,42,3,leopard,near,-3.3423073291778564
cifar100_test_05216,5216,48,4,motorcycle,near,-4.486856937408447
cifar100_test_05218,5218,15,6,camel,near,-6.84483528137207
cifar100_test_05231,5231,42,6,leopard,near,-6.706307888031006
cifar100_test_05249,5249,15,5,camel,near,-8.539151191711426
cifar100_test_05253,5253,15,3,camel,near,-7.29547119140625
cifar100_test_05285,5285,15,5,camel,near,-6.026602745056152
cifar100_test_05287,5287,89,9,tractor,near,-5.669878005981445
cifar100_test_05291,5291,97,5,wolf,near,-8.847601890563965
cifar100_test_05293,5293,15,7,camel,near,-10.417211532592773
cifar100_test_05311,5311,48,6,motorcycle,near,-5.394524574279785
cifar100_test_05314,5314,89,8,tractor,near,-4.293929100036621
cifar100_test_05316,5316,42,3,leopard,near,-8.16427230834961
cifar100_test_05317,5317,58,1,pickup_truck,near,-8.634446144104004
cifar100_test_05327,5327,89,9,tractor,near,-7.195253849029541
cifar100_test_05328,5328,42,4,leopard,near,-8.51952838897705
cifar100_test_05342,5342,48,6,motorcycle,near,-4.140113830566406
cifar100_test_05350,5350,48,9,motorcycle,near,-7.067066669464111
cifar100_test_05399,5399,42,3,leopard,near,-7.73928689956665
cifar100_test_05408,5408,97,3,wolf,near,-7.2068023681640625
cifar100_test_05425,5425,97,5,wolf,near,-8.526083946228027
cifar100_test_05430,5430,48,9,motorcycle,near,-6.178511142730713
cifar100_test_05437,5437,58,9,pickup_truck,near,-7.392934799194336
cifar100_test_05445,5445,89,9,tractor,near,-9.61376667022705
cifar100_test_05449,5449,42,6,leopard,near,-6.9154229164123535
cifar100_test_05455,5455,15,7,camel,near,-6.1824140548706055
cifar100_test_05458,5458,42,3,leopard,near,-5.649557590484619
cifar100_test_05460,5460,48,1,motorcycle,near,-4.837650299072266
cifar100_test_05465,5465,13,9,bus,near,-8.924921035766602
cifar100_test_05469,5469,48,3,motorcycle,near,-5.198943138122559
cifar100_test_05472,5472,42,3,leopard,near,-6.027891159057617
cifar100_test_05478,5478,42,4,leopard,near,-4.6549458503723145
cifar100_test_05486,5486,48,2,motorcycle,near,-3.1974587440490723
cifar100_test_05494,5494,15,7,camel,near,-7.597716808319092
cifar100_test_05495,5495,89,9,tractor,near,-8.462918281555176
cifar100_test_05516,5516,15,2,camel,near,-4.253911972045898
cifar100_test_05519,5519,15,4,camel,near,-6.345785140991211
cifar100_test_05532,5532,15,5,camel,near,-3.368798017501831
cifar100_test_05550,5550,89,9,tractor,near,-10.458805084228516
cifar100_test_05568,5568,58,1,pickup_truck,near,-7.691620826721191
cifar100_test_05572,5572,48,9,motorcycle,near,-5.344141006469727
cifar100_test_05612,5612,48,9,motorcycle,near,-6.659630298614502
cifar100_test_05619,5619,34,4,fox,near,-6.4592108726501465
cifar100_test_05634,5634,13,9,bus,near,-6.200922012329102
cifar100_test_05650,5650,48,1,motorcycle,near,-5.105477333068848
cifar100_test_05654,5654,13,1,bus,near,-9.810970306396484
cifar100_test_05664,5664,15,5,camel,near,-6.196493148803711
cifar100_test_05691,5691,48,9,motorcycle,near,-4.7673773765563965
cifar100_test_05696,5696,89,9,tractor,near,-7.461611747741699
cifar100_test_05698,5698,42,6,leopard,near,-7.031020641326904
cifar100_test_05715,5715,58,1,pickup_truck,near,-9.20392894744873
cifar100_test_05726,5726,34,2,fox,near,-7.048290729522705
cifar100_test_05732,5732,58,1,pickup_truck,near,-5.868561744689941
cifar100_test_05736,5736,58,9,pickup_truck,near,-6.975039958953857
cifar100_test_05738,5738,58,1,pickup_truck,near,-7.253007888793945
cifar100_test_05748,5748,13,9,bus,near,-9.298547744750977
cifar100_test_05756,5756,58,1,pickup_truck,near,-9.308114051818848
cifar100_test_05762,5762,15,2,camel,near,-9.705442428588867
cifar100_test_05781,5781,97,5,wolf,near,-6.9399027824401855
cifar100_test_05818,5818,89,7,tractor,near,-2.884420871734619
cifar100_test_05819,5819,42,3,leopard,near,-6.8701019287109375
cifar100_test_05832,5832,34,4,fox,near,-8.594522476196289
cifar100_test_05853,5853,13,9,bus,near,-10.5194673538208
cifar100_test_05889,5889,34,5,fox,near,-4.16156530380249
cifar100_test_05893,5893,58,1,pickup_truck,near,-6.610289573669434
cifar100_test_05896,5896,34,4,fox,near,-5.84760046005249
cifar100_test_05905,5905,42,6,leopard,near,-6.597729682922363
cifar100_test_05911,5911,97,3,wolf,near,-7.0735883712768555
cifar100_test_05912,5912,97,3,wolf,near,-4.871759414672852
cifar100_test_05920,5920,13,9,bus,near,-9.458100318908691
cifar100_test_05932,5932,58,1,pickup_truck,near,-7.549038887023926
cifar100_test_05945,5945,34,7,fox,near,-3.6528384685516357
cifar100_test_06010,6010,97,4,wolf,near,-10.938722610473633
cifar100_test_06022,6022,48,9,motorcycle,near,-4.169199466705322
cifar100_test_06037,6037,15,7,camel,near,-4.716688632965088
cifar100_test_06044,6044,15,7,camel,near,-7.654786586761475
cifar100_test_06055,6055,42,3,leopard,near,-6.707788467407227
cifar100_test_06061,6061,42,3,leopard,near,-7.443056583404541
cifar100_test_06063,6063,89,9,tractor,near,-5.6138081550598145
cifar100_test_06075,6075,58,1,pickup_truck,near,-8.305057525634766
cifar100_test_06080,6080,34,5,fox,near,-4.841023921966553
cifar100_test_06116,6116,13,9,bus,near,-8.952726364135742
cifar100_test_06132,6132,97,3,wolf,near,-6.400184154510498
cifar100_test_06144,6144,48,0,motorcycle,near,-4.160958290100098
cifar100_test_06160,6160,97,5,wolf,near,-5.549489498138428
cifar100_test_06162,6162,34,3,fox,near,-6.517418384552002
cifar100_test_06163,6163,34,4,fox,near,-6.9635910987854
cifar100_test_06176,6176,13,9,bus,near,-8.056720733642578
cifar100_test_06178,6178,97,5,wolf,near,-5.515071392059326
cifar100_test_06279,6279,48,1,motorcycle,near,-5.414278030395508
cifar100_test_06293,6293,42,6,leopard,near,-6.305332183837891
cifar100_test_06303,6303,13,5,bus,near,-4.390674114227295
cifar100_test_06324,6324,97,3,wolf,near,-6.2372212409973145
cifar100_test_06339,6339,13,9,bus,near,-10.180766105651855
cifar100_test_06343,6343,48,9,motorcycle,near,-6.186978340148926
cifar100_test_06360,6360,89,1,tractor,near,-6.242033958435059
cifar100_test_06379,6379,89,0,tractor,near,-4.988367557525635
cifar100_test_06382,6382,48,1,motorcycle,near,-4.416894435882568
cifar100_test_06395,6395,42,6,leopard,near,-8.991547584533691
cifar100_test_06398,6398,89,9,tractor,near,-5.278225421905518
cifar100_test_06401,6401,42,6,leopard,near,-7.85605525970459
cifar100_test_06409,6409,42,3,leopard,near,-7.0749006271362305
cifar100_test_06411,6411,13,9,bus,near,-7.815678596496582
cifar100_test_06416,6416,48,1,motorcycle,near,-3.5445330142974854
cifar100_test_06417,6417,15,2,camel,near,-9.304336547851562
cifar100_test_06418,6418,15,4,camel,near,-10.7550048828125
cifar100_test_06430,6430,89,9,tractor,near,-9.237797737121582
cifar100_test_06433,6433,97,3,wolf,near,-5.488685131072998
cifar100_test_06447,6447,97,3,wolf,near,-8.926755905151367
cifar100_test_06449,6449,48,7,motorcycle,near,-3.2203121185302734
cifar100_test_06469,6469,34,4,fox,near,-7.457425594329834
cifar100_test_06475,6475,15,7,camel,near,-5.5938286781311035
cifar100_test_06505,6505,34,3,fox,near,-6.224031448364258
cifar100_test_06528,6528,97,3,wolf,near,-7.746975898742676
cifar100_test_06545,6545,34,4,fox,near,-5.549328327178955
cifar100_test_06546,6546,89,2,tractor,near,-4.040649890899658
cifar100_test_06547,6547,48,5,motorcycle,near,-5.8670334815979
cifar100_test_06552,6552,97,3,wolf,near,-7.047497749328613
cifar100_test_06561,6561,97,3,wolf,near,-7.988968849182129
cifar100_test_06574,6574,58,1,pickup_truck,near,-8.828922271728516
cifar100_test_06616,6616,15,5,camel,near,-9.867846488952637
cifar100_test_06652,6652,97,5,wolf,near,-5.563776016235352
cifar100_test_06653,6653,58,1,pickup_truck,near,-9.559743881225586
cifar100_test_06693,6693,34,3,fox,near,-9.336185455322266
cifar100_test_06712,6712,13,9,bus,near,-9.570562362670898
cifar100_test_06730,6730,48,0,motorcycle,near,-4.706612586975098
cifar100_test_06735,6735,42,3,leopard,near,-4.296208381652832
cifar100_test_06746,6746,97,5,wolf,near,-5.418358325958252
cifar100_test_06767,6767,42,6,leopard,near,-6.117717266082764
cifar100_test_06778,6778,15,5,camel,near,-5.570572376251221
cifar100_test_06791,6791,13,0,bus,near,-8.877161026000977
cifar100_test_06807,6807,89,9,tractor,near,-7.18237829208374
cifar100_test_06816,6816,34,5,fox,near,-9.940966606140137
cifar100_test_06866,6866,89,9,tractor,near,-9.355965614318848
cifar100_test_06914,6914,48,9,motorcycle,near,-6.342464447021484
cifar100_test_06924,6924,42,6,leopard,near,-8.128639221191406
cifar100_test_06930,6930,89,6,tractor,near,-4.827847003936768
cifar100_test_06954,6954,48,1,motorcycle,near,-7.973971366882324
cifar100_test_06967,6967,97,5,wolf,near,-9.057572364807129
cifar100_test_07006,7006,89,9,tractor,near,-7.466074466705322
cifar100_test_07021,7021,34,4,fox,near,-2.92626953125
cifar100_test_07028,7028,97,3,wolf,near,-10.036752700805664
cifar100_test_07078,7078,42,3,leopard,near,-3.673892021179199
cifar100_test_07086,7086,89,9,tractor,near,-6.914003372192383
cifar100_test_07087,7087,97,3,wolf,near,-6.808518409729004
cifar100_test_07109,7109,48,1,motorcycle,near,-4.894603252410889
cifar100_test_07110,7110,48,0,motorcycle,near,-6.611952781677246
cifar100_test_07119,7119,58,9,pickup_truck,near,-7.437615394592285
cifar100_test_07125,7125,97,3,wolf,near,-9.426189422607422
cifar100_test_07128,7128,15,7,camel,near,-6.628479480743408
cifar100_test_07131,7131,58,9,pickup_truck,near,-7.427087783813477
cifar100_test_07133,7133,13,9,bus,near,-10.354378700256348
cifar100_test_07135,7135,97,5,wolf,near,-8.437274932861328
cifar100_test_07141,7141,34,5,fox,near,-5.4582390785217285
cifar100_test_07146,7146,89,9,tractor,near,-3.4834632873535156
cifar100_test_07160,7160,48,1,motorcycle,near,-6.5155534744262695
cifar100_test_07194,7194,15,4,camel,near,-6.307876110076904
cifar100_test_07200,7200,15,2,camel,near,-6.244658946990967
cifar100_test_07207,7207,58,1,pickup_truck,near,-8.853754997253418
cifar100_test_07209,7209,48,9,motorcycle,near,-7.069119930267334
cifar100_test_07225,7225,34,3,fox,near,-7.235610008239746
cifar100_test_07248,7248,34,5,fox,near,-8.45236873626709
cifar100_test_07249,7249,48,1,motorcycle,near,-7.807224273681641
cifar100_test_07279,7279,34,3,fox,near,-7.703153610229492
cifar100_test_07283,7283,42,6,leopard,near,-5.937102317810059
cifar100_test_07289,7289,48,9,motorcycle,near,-4.1464128494262695
cifar100_test_07298,7298,15,7,camel,near,-6.000923156738281
cifar100_test_07308,7308,97,5,wolf,near,-8.975421905517578
cifar100_test_07317,7317,34,5,fox,near,-7.037280559539795
cifar100_test_07333,7333,15,7,camel,near,-6.603783130645752
cifar100_test_07367,7367,42,3,leopard,near,-6.266036510467529
cifar100_test_07373,7373,34,2,fox,near,-4.477461814880371
cifar100_test_07375,7375,97,3,wolf,near,-6.4580793380737305
cifar100_test_07376,7376,13,9,bus,near,-6.695132732391357
cifar100_test_07379,7379,15,8,camel,near,-5.549138069152832
cifar100_test_07388,7388,89,0,tractor,near,-4.523857593536377
cifar100_test_07389,7389,58,1,pickup_truck,near,-10.24991226196289
cifar100_test_07407,7407,42,3,leopard,near,-6.422250270843506
cifar100_test_07412,7412,42,6,leopard,near,-9.205944061279297
cifar100_test_07417,7417,42,4,leopard,near,-5.927413463592529
cifar100_test_07427,7427,42,3,leopard,near,-5.538136959075928
cifar100_test_07441,7441,13,9,bus,near,-9.939258575439453
cifar100_test_07445,7445,15,4,camel,near,-8.252599716186523
cifar100_test_07471,7471,48,3,motorcycle,near,-6.541465759277344
cifar100_test_07472,7472,97,7,wolf,near,-5.430673122406006
cifar100_test_07489,7489,48,7,motorcycle,near,-5.783492565155029
cifar100_test_07495,7495,42,4,leopard,near,-6.530209064483643
cifar100_test_07503,7503,34,5,fox,near,-7.305187225341797
cifar100_test_07507,7507,89,9,tractor,near,-6.153611660003662
cifar100_test_07508,7508,13,9,bus,near,-8.75666618347168
cifar100_test_07559,7559,58,1,pickup_truck,near,-9.970810890197754
cifar100_test_07561,7561,97,2,wolf,near,-6.274484157562256
cifar100_test_07564,7564,34,3,fox,near,-6.867225646972656
cifar100_test_07567,7567,13,5,bus,near,-4.057805061340332
cifar100_test_07569,7569,48,1,motorcycle,near,-4.850671291351318
cifar100_test_07570,7570,58,1,pickup_truck,near,-7.524987697601318
cifar100_test_07582,7582,97,4,wolf,near,-6.322942733764648
cifar100_test_07590,7590,89,9,tractor,near,-6.143326759338379
cifar100_test_07609,7609,42,3,leopard,near,-9.153687477111816
cifar100_test_07621,7621,34,4,fox,near,-8.252861022949219
cifar100_test_07640,7640,48,3,motorcycle,near,-4.1948442459106445
cifar100_test_07643,7643,89,9,tractor,near,-5.867538928985596
cifar100_test_07650,7650,97,5,wolf,near,-8.376646041870117
cifar100_test_07658,7658,58,1,pickup_truck,near,-11.509480476379395
cifar100_test_07660,7660,89,9,tractor,near,-2.94389271736145
cifar100_test_07736,7736,89,9,tractor,near,-8.883557319641113
cifar100_test_07750,7750,15,2,camel,near,-4.039787292480469
cifar100_test_07752,7752,97,3,wolf,near,-9.352785110473633
cifar100_test_07772,7772,42,4,leopard,near,-8.085968017578125
cifar100_test_07799,7799,34,7,fox,near,-7.073880195617676
cifar100_test_07800,7800,15,5,camel,near,-4.772647857666016
cifar100_test_07806,7806,48,9,motorcycle,near,-5.708432674407959
cifar100_test_07812,7812,13,9,bus,near,-9.74758243560791
cifar100_test_07816,7816,13,9,bus,near,-8.117707252502441
cifar100_test_07823,7823,58,9,pickup_truck,near,-5.525600910186768
cifar100_test_07829,7829,89,4,tractor,near,-4.03329610824585
cifar100_test_07866,7866,58,1,pickup_truck,near,-6.472420692443848
cifar100_test_07871,7871,48,9,motorcycle,near,-3.7990195751190186
cifar100_test_07875,7875,97,3,wolf,near,-8.046675682067871
cifar100_test_07884,7884,89,8,tractor,near,-7.553156852722168
cifar100_test_07900,7900,58,1,pickup_truck,near,-8.254220008850098
cifar100_test_07912,7912,15,5,camel,near,-4.366325855255127
cifar100_test_07924,7924,34,3,fox,near,-8.143033981323242
cifar100_test_07950,7950,42,4,leopard,near,-6.737222194671631
cifar100_test_07962,7962,58,9,pickup_truck,near,-7.637171268463135
cifar100_test_07973,7973,34,3,fox,near,-5.03377628326416
cifar100_test_07974,7974,42,3,leopard,near,-5.78902006149292
cifar100_test_07980,7980,97,5,wolf,near,-9.1465482711792
cifar100_test_07994,7994,58,1,pickup_truck,near,-5.676475524902344
cifar100_test_07999,7999,58,9,pickup_truck,near,-6.866252899169922
cifar100_test_08023,8023,13,9,bus,near,-5.729902744293213
cifar100_test_08026,8026,89,0,tractor,near,-7.274730682373047
cifar100_test_08082,8082,58,1,pickup_truck,near,-8.762652397155762
cifar100_test_08085,8085,13,9,bus,near,-8.81940746307373
cifar100_test_08100,8100,34,5,fox,near,-8.303250312805176
cifar100_test_08101,8101,97,3,wolf,near,-7.80731725692749
cifar100_test_08109,8109,34,4,fox,near,-7.04496431350708
cifar100_test_08126,8126,13,1,bus,near,-9.260306358337402
cifar100_test_08132,8132,34,3,fox,near,-6.992570877075195
cifar100_test_08141,8141,89,9,tractor,near,-7.465301990509033
cifar100_test_08143,8143,15,3,camel,near,-8.260940551757812
cifar100_test_08150,8150,34,3,fox,near,-8.557014465332031
cifar100_test_08165,8165,58,1,pickup_truck,near,-8.130376815795898
cifar100_test_08169,8169,89,0,tractor,near,-7.210512161254883
cifar100_test_08183,8183,48,1,motorcycle,near,-3.2235114574432373
cifar100_test_08185,8185,34,4,fox,near,-7.7355875968933105
cifar100_test_08187,8187,34,3,fox,near,-8.328817367553711
cifar100_test_08219,8219,58,1,pickup_truck,near,-8.062765121459961
cifar100_test_08231,8231,15,7,camel,near,-7.470129489898682
cifar100_test_08257,8257,48,5,motorcycle,near,-5.427805423736572
cifar100_test_08258,8258,89,3,tractor,near,-5.678816318511963
cifar100_test_08300,8300,48,9,motorcycle,near,-6.009477615356445
cifar100_test_08310,8310,42,6,leopard,near,-5.0977888107299805
cifar100_test_08324,8324,42,3,leopard,near,-8.43182373046875
cifar100_test_08329,8329,89,9,tractor,near,-7.4164252281188965
cifar100_test_08334,8334,42,6,leopard,near,-8.784758567810059
cifar100_test_08381,8381,34,7,fox,near,-4.2857537269592285
cifar100_test_08391,8391,58,9,pickup_truck,near,-8.068224906921387
cifar100_test_08405,8405,34,4,fox,near,-6.235116004943848
cifar100_test_08407,8407,97,3,wolf,near,-8.636129379272461
cifar100_test_08418,8418,97,3,wolf,near,-6.9700188636779785
cifar100_test_08447,8447,15,4,camel,near,-4.38755989074707
cifar100_test_08454,8454,42,3,leopard,near,-6.952352523803711
cifar100_test_08455,8455,58,1,pickup_truck,near,-8.848442077636719
cifar100_test_08457,8457,48,9,motorcycle,near,-4.83101224899292
cifar100_test_08460,8460,48,3,motorcycle,near,-7.36814022064209
cifar100_test_08497,8497,13,3,bus,near,-3.6980907917022705
cifar100_test_08503,8503,58,1,pickup_truck,near,-6.107245445251465
cifar100_test_08504,8504,42,3,leopard,near,-4.126612663269043
cifar100_test_08519,8519,58,1,pickup_truck,near,-7.445699691772461
cifar100_test_08535,8535,97,5,wolf,near,-8.231169700622559
cifar100_test_08580,8580,89,8,tractor,near,-9.174762725830078
cifar100_test_08596,8596,13,9,bus,near,-6.856583118438721
cifar100_test_08598,8598,15,4,camel,near,-6.01085901260376
cifar100_test_08604,8604,15,4,camel,near,-9.132499694824219
cifar100_test_08609,8609,13,9,bus,near,-7.690944194793701
cifar100_test_08618,8618,34,3,fox,near,-8.784299850463867
cifar100_test_08627,8627,48,1,motorcycle,near,-6.227807998657227
cifar100_test_08634,8634,97,3,wolf,near,-8.734542846679688
cifar100_test_08648,8648,15,4,camel,near,-6.2726335525512695
cifar100_test_08655,8655,13,9,bus,near,-10.798260688781738
cifar100_test_08663,8663,13,9,bus,near,-7.809525966644287
cifar100_test_08672,8672,34,5,fox,near,-7.9814252853393555
cifar100_test_08693,8693,58,9,pickup_truck,near,-5.451580047607422
cifar100_test_08695,8695,42,6,leopard,near,-6.223806381225586
cifar100_test_08713,8713,97,5,wolf,near,-9.90256118774414
cifar100_test_08715,8715,34,3,fox,near,-8.673202514648438
cifar100_test_08717,8717,13,9,bus,near,-6.27595329284668
cifar100_test_08731,8731,34,3,fox,near,-12.208356857299805
cifar100_test_08732,8732,15,7,camel,near,-4.755038261413574
cifar100_test_08735,8735,34,3,fox,near,-8.070720672607422
cifar100_test_08762,8762,34,4,fox,near,-4.541811466217041
cifar100_test_08763,8763,48,9,motorcycle,near,-4.872459888458252
cifar100_test_08774,8774,42,3,leopard,near,-7.782321929931641
cifar100_test_08780,8780,15,7,camel,near,-6.770979404449463
cifar100_test_08800,8800,15,4,camel,near,-4.68547248840332
cifar100_test_08834,8834,15,5,camel,near,-7.390583515167236
cifar100_test_08904,8904,42,6,leopard,near,-9.60912036895752
cifar100_test_08906,8906,89,0,tractor,near,-5.175738334655762
cifar100_test_08918,8918,97,5,wolf,near,-6.267886161804199
cifar100_test_08920,8920,13,8,bus,near,-3.72179913520813
cifar100_test_08929,8929,48,9,motorcycle,near,-4.972160339355469
cifar100_test_08942,8942,89,9,tractor,near,-4.100409984588623
cifar100_test_08944,8944,58,1,pickup_truck,near,-5.249081134796143
cifar100_test_08947,8947,58,9,pickup_truck,near,-5.467800617218018
cifar100_test_08953,8953,58,1,pickup_truck,near,-9.048200607299805
cifar100_test_08958,8958,13,1,bus,near,-8.182085037231445
cifar100_test_08960,8960,97,3,wolf,near,-3.8287971019744873
cifar100_test_08966,8966,58,1,pickup_truck,near,-7.872470378875732
cifar100_test_08981,8981,48,9,motorcycle,near,-8.402055740356445
cifar100_test_08996,8996,89,8,tractor,near,-8.076918601989746
cifar100_test_09007,9007,48,0,motorcycle,near,-4.633177757263184
cifar100_test_09014,9014,15,5,camel,near,-8.519416809082031
cifar100_test_09017,9017,48,1,motorcycle,near,-6.92169189453125
cifar100_test_09019,9019,89,9,tractor,near,-10.239739418029785
cifar100_test_09027,9027,13,9,bus,near,-4.894524097442627
cifar100_test_09030,9030,58,1,pickup_truck,near,-7.13591194152832
cifar100_test_09039,9039,89,9,tractor,near,-6.458057880401611
cifar100_test_09058,9058,42,3,leopard,near,-7.361746788024902
cifar100_test_09081,9081,58,1,pickup_truck,near,-9.872228622436523
cifar100_test_09093,9093,15,2,camel,near,-4.341523170471191
cifar100_test_09110,9110,15,7,camel,near,-5.799998760223389
cifar100_test_09142,9142,15,7,camel,near,-10.225861549377441
cifar100_test_09148,9148,34,3,fox,near,-8.212064743041992
cifar100_test_09187,9187,42,3,leopard,near,-9.809144973754883
cifar100_test_09203,9203,89,9,tractor,near,-6.325748920440674
cifar100_test_09205,9205,48,1,motorcycle,near,-4.8435187339782715
cifar100_test_09231,9231,97,3,wolf,near,-8.641168594360352
cifar100_test_09232,9232,13,9,bus,near,-11.235088348388672
cifar100_test_09238,9238,42,6,leopard,near,-5.503003120422363
cifar100_test_09252,9252,13,9,bus,near,-8.793217658996582
cifar100_test_09259,9259,89,9,tractor,near,-6.9576239585876465
cifar100_test_09261,9261,42,6,leopard,near,-12.196330070495605
cifar100_test_09266,9266,15,5,camel,near,-8.031514167785645
cifar100_test_09276,9276,48,7,motorcycle,near,-4.08445405960083
cifar100_test_09288,9288,89,9,tractor,near,-8.765040397644043
cifar100_test_09317,9317,97,3,wolf,near,-6.933030128479004
cifar100_test_09318,9318,42,3,leopard,near,-7.348369121551514
cifar100_test_09345,9345,48,9,motorcycle,near,-6.9210100173950195
cifar100_test_09346,9346,97,5,wolf,near,-6.806443691253662
cifar100_test_09362,9362,15,7,camel,near,-5.327434062957764
cifar100_test_09368,9368,58,9,pickup_truck,near,-8.982686042785645
cifar100_test_09377,9377,58,1,pickup_truck,near,-6.208554267883301
cifar100_test_09388,9388,58,1,pickup_truck,near,-10.136748313903809
cifar100_test_09395,9395,89,4,tractor,near,-3.686948776245117
cifar100_test_09406,9406,42,3,leopard,near,-8.10513687133789
cifar100_test_09412,9412,15,5,camel,near,-7.522069454193115
cifar100_test_09429,9429,58,1,pickup_truck,near,-9.2539644241333
cifar100_test_09447,9447,58,1,pickup_truck,near,-7.341259956359863
cifar100_test_09453,9453,34,3,fox,near,-9.92947769165039
cifar100_test_09496,9496,34,2,fox,near,-6.358525276184082
cifar100_test_09504,9504,58,9,pickup_truck,near,-6.950537204742432
cifar100_test_09531,9531,15,5,camel,near,-7.685056209564209
cifar100_test_09546,9546,13,8,bus,near,-8.114389419555664
cifar100_test_09572,9572,13,9,bus,near,-7.672746181488037
cifar100_test_09575,9575,42,6,leopard,near,-9.945134162902832
cifar100_test_09587,9587,97,3,wolf,near,-6.921459674835205
cifar100_test_09611,9611,15,4,camel,near,-6.484220504760742
cifar100_test_09612,9612,42,4,leopard,near,-4.497581958770752
cifar100_test_09647,9647,15,7,camel,near,-4.957948207855225
cifar100_test_09654,9654,48,3,motorcycle,near,-4.905060768127441
cifar100_test_09662,9662,58,1,pickup_truck,near,-7.807671070098877
cifar100_test_09673,9673,89,9,tractor,near,-5.5611958503723145
cifar100_test_09676,9676,58,1,pickup_truck,near,-8.311717987060547
cifar100_test_09686,9686,34,3,fox,near,-5.160584449768066
cifar100_test_09704,9704,89,1,tractor,near,-7.033550262451172
cifar100_test_09708,9708,89,9,tractor,near,-7.119226455688477
cifar100_test_09743,9743,15,5,camel,near,-5.962939739227295
cifar100_test_09768,9768,97,3,wolf,near,-9.274133682250977
cifar100_test_09790,9790,97,3,wolf,near,-8.405069351196289
cifar100_test_09807,9807,89,9,tractor,near,-6.669573783874512
cifar100_test_09815,9815,13,1,bus,near,-7.922435760498047
cifar100_test_09833,9833,48,1,motorcycle,near,-4.661632537841797
cifar100_test_09835,9835,13,9,bus,near,-10.086928367614746
cifar100_test_09842,9842,34,4,fox,near,-9.786733627319336
cifar100_test_09871,9871,58,9,pickup_truck,near,-7.5715765953063965
cifar100_test_09878,9878,58,1,pickup_truck,near,-9.355868339538574
cifar100_test_09880,9880,58,9,pickup_truck,near,-8.573616027832031
cifar100_test_09886,9886,97,5,wolf,near,-5.835179805755615
cifar100_test_09914,9914,42,4,leopard,near,-5.820961952209473
cifar100_test_09922,9922,89,2,tractor,near,-4.961780548095703
cifar100_test_09927,9927,58,1,pickup_truck,near,-10.281414985656738
cifar100_test_09930,9930,13,9,bus,near,-9.474862098693848
cifar100_test_09936,9936,42,3,leopard,near,-6.435442924499512
cifar100_test_09942,9942,97,5,wolf,near,-6.782473087310791
cifar100_test_09948,9948,97,5,wolf,near,-4.877522945404053
cifar100_test_09965,9965,97,5,wolf,near,-8.806426048278809
cifar100_test_09969,9969,89,7,tractor,near,-4.72450065612793
cifar100_test_09998,9998,42,6,leopard,near,-6.895528316497803
