identifier,dataset_index,label,prediction,class_name,unknown_group,mls_unknownness,placeholder_unknownness
cifar100_test_00006,6,15,2,camel,near,-4.54271125793457,-6.24440316763647e-05
cifar100_test_00017,17,97,3,wolf,near,-4.302889823913574,-4.472950037530399e-05
cifar100_test_00036,36,58,9,pickup_truck,near,-5.3707661628723145,-0.00015897779356868758
cifar100_test_00047,47,58,9,pickup_truck,near,-3.9533371925354004,-5.4909040515943586e-05
cifar100_test_00058,58,42,3,leopard,near,-5.8280510902404785,-0.00011928742826516903
cifar100_test_00062,62,15,7,camel,near,-3.998011350631714,3.981726302784705e-05
cifar100_test_00085,85,89,9,tractor,near,-1.7529586553573608,0.0001406316253270007
cifar100_test_00094,94,13,9,bus,near,-8.339128494262695,-0.0003343380036142235
cifar100_test_00149,149,58,1,pickup_truck,near,-6.158688068389893,-0.0002546943526589712
cifar100_test_00150,150,58,9,pickup_truck,near,-2.7566452026367188,2.3486491392041287e-05
cifar100_test_00156,156,58,9,pickup_truck,near,-5.954171180725098,-0.00021567158070226466
cifar100_test_00193,193,13,9,bus,near,-7.876805782318115,-0.0002777876105361371
cifar100_test_00196,196,58,0,pickup_truck,near,-3.706278085708618,3.2442750960454125e-05
cifar100_test_00214,214,97,3,wolf,near,-7.169332027435303,-0.00020555341744162015
cifar100_test_00230,230,89,8,tractor,near,-3.7079474925994873,-5.73611209433722e-05
cifar100_test_00242,242,34,7,fox,near,-3.1431100368499756,0.0001285993021328674
cifar100_test_00255,255,97,3,wolf,near,-6.889998912811279,-0.0002351306651482976
cifar100_test_00256,256,58,9,pickup_truck,near,-5.695336818695068,-0.00020308523345115292
cifar100_test_00259,259,42,3,leopard,near,-6.269871711730957,-0.00014302518402960207
cifar100_test_00262,262,89,9,tractor,near,-6.416781902313232,-0.00025826058915748296
cifar100_test_00274,274,42,6,leopard,near,-5.595395565032959,-9.793657298592939e-05
cifar100_test_00283,283,89,9,tractor,near,-4.825109958648682,-0.00012864846042753841
cifar100_test_00288,288,42,6,leopard,near,-5.872089862823486,-9.653971858426813e-05
cifar100_test_00299,299,89,1,tractor,near,-4.62672758102417,-0.00011645342121922864
cifar100_test_00313,313,42,3,leopard,near,-5.454568386077881,-3.983708642771311e-05
cifar100_test_00317,317,15,2,camel,near,-5.46090841293335,-0.00014050251075513331
cifar100_test_00321,321,89,9,tractor,near,-6.090968132019043,-0.00022909011237361165
cifar100_test_00338,338,34,5,fox,near,-6.544900894165039,-0.000261103661952658
cifar100_test_00351,351,34,3,fox,near,-6.961791515350342,-0.0002188276609752654
cifar100_test_00353,353,58,1,pickup_truck,near,-7.727961540222168,-0.00028721132289750984
cifar100_test_00354,354,48,1,motorcycle,near,-3.2018516063690186,0.00011367221741072353
cifar100_test_00366,366,89,3,tractor,near,-3.6212308406829834,7.316475063902372e-05
cifar100_test_00409,409,89,9,tractor,near,-2.1750283241271973,0.00011450016115764627
cifar100_test_00425,425,42,6,leopard,near,-4.1090087890625,8.005746859711393e-05
cifar100_test_00460,460,58,1,pickup_truck,near,-4.947031021118164,-0.0001381847008637277
cifar100_test_00471,471,97,3,wolf,near,-4.193765163421631,-1.1861673707161402e-05
cifar100_test_00477,477,42,3,leopard,near,-3.3682684898376465,4.46679382132692e-05
cifar100_test_00498,498,89,6,tractor,near,-2.0673298835754395,0.00014464695271826367
cifar100_test_00507,507,58,1,pickup_truck,near,-4.671576976776123,-0.00014732595058804254
cifar100_test_00540,540,15,2,camel,near,-6.411584377288818,-0.00019613451714582675
cifar100_test_00555,555,42,3,leopard,near,-4.362216472625732,2.772391285252307e-05
cifar100_test_00578,578,58,1,pickup_truck,near,-4.663618564605713,-0.00014552254370574225
cifar100_test_00615,615,48,6,motorcycle,near,-3.2270054817199707,0.00010327646980146099
cifar100_test_00619,619,13,1,bus,near,-5.906331539154053,-0.00023080497356442464
cifar100_test_00626,626,48,0,motorcycle,near,-4.129208564758301,-2.4913882866489656e-05
cifar100_test_00632,632,97,3,wolf,near,-5.1548752784729,-0.00012624609428922573
cifar100_test_00650,650,15,4,camel,near,-2.0342860221862793,0.00014868995886896386
cifar100_test_00652,652,89,9,tractor,near,-5.790711402893066,-0.00022705101973664876
cifar100_test_00653,653,97,4,wolf,near,-4.402406215667725,-4.1068808512401134e-05
cifar100_test_00669,669,34,4,fox,near,-5.1217732429504395,-7.890397338733424e-05
cifar100_test_00684,684,97,5,wolf,near,-1.7807022333145142,0.00020267831073862708
cifar100_test_00702,702,42,2,leopard,near,-2.4584643840789795,0.00013830408943031614
cifar100_test_00712,712,97,5,wolf,near,-6.536217212677002,-0.00025017203717260517
cifar100_test_00717,717,15,7,camel,near,-4.205801963806152,-5.990558879265251e-05
cifar100_test_00720,720,97,5,wolf,near,-9.383939743041992,-0.0003656416114062033
cifar100_test_00751,751,15,3,camel,near,-3.4305012226104736,0.00011941993373561222
cifar100_test_00752,752,48,1,motorcycle,near,-2.0624022483825684,0.00010322409011258304
cifar100_test_00766,766,13,9,bus,near,-7.429806232452393,-0.00023527016381719168
cifar100_test_00769,769,15,0,camel,near,-6.781187534332275,-0.00016961004121499035
cifar100_test_00790,790,48,0,motorcycle,near,-2.943873167037964,6.17136450800776e-05
cifar100_test_00796,796,58,9,pickup_truck,near,-5.404420375823975,-0.00020447303070814105
cifar100_test_00803,803,58,1,pickup_truck,near,-6.8793816566467285,-0.0002966542633502378
cifar100_test_00809,809,97,5,wolf,near,-6.329524993896484,-0.00025116194853377904
cifar100_test_00811,811,15,2,camel,near,-4.108024597167969,1.9338412688682527e-05
cifar100_test_00822,822,13,9,bus,near,-6.231788158416748,-0.0002230896193160803
cifar100_test_00897,897,97,3,wolf,near,-8.002272605895996,-0.0003081022429899938
cifar100_test_00900,900,15,6,camel,near,-2.626589059829712,0.0001430510245656602
cifar100_test_00902,902,15,7,camel,near,-3.4152512550354004,4.5212232208421965e-05
cifar100_test_00915,915,15,5,camel,near,-6.968753337860107,-0.0002845673678006505
cifar100_test_00921,921,89,9,tractor,near,-5.791458606719971,-0.0002027806342038696
cifar100_test_00923,923,48,0,motorcycle,near,-3.7784197330474854,0.00011844747285226498
cifar100_test_00939,939,97,5,wolf,near,-3.7561240196228027,1.0592402600276274e-05
cifar100_test_00945,945,42,6,leopard,near,-6.280917644500732,-0.00017152111767451683
cifar100_test_00952,952,42,3,leopard,near,-6.959787845611572,-0.00019255556969299814
cifar100_test_00957,957,13,9,bus,near,-5.583459377288818,-0.0002110359611958018
cifar100_test_00959,959,34,5,fox,near,-8.430089950561523,-0.00037572197065779966
cifar100_test_00969,969,34,3,fox,near,-6.45866584777832,-0.00020488076545818745
cifar100_test_00992,992,15,4,camel,near,-2.9933552742004395,0.00013219159895963561
cifar100_test_00995,995,89,9,tractor,near,-3.567746639251709,-8.911194136373979e-06
cifar100_test_01023,1023,48,9,motorcycle,near,-5.208855152130127,-0.00013859091410352298
cifar100_test_01026,1026,97,5,wolf,near,-5.57771110534668,-0.00018424458252006004
cifar100_test_01034,1034,13,9,bus,near,-5.913752555847168,-0.00014504489740269078
cifar100_test_01060,1060,15,7,camel,near,-8.14608097076416,-0.0003135309077816062
cifar100_test_01081,1081,89,1,tractor,near,-4.411351203918457,-0.00011799556747309203
cifar100_test_01084,1084,42,3,leopard,near,-4.318955898284912,3.7163478576004993e-05
cifar100_test_01085,1085,15,4,camel,near,-2.3306777477264404,0.00014959696621004437
cifar100_test_01096,1096,48,3,motorcycle,near,-4.185596942901611,2.543601868977563e-05
cifar100_test_01133,1133,34,4,fox,near,-4.941292762756348,-8.309791556386503e-05
cifar100_test_01143,1143,13,9,bus,near,-3.0721213817596436,7.71750056472037e-05
cifar100_test_01145,1145,58,1,pickup_truck,near,-5.61392879486084,-0.00021368747062157356
cifar100_test_01155,1155,58,9,pickup_truck,near,-5.516846179962158,-0.00019933593056825627
cifar100_test_01181,1181,89,4,tractor,near,-2.6526780128479004,0.00011837158027766526
cifar100_test_01184,1184,15,4,camel,near,-2.339351177215576,0.00016699183992588407
cifar100_test_01212,1212,58,1,pickup_truck,near,-6.711465358734131,-0.00024640523776210677
cifar100_test_01218,1218,48,1,motorcycle,near,-5.367805004119873,-0.00014035339825325954
cifar100_test_01227,1227,34,4,fox,near,-3.8467283248901367,1.6954384846765147e-05
cifar100_test_01260,1260,89,9,tractor,near,-7.229778289794922,-0.00028509816257525633
cifar100_test_01261,1261,89,8,tractor,near,-5.610696792602539,-0.0001979932440440424
cifar100_test_01271,1271,13,9,bus,near,-7.4985527992248535,-0.0002818706229820306
cifar100_test_01320,1320,34,5,fox,near,-6.196402549743652,-0.0002359013178787478
cifar100_test_01321,1321,48,6,motorcycle,near,-4.245510101318359,3.6436719044116717e-05
cifar100_test_01324,1324,42,6,leopard,near,-4.726475238800049,-1.4786540395356207e-05
cifar100_test_01327,1327,58,1,pickup_truck,near,-5.912245273590088,-0.00022941167041773403
cifar100_test_01328,1328,42,5,leopard,near,-5.874939441680908,-0.00017850759900216173
cifar100_test_01345,1345,97,3,wolf,near,-8.534658432006836,-0.0002872996349954221
cifar100_test_01403,1403,34,5,fox,near,-2.8509645462036133,8.610262931506296e-05
cifar100_test_01404,1404,48,3,motorcycle,near,-5.062950611114502,-4.1367431982589076e-05
cifar100_test_01423,1423,15,2,camel,near,-3.2416396141052246,1.2783202977414976e-05
cifar100_test_01425,1425,34,4,fox,near,-4.288410186767578,-4.7109579019433134e-06
cifar100_test_01427,1427,13,1,bus,near,-6.122952938079834,-0.00022168190660019904
cifar100_test_01432,1432,34,5,fox,near,-6.630700588226318,-0.0002839092919687536
cifar100_test_01445,1445,13,9,bus,near,-4.759500026702881,-6.657280866577409e-05
cifar100_test_01463,1463,48,1,motorcycle,near,-5.3840484619140625,-0.0001533342750660166
cifar100_test_01464,1464,48,9,motorcycle,near,-4.548417568206787,-9.750316351066213e-05
cifar100_test_01478,1478,13,9,bus,near,-6.782449245452881,-0.0002603093296826148
cifar100_test_01489,1489,13,9,bus,near,-5.559040546417236,-0.0001936707527600834
cifar100_test_01491,1491,58,1,pickup_truck,near,-6.0817084312438965,-0.00020039911566392676
cifar100_test_01498,1498,34,3,fox,near,-3.17008376121521,9.55695364253939e-05
cifar100_test_01510,1510,15,4,camel,near,-5.544149398803711,-6.157543350004957e-05
cifar100_test_01519,1519,97,5,wolf,near,-6.292245388031006,-0.00020519397433461928
cifar100_test_01568,1568,58,1,pickup_truck,near,-6.128974437713623,-0.0002219870489184872
cifar100_test_01570,1570,42,6,leopard,near,-4.999777317047119,-7.585506478847981e-05
cifar100_test_01572,1572,15,4,camel,near,-7.724416255950928,-0.0002835050413224349
cifar100_test_01573,1573,15,0,camel,near,-2.8497092723846436,0.00014671483121279916
cifar100_test_01588,1588,15,5,camel,near,-4.840747356414795,-0.00011884348069053641
cifar100_test_01607,1607,42,6,leopard,near,-5.045605182647705,-3.0446191835467595e-05
cifar100_test_01616,1616,13,4,bus,near,-2.037867546081543,0.00019932825503915508
cifar100_test_01620,1620,42,3,leopard,near,-3.125770330429077,0.00013204325315498144
cifar100_test_01645,1645,34,4,fox,near,-5.736637115478516,-0.0001303783281083326
cifar100_test_01662,1662,13,9,bus,near,-7.34229040145874,-0.0002543069187940783
cifar100_test_01671,1671,48,1,motorcycle,near,-3.504155158996582,5.857452745609837e-05
cifar100_test_01687,1687,15,5,camel,near,-4.599550724029541,-9.032527158391035e-05
cifar100_test_01698,1698,34,3,fox,near,-4.836867809295654,-4.331136439525429e-05
cifar100_test_01752,1752,97,3,wolf,near,-6.446787357330322,-0.0001823532073986639
cifar100_test_01753,1753,89,0,tractor,near,-3.006239414215088,6.459712466329315e-05
cifar100_test_01771,1771,42,4,leopard,near,-5.523850917816162,-4.762111618375475e-05
cifar100_test_01783,1783,34,3,fox,near,-3.813330888748169,5.0453613470960446e-05
cifar100_test_01799,1799,34,3,fox,near,-5.022281646728516,-5.841752284541091e-05
cifar100_test_01812,1812,48,1,motorcycle,near,-2.6111867427825928,2.3927259830677783e-05
cifar100_test_01829,1829,48,9,motorcycle,near,-3.386651039123535,1.3641299247219019e-05
cifar100_test_01843,1843,42,4,leopard,near,-5.337026119232178,-0.00011346050518504236
cifar100_test_01864,1864,89,9,tractor,near,-4.240187168121338,-9.545395798352119e-06
cifar100_test_01881,1881,89,4,tractor,near,-1.373520016670227,0.00021687704472245217
cifar100_test_01882,1882,15,5,camel,near,-5.815732002258301,-0.00021440350301213384
cifar100_test_01889,1889,13,9,bus,near,-1.9842849969863892,0.0001003167856397924
cifar100_test_01913,1913,58,9,pickup_truck,near,-7.454184055328369,-0.00026791811450220526
cifar100_test_01937,1937,97,3,wolf,near,-4.232029914855957,-4.8255817270109747e-05
cifar100_test_01976,1976,89,9,tractor,near,-5.703418731689453,-0.00014544368340793645
cifar100_test_01985,1985,13,1,bus,near,-6.629445552825928,-0.00028404786495073164
cifar100_test_01994,1994,42,6,leopard,near,-8.587780952453613,-0.00035594677449862777
cifar100_test_02012,2012,58,9,pickup_truck,near,-6.539747714996338,-0.00023444913300897652
cifar100_test_02019,2019,13,9,bus,near,-4.775140285491943,-0.00013947147349460676
cifar100_test_02029,2029,89,9,tractor,near,-5.9341325759887695,-0.00012105149055144371
cifar100_test_02033,2033,48,9,motorcycle,near,-2.120105266571045,0.0001049466500459284
cifar100_test_02051,2051,15,5,camel,near,-2.732110023498535,7.728901042250436e-05
cifar100_test_02064,2064,97,5,wolf,near,-8.182555198669434,-0.00034253723064650576
cifar100_test_02066,2066,48,1,motorcycle,near,-2.116490364074707,7.259269144430092e-05
cifar100_test_02072,2072,48,0,motorcycle,near,-3.075407028198242,9.689812145176335e-05
cifar100_test_02082,2082,48,1,motorcycle,near,-5.699212551116943,-0.00016577702305121955
cifar100_test_02100,2100,58,1,pickup_truck,near,-7.295819282531738,-0.00026358652487239176
cifar100_test_02101,2101,89,6,tractor,near,-2.4584012031555176,0.00011897422641962696
cifar100_test_02102,2102,97,2,wolf,near,-6.593217849731445,-0.00019691865972058797
cifar100_test_02123,2123,89,9,tractor,near,-6.914114475250244,-0.00023590760919453557
cifar100_test_02131,2131,34,4,fox,near,-4.062644004821777,4.955680568990983e-05
cifar100_test_02144,2144,89,9,tractor,near,-5.059632301330566,-0.0001432597974913713
cifar100_test_02145,2145,15,4,camel,near,-5.8993611335754395,-0.00012577164897982496
cifar100_test_02148,2148,48,3,motorcycle,near,-5.374344348907471,-6.195848353950095e-05
cifar100_test_02171,2171,89,9,tractor,near,-4.186515808105469,-2.7678603497810483e-05
cifar100_test_02203,2203,13,1,bus,near,-7.7476325035095215,-0.0002938163840440766
cifar100_test_02211,2211,42,3,leopard,near,-2.5766689777374268,0.00013528362884607237
cifar100_test_02219,2219,97,5,wolf,near,-7.663404941558838,-0.00029582537020485244
cifar100_test_02242,2242,48,6,motorcycle,near,-4.801232814788818,-3.184748657492076e-05
cifar100_test_02267,2267,15,7,camel,near,-2.9905385971069336,0.00011028498652075613
cifar100_test_02315,2315,15,7,camel,near,-5.055369853973389,-7.154811874371392e-05
cifar100_test_02321,2321,58,1,pickup_truck,near,-6.839050769805908,-0.0002589215705251502
cifar100_test_02336,2336,34,4,fox,near,-4.8777570724487305,-4.417488576120843e-05
cifar100_test_02337,2337,97,7,wolf,near,-7.267618179321289,-0.0002662511474211121
cifar100_test_02340,2340,97,3,wolf,near,-6.724701404571533,-0.00021416176352095917
cifar100_test_02349,2349,34,4,fox,near,-4.658766269683838,-2.583306797156182e-05
cifar100_test_02356,2356,34,4,fox,near,-3.963498592376709,1.6690924153600628e-05
cifar100_test_02396,2396,58,1,pickup_truck,near,-6.726038455963135,-0.0002509653671231016
cifar100_test_02415,2415,15,4,camel,near,-4.263839244842529,-4.823048146002096e-07
cifar100_test_02421,2421,58,1,pickup_truck,near,-4.647458553314209,-0.000139574639812734
cifar100_test_02435,2435,34,3,fox,near,-6.89124059677124,-0.0002486987676742769
cifar100_test_02484,2484,13,9,bus,near,-6.00609016418457,-0.00021554690806130372
cifar100_test_02503,2503,89,4,tractor,near,-3.1618151664733887,6.158956304655461e-05
cifar100_test_02518,2518,34,5,fox,near,-3.9142074584960938,-1.2343563170494343e-05
cifar100_test_02544,2544,34,4,fox,near,-6.240980625152588,-0.00017041463789611855
cifar100_test_02556,2556,58,1,pickup_truck,near,-3.2141003608703613,7.384326555670562e-06
cifar100_test_02569,2569,89,9,tractor,near,-5.087735652923584,-9.814599075325114e-05
cifar100_test_02570,2570,42,3,leopard,near,-6.191618919372559,-0.00010592293811438613
cifar100_test_02591,2591,13,9,bus,near,-5.863369941711426,-0.00024138505638875152
cifar100_test_02603,2603,58,1,pickup_truck,near,-7.496632099151611,-0.00027308340217588323
cifar100_test_02618,2618,97,5,wolf,near,-4.898965835571289,-0.00010237635823785729
cifar100_test_02624,2624,89,0,tractor,near,-5.029444694519043,-2.223606001167111e-05
cifar100_test_02647,2647,42,6,leopard,near,-6.3039655685424805,-0.00016840237870999197
cifar100_test_02665,2665,13,9,bus,near,-8.594507217407227,-0.0003638515127893094
cifar100_test_02675,2675,89,6,tractor,near,-2.3291068077087402,0.00017329261473858493
cifar100_test_02678,2678,42,3,leopard,near,-6.129140853881836,-0.00011171282669837634
cifar100_test_02698,2698,13,9,bus,near,-5.2285003662109375,-0.00015076010181701294
cifar100_test_02712,2712,15,7,camel,near,-5.114650726318359,-8.21741855044078e-05
cifar100_test_02719,2719,13,9,bus,near,-7.711788177490234,-0.00030682087665229174
cifar100_test_02756,2756,34,3,fox,near,-6.291510105133057,-0.00020821778717058925
cifar100_test_02774,2774,15,7,camel,near,-3.4175901412963867,0.00013087059886995878
cifar100_test_02826,2826,97,4,wolf,near,-5.303077697753906,-8.22302390591223e-05
cifar100_test_02828,2828,34,3,fox,near,-5.78468656539917,-7.818250592799003e-05
cifar100_test_02832,2832,13,9,bus,near,-6.794007778167725,-0.00016859952669336098
cifar100_test_02834,2834,15,7,camel,near,-6.8401899337768555,-0.00013495082253679735
cifar100_test_02835,2835,97,5,wolf,near,-3.5798068046569824,3.047011049028825e-06
cifar100_test_02842,2842,97,3,wolf,near,-6.4704976081848145,-0.00015362643823176036
cifar100_test_02843,2843,13,9,bus,near,-6.413391590118408,-0.00020327919855653298
cifar100_test_02871,2871,89,9,tractor,near,-5.265639781951904,-0.00015344067729516908
cifar100_test_02882,2882,58,1,pickup_truck,near,-6.9200873374938965,-0.00027640273141500693
cifar100_test_02891,2891,34,5,fox,near,-2.44537353515625,9.26093664208455e-05
cifar100_test_02911,2911,89,8,tractor,near,-5.747757911682129,-0.00016783193692264387
cifar100_test_02933,2933,97,3,wolf,near,-4.132202625274658,-5.114840438874557e-05
cifar100_test_02946,2946,15,5,camel,near,-6.08189058303833,-0.00023047639348572346
cifar100_test_02948,2948,15,4,camel,near,-5.4310832023620605,-7.434744118826886e-05
cifar100_test_02956,2956,89,9,tractor,near,-5.523744583129883,-0.00016622770534228948
cifar100_test_02986,2986,97,5,wolf,near,-6.50360631942749,-0.00026835099025804277
cifar100_test_02992,2992,89,8,tractor,near,-6.1061015129089355,-0.00021065330328286225
cifar100_test_03009,3009,42,4,leopard,near,-4.231012344360352,1.9929285232256344e-05
cifar100_test_03026,3026,13,9,bus,near,-7.83775520324707,-0.000295525316171677
cifar100_test_03027,3027,48,2,motorcycle,near,-2.435220956802368,9.188843978526207e-05
cifar100_test_03054,3054,48,0,motorcycle,near,-6.4289140701293945,-0.0001669435225115784
cifar100_test_03074,3074,42,6,leopard,near,-5.143924713134766,-5.120047210427359e-05
cifar100_test_03104,3104,42,3,leopard,near,-8.379047393798828,-0.0003085131316312162
cifar100_test_03106,3106,13,9,bus,near,-4.145010471343994,-4.9619683624171906e-05
cifar100_test_03111,3111,48,1,motorcycle,near,-3.2824978828430176,0.00012448213883070602
cifar100_test_03136,3136,34,5,fox,near,-2.030726909637451,0.00017006022564534928
cifar100_test_03153,3153,15,9,camel,near,-4.9948954582214355,-0.00011399199233681767
cifar100_test_03177,3177,89,9,tractor,near,-5.721550464630127,-0.0001549728983454568
cifar100_test_03197,3197,13,9,bus,near,-6.676672458648682,-0.00025280203892222297
cifar100_test_03200,3200,42,3,leopard,near,-3.4667649269104004,5.543972480716308e-05
cifar100_test_03219,3219,97,5,wolf,near,-6.326487064361572,-0.00026427857418272194
cifar100_test_03236,3236,13,9,bus,near,-5.182359218597412,-0.00016582576026966112
cifar100_test_03240,3240,48,1,motorcycle,near,-3.0149903297424316,5.250988725802319e-05
cifar100_test_03256,3256,48,1,motorcycle,near,-3.419870376586914,-3.108779905362791e-05
cifar100_test_03276,3276,13,9,bus,near,-7.7354254722595215,-0.0002946560085337474
cifar100_test_03291,3291,42,2,leopard,near,-5.460697174072266,-6.740057376136699e-06
cifar100_test_03319,3319,15,5,camel,near,-6.86798620223999,-0.0002472023754870184
cifar100_test_03338,3338,42,4,leopard,near,-3.6174466609954834,3.282630599707459e-05
cifar100_test_03346,3346,42,3,leopard,near,-2.9894039630889893,9.638195242266112e-05
cifar100_test_03368,3368,34,4,fox,near,-4.213806629180908,-1.598674311445447e-05
cifar100_test_03376,3376,48,1,motorcycle,near,-7.59416389465332,-0.00031232852093815433
cifar100_test_03379,3379,42,2,leopard,near,-5.789440631866455,-0.0001219993954423848
cifar100_test_03412,3412,89,8,tractor,near,-3.3168063163757324,6.124361823135749e-05
cifar100_test_03478,3478,13,1,bus,near,-3.333437204360962,-2.9207751645887736e-05
cifar100_test_03484,3484,89,9,tractor,near,-5.387274742126465,-0.00010770327959656878
cifar100_test_03487,3487,97,5,wolf,near,-6.62181282043457,-0.0002723755997527527
cifar100_test_03525,3525,48,0,motorcycle,near,-5.3682756423950195,-7.454158808953282e-05
cifar100_test_03532,3532,89,9,tractor,near,-8.294197082519531,-0.00033939145149747274
cifar100_test_03537,3537,58,1,pickup_truck,near,-3.7027318477630615,-6.96720353574043e-05
cifar100_test_03538,3538,97,5,wolf,near,-6.705005645751953,-0.0002683336772189293
cifar100_test_03549,3549,42,3,leopard,near,-6.696996212005615,-0.00018470104452313063
cifar100_test_03558,3558,48,1,motorcycle,near,-5.285425662994385,-0.00014401154463572485
cifar100_test_03564,3564,13,9,bus,near,-2.726834774017334,7.340805561685537e-05
cifar100_test_03567,3567,42,3,leopard,near,-5.431887149810791,-0.00013856043210457025
cifar100_test_03605,3605,34,3,fox,near,-5.580374240875244,-0.00012952957279367683
cifar100_test_03606,3606,48,3,motorcycle,near,-5.5100274085998535,-0.00010664356546540021
cifar100_test_03607,3607,34,5,fox,near,-3.8425745964050293,3.1352606986639886e-05
cifar100_test_03608,3608,34,3,fox,near,-4.982431411743164,-3.874468703268796e-05
cifar100_test_03613,3613,97,5,wolf,near,-7.570916652679443,-0.0003057116989884784
cifar100_test_03630,3630,58,9,pickup_truck,near,-3.5690994262695312,-4.1659510880240336e-05
cifar100_test_03644,3644,34,4,fox,near,-7.027923583984375,-0.00024201225011737104
cifar100_test_03655,3655,58,9,pickup_truck,near,-3.450451374053955,-5.0347447113727184e-05
cifar100_test_03663,3663,97,4,wolf,near,-2.769989013671875,0.00014976084530168854
cifar100_test_03701,3701,13,8,bus,near,-2.548224925994873,3.9545227073986555e-05
cifar100_test_03715,3715,48,0,motorcycle,near,-6.95744514465332,-0.0002021233269502848
cifar100_test_03731,3731,97,5,wolf,near,-7.685620307922363,-0.0002419130814692999
cifar100_test_03732,3732,48,9,motorcycle,near,-4.529541969299316,-7.66422794554883e-05
cifar100_test_03747,3747,97,3,wolf,near,-4.94282341003418,-7.262422220569165e-05
cifar100_test_03748,3748,48,3,motorcycle,near,-4.532884120941162,1.3645175133900067e-05
cifar100_test_03755,3755,13,9,bus,near,-6.99298095703125,-0.00021577283891964505
cifar100_test_03760,3760,34,3,fox,near,-6.590728759765625,-0.00021201483024056722
cifar100_test_03817,3817,97,5,wolf,near,-3.6953554153442383,5.039451467736544e-06
cifar100_test_03823,3823,34,3,fox,near,-3.9797279834747314,-2.866305580323525e-05
cifar100_test_03831,3831,15,7,camel,near,-6.295289039611816,-0.00017431068727412347
cifar100_test_03840,3840,89,9,tractor,near,-5.915282726287842,-0.00015639591125750363
cifar100_test_03849,3849,97,3,wolf,near,-4.4932403564453125,-2.706951833854332e-05
cifar100_test_03857,3857,48,1,motorcycle,near,-3.796447515487671,2.2577441854826352e-06
cifar100_test_03868,3868,13,1,bus,near,-4.074259281158447,-8.687049938539693e-05
cifar100_test_03877,3877,97,3,wolf,near,-5.170057773590088,-6.820818006499085e-05
cifar100_test_03884,3884,15,3,camel,near,-2.443091869354248,0.00015538573017334634
cifar100_test_03886,3886,97,7,wolf,near,-1.949625015258789,0.00015928370272376424
cifar100_test_03887,3887,13,9,bus,near,-7.759321212768555,-0.00027558562122324826
cifar100_test_03893,3893,48,2,motorcycle,near,-4.582859516143799,-2.508569081388634e-05
cifar100_test_03908,3908,34,4,fox,near,-3.9197754859924316,-1.54026053572065e-05
cifar100_test_03913,3913,89,9,tractor,near,-3.397242307662964,6.258727911198636e-05
cifar100_test_03927,3927,97,3,wolf,near,-2.4712893962860107,0.00014907399878033578
cifar100_test_03930,3930,15,8,camel,near,-3.4597482681274414,3.720643403629098e-05
cifar100_test_03933,3933,58,1,pickup_truck,near,-5.607724189758301,-0.0002032760827567065
cifar100_test_03947,3947,13,9,bus,near,-6.1488518714904785,-0.00020315482909513682
cifar100_test_03985,3985,15,4,camel,near,-4.138805866241455,-8.702870113133643e-06
cifar100_test_04003,4003,34,4,fox,near,-6.846827983856201,-0.00021030860672212326
cifar100_test_04004,4004,34,5,fox,near,-4.319580554962158,-8.101029841782459e-05
cifar100_test_04027,4027,89,9,tractor,near,-5.573019981384277,-0.0001427989868442725
cifar100_test_04028,4028,48,0,motorcycle,near,-2.1346793174743652,0.0001235560680385439
cifar100_test_04049,4049,34,5,fox,near,-3.455911159515381,5.301780627686714e-06
cifar100_test_04104,4104,13,0,bus,near,-8.758484840393066,-0.0003079990091401086
cifar100_test_04109,4109,89,0,tractor,near,-4.229589939117432,3.17014687918199e-05
cifar100_test_04118,4118,42,6,leopard,near,-5.299924373626709,-5.1087669790367274e-05
cifar100_test_04128,4128,48,5,motorcycle,near,-2.4128170013427734,0.00011061423468418374
cifar100_test_04129,4129,13,8,bus,near,-3.0539803504943848,7.582186102933486e-05
cifar100_test_04147,4147,48,1,motorcycle,near,-4.266102313995361,-1.704815856902464e-05
cifar100_test_04153,4153,97,3,wolf,near,-4.609869480133057,-2.590004458491446e-05
cifar100_test_04173,4173,13,9,bus,near,-8.34316635131836,-0.0003199840620849159
cifar100_test_04182,4182,34,4,fox,near,-7.487252712249756,-0.0002688257926523191
cifar100_test_04185,4185,13,9,bus,near,-6.776084899902344,-0.00022979771891763756
cifar100_test_04201,4201,13,9,bus,near,-5.397763252258301,-0.00018462476732848676
cifar100_test_04225,4225,97,6,wolf,near,-4.809850215911865,-1.0575639295976047e-05
cifar100_test_04234,4234,15,4,camel,near,-7.716722011566162,-0.000281003237247307
cifar100_test_04238,4238,42,5,leopard,near,-6.4546990394592285,-0.00025023358862893974
cifar100_test_04255,4255,34,4,fox,near,-5.928581237792969,-0.0001437883527809769
cifar100_test_04264,4264,34,4,fox,near,-6.982324123382568,-0.00023223799847557625
cifar100_test_04277,4277,34,6,fox,near,-1.8671724796295166,0.00016179252083051154
cifar100_test_04278,4278,42,2,leopard,near,-6.503249645233154,-0.0002097776099130172
cifar100_test_04283,4283,97,3,wolf,near,-3.9867656230926514,-2.6992317457827375e-05
cifar100_test_04285,4285,97,5,wolf,near,-6.098852157592773,-0.00021011994401612388
cifar100_test_04294,4294,97,4,wolf,near,-6.290207862854004,-0.0001721945128811686
cifar100_test_04296,4296,13,9,bus,near,-7.906773090362549,-0.00030961165441480143
cifar100_test_04307,4307,13,9,bus,near,-7.922671794891357,-0.0003048585360717615
cifar100_test_04313,4313,34,3,fox,near,-4.399409770965576,-7.474692429973451e-05
cifar100_test_04316,4316,58,9,pickup_truck,near,-5.638747215270996,-0.00019808862423525975
cifar100_test_04320,4320,42,3,leopard,near,-4.723850250244141,-3.627884019355432e-05
cifar100_test_04335,4335,58,9,pickup_truck,near,-7.8136515617370605,-0.00027975226310700263
cifar100_test_04341,4341,34,0,fox,near,-5.88667106628418,-0.00013067630122455542
cifar100_test_04345,4345,15,5,camel,near,-3.733548641204834,3.478747214771816e-05
cifar100_test_04378,4378,97,5,wolf,near,-4.863901615142822,-0.0001178920759537655
cifar100_test_04387,4387,58,9,pickup_truck,near,-3.1984801292419434,2.4051544592992857e-05
cifar100_test_04404,4404,89,9,tractor,near,-2.8105194568634033,8.172789108375211e-05
cifar100_test_04415,4415,15,0,camel,near,-3.426158905029297,0.00010349711618810875
cifar100_test_04426,4426,13,1,bus,near,-4.745156288146973,-0.00017656844272352645
cifar100_test_04434,4434,13,9,bus,near,-4.7451090812683105,-0.00012267263012892549
cifar100_test_04435,4435,15,5,camel,near,-6.8724799156188965,-0.0002758749399073557
cifar100_test_04441,4441,34,5,fox,near,-4.015677452087402,-5.402843236726462e-05
cifar100_test_04461,4461,48,0,motorcycle,near,-6.724897861480713,-0.00014026832144480028
cifar100_test_04463,4463,58,1,pickup_truck,near,-6.636423110961914,-0.00020325005915869387
cifar100_test_04464,4464,13,9,bus,near,-5.88605260848999,-0.0001627347256278333
cifar100_test_04468,4468,13,9,bus,near,-5.585206031799316,-0.00020253789317530024
cifar100_test_04470,4470,97,3,wolf,near,-5.564568996429443,-0.00012584277819538414
cifar100_test_04487,4487,48,1,motorcycle,near,-5.133161544799805,-9.881281926837904e-05
cifar100_test_04506,4506,58,1,pickup_truck,near,-7.693086624145508,-0.00029082869707297565
cifar100_test_04515,4515,58,1,pickup_truck,near,-7.40482759475708,-0.0002974337474102168
cifar100_test_04517,4517,89,2,tractor,near,-4.390265941619873,-7.98378677091538e-06
cifar100_test_04519,4519,15,2,camel,near,-6.890957832336426,-0.00017662508845274483
cifar100_test_04586,4586,13,1,bus,near,-9.152997970581055,-0.0003652789954822766
cifar100_test_04588,4588,58,1,pickup_truck,near,-7.091547012329102,-0.0002966155978899876
cifar100_test_04602,4602,97,5,wolf,near,-7.779518127441406,-0.00028672418616965123
cifar100_test_04609,4609,42,6,leopard,near,-3.217942953109741,9.48809826907121e-05
cifar100_test_04610,4610,89,9,tractor,near,-3.7686777114868164,-2.426654643034043e-05
cifar100_test_04611,4611,42,6,leopard,near,-5.178531646728516,-1.7177600324658204e-05
cifar100_test_04621,4621,34,4,fox,near,-8.826393127441406,-0.0003340889150188209
cifar100_test_04663,4663,89,9,tractor,near,-5.71751594543457,-0.0001280768533142712
cifar100_test_04677,4677,42,3,leopard,near,-8.722074508666992,-0.00034850234621300324
cifar100_test_04691,4691,89,9,tractor,near,-4.709028720855713,-0.00011506819770149002
cifar100_test_04693,4693,58,1,pickup_truck,near,-5.640921592712402,-0.00020507740097273908
cifar100_test_04703,4703,34,4,fox,near,-4.674274921417236,-3.998281772103762e-05
cifar100_test_04706,4706,34,3,fox,near,-5.866429805755615,-0.00012502382116354183
cifar100_test_04731,4731,89,9,tractor,near,-6.313371658325195,-0.0002670867340069105
cifar100_test_04736,4736,15,2,camel,near,-6.004380226135254,-0.00013485815003705381
cifar100_test_04740,4740,13,8,bus,near,-2.7631425857543945,3.234085840246592e-05
cifar100_test_04754,4754,34,4,fox,near,-3.7213659286499023,1.5294189635445266e-06
cifar100_test_04756,4756,13,3,bus,near,-3.6339495182037354,0.00010850210766713553
cifar100_test_04788,4788,13,9,bus,near,-3.7534005641937256,-8.482018669932201e-05
cifar100_test_04808,4808,13,0,bus,near,-4.344430923461914,-2.6533466967737507e-05
cifar100_test_04821,4821,58,1,pickup_truck,near,-6.123175621032715,-0.0002270219621264835
cifar100_test_04870,4870,58,1,pickup_truck,near,-8.225449562072754,-0.00033268315957558914
cifar100_test_04878,4878,34,3,fox,near,-3.3007736206054688,5.860401216739586e-05
cifar100_test_04881,4881,58,1,pickup_truck,near,-6.0467610359191895,-0.00022419783713817365
cifar100_test_04889,4889,34,7,fox,near,-7.5860137939453125,-0.00024930499361115743
cifar100_test_04892,4892,48,0,motorcycle,near,-1.7937723398208618,0.00016081485894114955
cifar100_test_04894,4894,15,4,camel,near,-1.662070870399475,0.0001752246034762428
cifar100_test_04927,4927,48,0,motorcycle,near,-3.7236039638519287,3.565690161305701e-05
cifar100_test_04943,4943,42,6,leopard,near,-3.5228800773620605,7.24090503037289e-05
cifar100_test_04960,4960,48,1,motorcycle,near,-3.0444884300231934,5.981951937525376e-05
cifar100_test_04971,4971,42,3,leopard,near,-4.5788397789001465,-2.8380846985656683e-05
cifar100_test_04991,4991,34,5,fox,near,-5.35757303237915,-0.00013050799276174974
cifar100_test_04992,4992,42,3,leopard,near,-5.5966715812683105,-4.776700530735589e-05
cifar100_test_04998,4998,13,9,bus,near,-7.432864665985107,-0.0002518147996065784
cifar100_test_05003,5003,48,1,motorcycle,near,-3.682072401046753,-7.904353774290662e-06
cifar100_test_05008,5008,58,1,pickup_truck,near,-6.3934326171875,-0.00024079511227323436
cifar100_test_05009,5009,58,1,pickup_truck,near,-7.154305934906006,-0.00029494388189761633
cifar100_test_05015,5015,13,9,bus,near,-6.770545482635498,-0.00024852761333926665
cifar100_test_05016,5016,42,3,leopard,near,-2.3209221363067627,0.0001308042626056577
cifar100_test_05020,5020,13,9,bus,near,-6.426208972930908,-0.00024494626777378514
cifar100_test_05025,5025,89,9,tractor,near,-5.706350803375244,-1.8683236363226108e-05
cifar100_test_05029,5029,15,4,camel,near,-5.825770378112793,-0.00013350527582366156
cifar100_test_05031,5031,97,4,wolf,near,-1.9348554611206055,0.00015511008269651627
cifar100_test_05032,5032,15,2,camel,near,-4.270162105560303,6.22010675182666e-05
cifar100_test_05064,5064,13,9,bus,near,-4.65610933303833,-9.381009375239446e-06
cifar100_test_05078,5078,97,5,wolf,near,-8.329151153564453,-0.00032407431933997866
cifar100_test_05084,5084,34,3,fox,near,-4.363678455352783,-4.032715732966985e-05
cifar100_test_05109,5109,42,3,leopard,near,-5.166767597198486,-3.24994910238241e-05
cifar100_test_05110,5110,58,1,pickup_truck,near,-6.215906143188477,-0.00023602253481530555
cifar100_test_05112,5112,48,0,motorcycle,near,-3.3328335285186768,0.0001365335659313932
cifar100_test_05113,5113,15,5,camel,near,-6.540775775909424,-0.00022152700158020733
cifar100_test_05114,5114,48,3,motorcycle,near,-3.60502028465271,3.342927443715504e-05
cifar100_test_05119,5119,15,0,camel,near,-4.742518901824951,-2.5865947350336982e-05
cifar100_test_05129,5129,58,9,pickup_truck,near,-3.7782716751098633,-6.303601257943992e-05
cifar100_test_05141,5141,89,1,tractor,near,-3.1852173805236816,4.6449066943940465e-05
cifar100_test_05142,5142,42,3,leopard,near,-3.586935043334961,4.137566236504797e-05
cifar100_test_05149,5149,58,9,pickup_truck,near,-6.406871795654297,-0.00020736169181585773
cifar100_test_05162,5162,48,3,motorcycle,near,-3.926689624786377,1.0383810428116202e-05
cifar100_test_05163,5163,13,9,bus,near,-5.924596309661865,-0.00011063598542533637
cifar100_test_05175,5175,48,9,motorcycle,near,-4.286304473876953,-1.8743940564169836e-05
cifar100_test_05182,5182,89,8,tractor,near,-4.54313850402832,-9.040835737136876e-05
cifar100_test_05184,5184,13,9,bus,near,-5.902522563934326,-0.00016783603222678134
cifar100_test_05185,5185,42,6,leopard,near,-2.4560511112213135,0.00014400880631934565
cifar100_test_05189,5189,89,1,tractor,near,-2.9138503074645996,2.488887599819134e-05
cifar100_test_05201,5201,13,9,bus,near,-7.485412120819092,-0.00027526587890726317
cifar100_test_05210,5210,42,6,leopard,near,-4.892398357391357,-4.212368804842881e-05
cifar100_test_05216,5216,48,7,motorcycle,near,-4.949563980102539,-4.753345648113305e-05
cifar100_test_05218,5218,15,6,camel,near,-7.212734222412109,-0.0002744161596012762
cifar100_test_05231,5231,42,6,leopard,near,-5.440758228302002,-7.302099969254405e-05
cifar100_test_05249,5249,15,5,camel,near,-4.785738468170166,-9.562724215719798e-05
cifar100_test_05253,5253,15,5,camel,near,-5.713770866394043,-0.00021279902217331836
cifar100_test_05285,5285,15,5,camel,near,-6.174585819244385,-0.00022941073283513913
cifar100_test_05287,5287,89,0,tractor,near,-2.6922783851623535,8.165754051253638e-05
cifar100_test_05291,5291,97,5,wolf,near,-6.400631904602051,-0.00023906560389898301
cifar100_test_05293,5293,15,7,camel,near,-7.365436553955078,-0.0002597452548571272
cifar100_test_05311,5311,48,6,motorcycle,near,-1.6345765590667725,0.0002079143396116756
cifar100_test_05314,5314,89,9,tractor,near,-2.665018081665039,3.965336624774107e-05
cifar100_test_05316,5316,42,3,leopard,near,-5.934648036956787,-8.870452563379538e-05
cifar100_test_05317,5317,58,9,pickup_truck,near,-5.372377872467041,-0.00016046017642881716
cifar100_test_05327,5327,89,9,tractor,near,-3.875293254852295,-5.302050267136371e-05
cifar100_test_05328,5328,42,4,leopard,near,-2.95352840423584,9.972459350114649e-05
cifar100_test_05342,5342,48,0,motorcycle,near,-2.3389394283294678,0.00019004321952624526
cifar100_test_05350,5350,48,9,motorcycle,near,-2.7707669734954834,8.742538355946405e-05
cifar100_test_05399,5399,42,3,leopard,near,-6.6336989402771,-0.0001664282640493342
cifar100_test_05408,5408,97,3,wolf,near,-2.8480260372161865,9.174727523729442e-05
cifar100_test_05425,5425,97,5,wolf,near,-5.104440689086914,-0.00013541631264817056
cifar100_test_05430,5430,48,1,motorcycle,near,-3.9080886840820312,-2.0210151120927944e-05
cifar100_test_05437,5437,58,9,pickup_truck,near,-4.417703628540039,-0.00010208810195262707
cifar100_test_05445,5445,89,9,tractor,near,-8.1309814453125,-0.0003101022195490244
cifar100_test_05449,5449,42,6,leopard,near,-5.883797645568848,-0.00012268982108450122
cifar100_test_05455,5455,15,7,camel,near,-6.648327827453613,-0.00024333006243831834
cifar100_test_05458,5458,42,6,leopard,near,-2.402252435684204,0.00012574853876101688
cifar100_test_05460,5460,48,0,motorcycle,near,-1.9969096183776855,0.0001876787815699582
cifar100_test_05465,5465,13,9,bus,near,-3.688230514526367,-2.8474561133293164e-05
cifar100_test_05469,5469,48,9,motorcycle,near,-4.558324337005615,-3.247803082538636e-05
cifar100_test_05472,5472,42,6,leopard,near,-4.40191125869751,3.231147885404684e-05
cifar100_test_05478,5478,42,6,leopard,near,-3.093130588531494,7.6703635404754e-05
cifar100_test_05486,5486,48,1,motorcycle,near,-4.56663179397583,-6.68033731098111e-05
cifar100_test_05494,5494,15,3,camel,near,-4.072829723358154,5.682610506427266e-05
cifar100_test_05495,5495,89,9,tractor,near,-4.6787238121032715,-0.00011252414389736898
cifar100_test_05516,5516,15,2,camel,near,-4.236114978790283,-5.077371352407711e-05
cifar100_test_05519,5519,15,4,camel,near,-4.594542026519775,-1.0552440244823713e-05
cifar100_test_05532,5532,15,4,camel,near,-1.4796433448791504,0.00020007253056628094
cifar100_test_05550,5550,89,9,tractor,near,-4.494969844818115,-0.00010636859620874461
cifar100_test_05568,5568,58,1,pickup_truck,near,-3.6493430137634277,-7.716183460335091e-05
cifar100_test_05572,5572,48,1,motorcycle,near,-4.740468502044678,-0.00013729292217816436
cifar100_test_05612,5612,48,0,motorcycle,near,-2.852557897567749,0.00012027475504776397
cifar100_test_05619,5619,34,5,fox,near,-3.9018516540527344,-1.3339076742599487e-05
cifar100_test_05634,5634,13,9,bus,near,-6.404026508331299,-0.00027651413583261453
cifar100_test_05650,5650,48,1,motorcycle,near,-5.734503746032715,-0.00020192963281727427
cifar100_test_05654,5654,13,1,bus,near,-7.103001117706299,-0.000282432617118189
cifar100_test_05664,5664,15,5,camel,near,-5.937463760375977,-0.00022237074594749773
cifar100_test_05691,5691,48,0,motorcycle,near,-5.893913269042969,-0.00016939770669138765
cifar100_test_05696,5696,89,9,tractor,near,-4.79379415512085,-9.82945996612361e-05
cifar100_test_05698,5698,42,6,leopard,near,-6.990215301513672,-0.00021393644417037894
cifar100_test_05715,5715,58,1,pickup_truck,near,-3.9348626136779785,-7.698075455772613e-05
cifar100_test_05726,5726,34,2,fox,near,-3.7986176013946533,1.676645738853122e-05
cifar100_test_05732,5732,58,1,pickup_truck,near,-5.017432689666748,-0.0001283547238045274
cifar100_test_05736,5736,58,1,pickup_truck,near,-3.9242172241210938,-0.00010156808470199175
cifar100_test_05738,5738,58,1,pickup_truck,near,-4.877749919891357,-0.00017637819601168392
cifar100_test_05748,5748,13,9,bus,near,-7.212008953094482,-0.00019547259017620167
cifar100_test_05756,5756,58,1,pickup_truck,near,-6.905210971832275,-0.00026964229910374227
cifar100_test_05762,5762,15,2,camel,near,-8.47701358795166,-0.000336478661583553
cifar100_test_05781,5781,97,3,wolf,near,-6.437086582183838,-0.00016114251887647257
cifar100_test_05818,5818,89,7,tractor,near,-2.662099599838257,7.423158806446617e-05
cifar100_test_05819,5819,42,3,leopard,near,-7.409531116485596,-0.0002115302878385461
cifar100_test_05832,5832,34,4,fox,near,-5.338342189788818,-0.00012952654102185712
cifar100_test_05853,5853,13,9,bus,near,-7.7728118896484375,-0.0003304575565802048
cifar100_test_05889,5889,34,5,fox,near,-6.093906879425049,-0.0001829749702849659
cifar100_test_05893,5893,58,1,pickup_truck,near,-6.0501322746276855,-0.0002687215627403261
cifar100_test_05896,5896,34,4,fox,near,-5.348515033721924,-9.813516774151432e-05
cifar100_test_05905,5905,42,6,leopard,near,-6.52718448638916,-0.00014339702681921696
cifar100_test_05911,5911,97,3,wolf,near,-1.3506338596343994,0.0001882286551551371
cifar100_test_05912,5912,97,4,wolf,near,-3.2586450576782227,4.4511206591033026e-05
cifar100_test_05920,5920,13,9,bus,near,-6.298575401306152,-0.00018127615279675546
cifar100_test_05932,5932,58,1,pickup_truck,near,-4.701087474822998,-0.00013770614108016277
cifar100_test_05945,5945,34,5,fox,near,-4.271116256713867,-5.789221891326635e-05
cifar100_test_06010,6010,97,4,wolf,near,-3.700165271759033,5.960066490616478e-05
cifar100_test_06022,6022,48,9,motorcycle,near,-3.662625789642334,6.887047429118831e-05
cifar100_test_06037,6037,15,7,camel,near,-2.5135340690612793,0.00013582920253919772
cifar100_test_06044,6044,15,7,camel,near,-2.4718806743621826,0.00017102499345396371
cifar100_test_06055,6055,42,3,leopard,near,-7.6009602546691895,-0.0002422725808197551
cifar100_test_06061,6061,42,3,leopard,near,-4.765007019042969,-7.801277865099321e-05
cifar100_test_06063,6063,89,9,tractor,near,-2.1131246089935303,0.00014595744512685416
cifar100_test_06075,6075,58,1,pickup_truck,near,-6.702475070953369,-0.00026753491242059724
cifar100_test_06080,6080,34,4,fox,near,-3.821528196334839,6.903783489307924e-05
cifar100_test_06116,6116,13,9,bus,near,-6.267166614532471,-0.00015547365103273092
cifar100_test_06132,6132,97,3,wolf,near,-4.064995288848877,-3.0375212733191326e-05
cifar100_test_06144,6144,48,0,motorcycle,near,-2.492440938949585,0.0001839270689159983
cifar100_test_06160,6160,97,6,wolf,near,-3.1323940753936768,0.00010465510056816008
cifar100_test_06162,6162,34,3,fox,near,-6.339596748352051,-0.00018214571773533805
cifar100_test_06163,6163,34,4,fox,near,-7.174633502960205,-0.0002268427787993077
cifar100_test_06176,6176,13,9,bus,near,-4.873397350311279,-0.00013954987125497365
cifar100_test_06178,6178,97,5,wolf,near,-2.53141450881958,7.343661761000098e-05
cifar100_test_06279,6279,48,1,motorcycle,near,-3.840005397796631,7.0447326299821755e-06
cifar100_test_06293,6293,42,6,leopard,near,-5.93194055557251,-0.00010484628659584994
cifar100_test_06303,6303,13,9,bus,near,-3.0986647605895996,5.5601692508872036e-05
cifar100_test_06324,6324,97,3,wolf,near,-3.7676126956939697,1.2096910801756566e-05
cifar100_test_06339,6339,13,9,bus,near,-7.741567134857178,-0.000327230884466706
cifar100_test_06343,6343,48,9,motorcycle,near,-2.2595691680908203,0.00013143636299069172
cifar100_test_06360,6360,89,1,tractor,near,-3.3804144859313965,3.854829460957221e-05
cifar100_test_06379,6379,89,8,tractor,near,-2.731863498687744,5.020467094742076e-05
cifar100_test_06382,6382,48,1,motorcycle,near,-3.5177762508392334,2.7980145460917982e-05
cifar100_test_06395,6395,42,6,leopard,near,-5.247385025024414,-8.156562297116643e-05
cifar100_test_06398,6398,89,9,tractor,near,-5.290639877319336,-0.00015882316965686039
cifar100_test_06401,6401,42,6,leopard,near,-6.709392070770264,-0.00017362573774856727
cifar100_test_06409,6409,42,3,leopard,near,-5.433990478515625,-9.73201830639231e-05
cifar100_test_06411,6411,13,9,bus,near,-4.331369876861572,-9.777483159288669e-05
cifar100_test_06416,6416,48,0,motorcycle,near,-4.391914367675781,-6.112833798244122e-05
cifar100_test_06417,6417,15,2,camel,near,-6.48718786239624,-0.00023031229658088126
cifar100_test_06418,6418,15,4,camel,near,-7.909346580505371,-0.00031633095091433694
cifar100_test_06430,6430,89,8,tractor,near,-6.149784088134766,-0.0001411137652031491
cifar100_test_06433,6433,97,5,wolf,near,-3.975177764892578,-2.40251470946945e-05
cifar100_test_06447,6447,97,3,wolf,near,-4.901294231414795,-7.428621986958761e-05
cifar100_test_06449,6449,48,7,motorcycle,near,-3.238232135772705,9.035305632586199e-05
cifar100_test_06469,6469,34,6,fox,near,-3.999420642852783,6.559964189728484e-05
cifar100_test_06475,6475,15,7,camel,near,-6.518444061279297,-0.00014358452792605225
cifar100_test_06505,6505,34,6,fox,near,-5.774569034576416,-6.125900214670743e-05
cifar100_test_06528,6528,97,5,wolf,near,-4.624446392059326,-3.986684832189835e-05
cifar100_test_06545,6545,34,5,fox,near,-4.243563175201416,-3.2721914398639584e-05
cifar100_test_06546,6546,89,0,tractor,near,-4.460183620452881,-4.462643313354886e-05
cifar100_test_06547,6547,48,1,motorcycle,near,-2.594170570373535,8.974955078273894e-05
cifar100_test_06552,6552,97,3,wolf,near,-4.0744709968566895,-2.199964992968817e-06
cifar100_test_06561,6561,97,3,wolf,near,-5.202836513519287,-9.748705953320502e-05
cifar100_test_06574,6574,58,1,pickup_truck,near,-7.2080769538879395,-0.0002639522735529004
cifar100_test_06616,6616,15,5,camel,near,-6.215301990509033,-0.00023383879754612646
cifar100_test_06652,6652,97,7,wolf,near,-4.375510215759277,-4.0909537625796744e-05
cifar100_test_06653,6653,58,1,pickup_truck,near,-7.182913303375244,-0.0003051892519235211
cifar100_test_06693,6693,34,3,fox,near,-5.498138427734375,-7.055226985930307e-05
cifar100_test_06712,6712,13,9,bus,near,-5.217570781707764,-9.752361253957675e-05
cifar100_test_06730,6730,48,0,motorcycle,near,-5.13679313659668,-9.265988733818398e-05
cifar100_test_06735,6735,42,4,leopard,near,-3.547793388366699,2.3572815007977255e-05
cifar100_test_06746,6746,97,5,wolf,near,-3.9693846702575684,-8.965419732498425e-06
cifar100_test_06767,6767,42,6,leopard,near,-8.525162696838379,-0.0003100727838134254
cifar100_test_06778,6778,15,5,camel,near,-3.960991382598877,-1.8253082560412692e-05
cifar100_test_06791,6791,13,0,bus,near,-4.023330211639404,-2.230890231089133e-06
cifar100_test_06807,6807,89,9,tractor,near,-5.198603630065918,-0.00010070596288488942
cifar100_test_06816,6816,34,5,fox,near,-5.434904098510742,-0.0001795310905706171
cifar100_test_06866,6866,89,9,tractor,near,-4.117918491363525,2.3434993747517563e-06
cifar100_test_06914,6914,48,9,motorcycle,near,-3.1631319522857666,5.754678785611922e-05
cifar100_test_06924,6924,42,6,leopard,near,-7.008486270904541,-0.00016304421814709869
cifar100_test_06930,6930,89,9,tractor,near,-6.080235958099365,-0.0001878990259834984
cifar100_test_06954,6954,48,1,motorcycle,near,-4.9456868171691895,-0.0001538818259970709
cifar100_test_06967,6967,97,5,wolf,near,-7.593575477600098,-0.00030122713494856734
cifar100_test_07006,7006,89,9,tractor,near,-3.256976366043091,0.00010680611470328949
cifar100_test_07021,7021,34,4,fox,near,-2.62052583694458,0.00011451208564158821
cifar100_test_07028,7028,97,3,wolf,near,-6.873532295227051,-0.00022748227833532808
cifar100_test_07078,7078,42,3,leopard,near,-5.876150608062744,-0.00011949921916168393
cifar100_test_07086,7086,89,9,tractor,near,-2.7500722408294678,5.873147463732187e-05
cifar100_test_07087,7087,97,3,wolf,near,-7.121882915496826,-0.0002460896502929494
cifar100_test_07109,7109,48,3,motorcycle,near,-3.6132006645202637,3.403780989041927e-05
cifar100_test_07110,7110,48,0,motorcycle,near,-6.205134391784668,-0.0001261292889546406
cifar100_test_07119,7119,58,9,pickup_truck,near,-4.893276691436768,-0.0001302055980233613
cifar100_test_07125,7125,97,3,wolf,near,-5.564006328582764,-0.00015602710754085425
cifar100_test_07128,7128,15,7,camel,near,-3.544703960418701,5.872259644375266e-05
cifar100_test_07131,7131,58,9,pickup_truck,near,-3.4565768241882324,-3.5246498540669746e-05
cifar100_test_07133,7133,13,9,bus,near,-8.02603530883789,-0.00032078732152703016
cifar100_test_07135,7135,97,3,wolf,near,-4.061524868011475,-2.021623097497871e-05
cifar100_test_07141,7141,34,7,fox,near,-2.4645559787750244,0.00010063518756790735
cifar100_test_07146,7146,89,7,tractor,near,-2.0936696529388428,0.00017733949031147056
cifar100_test_07160,7160,48,1,motorcycle,near,-4.363184928894043,-6.346870625430212e-05
cifar100_test_07194,7194,15,4,camel,near,-6.500773906707764,-0.00019064562583577527
cifar100_test_07200,7200,15,2,camel,near,-6.1888251304626465,-0.0001420926610076756
cifar100_test_07207,7207,58,1,pickup_truck,near,-6.733973979949951,-0.00022999719554119002
cifar100_test_07209,7209,48,0,motorcycle,near,-3.727994918823242,3.0174002565927505e-05
cifar100_test_07225,7225,34,3,fox,near,-8.993322372436523,-0.00032216589490713377
cifar100_test_07248,7248,34,5,fox,near,-8.045463562011719,-0.00031234186242777573
cifar100_test_07249,7249,48,1,motorcycle,near,-3.418677806854248,2.6094206036414436e-05
cifar100_test_07279,7279,34,3,fox,near,-3.3393239974975586,9.380085872619237e-05
cifar100_test_07283,7283,42,6,leopard,near,-3.8632826805114746,8.614872042810029e-05
cifar100_test_07289,7289,48,9,motorcycle,near,-1.356792688369751,0.0001953604565400613
cifar100_test_07298,7298,15,2,camel,near,-3.529127836227417,9.24460721885012e-05
cifar100_test_07308,7308,97,5,wolf,near,-6.541313648223877,-0.0002554416874721438
cifar100_test_07317,7317,34,4,fox,near,-4.934693813323975,-0.00011879579691548292
cifar100_test_07333,7333,15,7,camel,near,-2.0723018646240234,0.00011418778076362213
cifar100_test_07367,7367,42,3,leopard,near,-6.689449787139893,-0.00015727052874719982
cifar100_test_07373,7373,34,4,fox,near,-3.1178364753723145,8.551821394961467e-05
cifar100_test_07375,7375,97,5,wolf,near,-3.472153663635254,1.874512068653078e-05
cifar100_test_07376,7376,13,9,bus,near,-6.497478008270264,-0.00020860537619379893
cifar100_test_07379,7379,15,7,camel,near,-2.879641056060791,0.00010320843033929938
cifar100_test_07388,7388,89,0,tractor,near,-6.413848400115967,-0.00020556151466562256
cifar100_test_07389,7389,58,1,pickup_truck,near,-8.511438369750977,-0.0003137344195499464
cifar100_test_07407,7407,42,3,leopard,near,-4.439245700836182,4.4927619911316885e-05
cifar100_test_07412,7412,42,6,leopard,near,-5.78062629699707,-8.48208069837153e-05
cifar100_test_07417,7417,42,6,leopard,near,-3.400265693664551,8.122728024342885e-05
cifar100_test_07427,7427,42,2,leopard,near,-4.879302501678467,-5.4527150239125355e-05
cifar100_test_07441,7441,13,9,bus,near,-6.63268518447876,-0.00022073916055949383
cifar100_test_07445,7445,15,4,camel,near,-6.617201805114746,-0.00022571782744709723
cifar100_test_07471,7471,48,3,motorcycle,near,-4.627681255340576,-5.44004037351109e-05
cifar100_test_07472,7472,97,7,wolf,near,-3.862687349319458,3.132710314336651e-05
cifar100_test_07489,7489,48,9,motorcycle,near,-2.0832812786102295,0.00011709728173023293
cifar100_test_07495,7495,42,4,leopard,near,-2.382272720336914,0.000131254489801641
cifar100_test_07503,7503,34,5,fox,near,-6.533933162689209,-0.00025874426108499216
cifar100_test_07507,7507,89,9,tractor,near,-4.578269004821777,-7.63083046391444e-06
cifar100_test_07508,7508,13,9,bus,near,-6.785017490386963,-0.000257327468968796
cifar100_test_07559,7559,58,1,pickup_truck,near,-8.383026123046875,-0.0003636511703022788
cifar100_test_07561,7561,97,2,wolf,near,-2.052039623260498,0.00019505126452099009
cifar100_test_07564,7564,34,5,fox,near,-4.657268047332764,-8.383113857862723e-05
cifar100_test_07567,7567,13,0,bus,near,-3.435901165008545,3.457647855149848e-05
cifar100_test_07569,7569,48,1,motorcycle,near,-4.410611629486084,-3.571049994828546e-05
cifar100_test_07570,7570,58,9,pickup_truck,near,-5.404739856719971,-0.00018248794333876328
cifar100_test_07582,7582,97,4,wolf,near,-6.132796764373779,-0.00017264088626024743
cifar100_test_07590,7590,89,9,tractor,near,-5.786256313323975,-9.356431433825418e-05
cifar100_test_07609,7609,42,3,leopard,near,-4.316610813140869,2.616761592641459e-05
cifar100_test_07621,7621,34,4,fox,near,-6.627730846405029,-0.00014217469771377056
cifar100_test_07640,7640,48,2,motorcycle,near,-2.210435628890991,0.00016139978016768697
cifar100_test_07643,7643,89,3,tractor,near,-1.5326663255691528,0.00023446317253522642
cifar100_test_07650,7650,97,3,wolf,near,-5.0876336097717285,-0.00011808248690595158
cifar100_test_07658,7658,58,1,pickup_truck,near,-8.315603256225586,-0.0002958949934030036
cifar100_test_07660,7660,89,0,tractor,near,-3.7549655437469482,4.00677489664214e-05
cifar100_test_07736,7736,89,8,tractor,near,-3.281322717666626,0.00011185596064020031
cifar100_test_07750,7750,15,2,camel,near,-3.781817674636841,3.7605628533943225e-06
cifar100_test_07752,7752,97,3,wolf,near,-4.268023490905762,-4.040873305700965e-05
cifar100_test_07772,7772,42,3,leopard,near,-4.56187105178833,4.1351146853219056e-05
cifar100_test_07799,7799,34,5,fox,near,-4.945759296417236,-0.00012412412050991084
cifar100_test_07800,7800,15,5,camel,near,-4.591459274291992,-0.00010089759980663748
cifar100_test_07806,7806,48,0,motorcycle,near,-1.7469348907470703,0.00013064724411079864
cifar100_test_07812,7812,13,9,bus,near,-7.323577404022217,-0.00027253279567326927
cifar100_test_07816,7816,13,9,bus,near,-4.172976016998291,-8.884741047927858e-05
cifar100_test_07823,7823,58,1,pickup_truck,near,-5.251473903656006,-0.00016836897058361555
cifar100_test_07829,7829,89,4,tractor,near,-2.3922359943389893,0.00018203580446314593
cifar100_test_07866,7866,58,8,pickup_truck,near,-2.996499538421631,7.037689244226986e-05
cifar100_test_07871,7871,48,1,motorcycle,near,-3.9292290210723877,8.368265246333495e-06
cifar100_test_07875,7875,97,3,wolf,near,-7.678642749786377,-0.0002714977505750976
cifar100_test_07884,7884,89,8,tractor,near,-5.212717533111572,-7.192083597098997e-05
cifar100_test_07900,7900,58,1,pickup_truck,near,-7.242964744567871,-0.00028103828263444097
cifar100_test_07912,7912,15,3,camel,near,-3.6582813262939453,5.079411504976816e-05
cifar100_test_07924,7924,34,3,fox,near,-6.7122650146484375,-0.00018830263678924763
cifar100_test_07950,7950,42,5,leopard,near,-3.765125274658203,-3.5971255562677884e-06
cifar100_test_07962,7962,58,9,pickup_truck,near,-4.371070384979248,-7.486081876439954e-05
cifar100_test_07973,7973,34,3,fox,near,-4.674550533294678,-8.503132399431679e-05
cifar100_test_07974,7974,42,3,leopard,near,-3.2128093242645264,5.425992346787256e-05
cifar100_test_07980,7980,97,5,wolf,near,-7.051355838775635,-0.00025003955287350443
cifar100_test_07994,7994,58,0,pickup_truck,near,-5.097548484802246,-0.00010382229214211947
cifar100_test_07999,7999,58,0,pickup_truck,near,-4.0400261878967285,1.9911085400267647e-05
cifar100_test_08023,8023,13,9,bus,near,-3.386744976043701,6.521104577533743e-05
cifar100_test_08026,8026,89,0,tractor,near,-3.4947500228881836,5.4868224432388923e-05
cifar100_test_08082,8082,58,1,pickup_truck,near,-6.287024021148682,-0.0002374845916979229
cifar100_test_08085,8085,13,9,bus,near,-6.9163055419921875,-0.00021097884862669725
cifar100_test_08100,8100,34,5,fox,near,-6.146545886993408,-0.00020769343809835805
cifar100_test_08101,8101,97,3,wolf,near,-4.754955768585205,-6.116874032868758e-05
cifar100_test_08109,8109,34,4,fox,near,-6.628663539886475,-0.0002045434944608765
cifar100_test_08126,8126,13,1,bus,near,-5.749474048614502,-0.00022988136759856392
cifar100_test_08132,8132,34,3,fox,near,-2.0753347873687744,0.00015538439525938919
cifar100_test_08141,8141,89,8,tractor,near,-5.771434783935547,-0.00012243534190031768
cifar100_test_08143,8143,15,3,camel,near,-7.139854907989502,-0.00018645263201691464
cifar100_test_08150,8150,34,3,fox,near,-7.51174783706665,-0.0002723337265465309
cifar100_test_08165,8165,58,1,pickup_truck,near,-4.5967326164245605,-0.00011001889119297004
cifar100_test_08169,8169,89,0,tractor,near,-3.896034002304077,-1.5639383851573374e-05
cifar100_test_08183,8183,48,3,motorcycle,near,-2.45378041267395,9.810521662202698e-05
cifar100_test_08185,8185,34,4,fox,near,-3.642378330230713,9.328696687671556e-05
cifar100_test_08187,8187,34,3,fox,near,-6.156185626983643,-0.00018610740737874665
cifar100_test_08219,8219,58,1,pickup_truck,near,-5.925772190093994,-0.0002057745296558111
cifar100_test_08231,8231,15,7,camel,near,-4.851778507232666,-6.707050381053736e-05
cifar100_test_08257,8257,48,5,motorcycle,near,-3.725130558013916,2.1660436793885518e-05
cifar100_test_08258,8258,89,9,tractor,near,-2.8714511394500732,5.801892638812589e-05
cifar100_test_08300,8300,48,1,motorcycle,near,-2.5988152027130127,0.00014165138316861448
cifar100_test_08310,8310,42,6,leopard,near,-5.006796360015869,-6.57312213599992e-05
cifar100_test_08324,8324,42,3,leopard,near,-7.112982273101807,-0.0001726062664973299
cifar100_test_08329,8329,89,9,tractor,near,-4.815550327301025,-6.588151799813424e-05
cifar100_test_08334,8334,42,6,leopard,near,-6.483628749847412,-0.00014322837805193223
cifar100_test_08381,8381,34,6,fox,near,-4.7881269454956055,-8.96658776058934e-06
cifar100_test_08391,8391,58,9,pickup_truck,near,-3.792057514190674,-8.026880301587047e-05
cifar100_test_08405,8405,34,4,fox,near,-4.71773099899292,-7.063007309056346e-05
cifar100_test_08407,8407,97,3,wolf,near,-5.92266845703125,-0.00012552964583335824
cifar100_test_08418,8418,97,3,wolf,near,-5.574361324310303,-9.905574955842988e-05
cifar100_test_08447,8447,15,4,camel,near,-2.8027944564819336,0.00012786824760280258
cifar100_test_08454,8454,42,3,leopard,near,-5.197329998016357,-2.252419967994912e-05
cifar100_test_08455,8455,58,1,pickup_truck,near,-6.396961688995361,-0.00022449609321169295
cifar100_test_08457,8457,48,8,motorcycle,near,-2.3188669681549072,0.00011649892264578576
cifar100_test_08460,8460,48,1,motorcycle,near,-4.68826150894165,-4.075507442512227e-05
cifar100_test_08497,8497,13,3,bus,near,-3.8789212703704834,1.6458141056510667e-05
cifar100_test_08503,8503,58,1,pickup_truck,near,-6.152918815612793,-0.00023075593077338807
cifar100_test_08504,8504,42,4,leopard,near,-1.7046358585357666,0.00017773635153778278
cifar100_test_08519,8519,58,1,pickup_truck,near,-4.7498698234558105,-0.00011398541420218344
cifar100_test_08535,8535,97,3,wolf,near,-5.206843852996826,-0.00011012961993989157
cifar100_test_08580,8580,89,8,tractor,near,-4.357928276062012,4.731571192859163e-05
cifar100_test_08596,8596,13,9,bus,near,-4.712780952453613,-0.00011411102341540857
cifar100_test_08598,8598,15,4,camel,near,-6.1240153312683105,-0.00010848944363223145
cifar100_test_08604,8604,15,4,camel,near,-6.343509674072266,-0.00015066979609268394
cifar100_test_08609,8609,13,9,bus,near,-7.143401622772217,-0.00023911433866012632
cifar100_test_08618,8618,34,5,fox,near,-5.247986793518066,-0.00012354351180884904
cifar100_test_08627,8627,48,1,motorcycle,near,-5.719330310821533,-0.00021859128887626034
cifar100_test_08634,8634,97,3,wolf,near,-6.402402877807617,-0.00011779369013062424
cifar100_test_08648,8648,15,2,camel,near,-6.291746616363525,-0.0001855892959047728
cifar100_test_08655,8655,13,9,bus,near,-7.559199810028076,-0.0002773579932216774
cifar100_test_08663,8663,13,9,bus,near,-3.783304452896118,-2.908107627042078e-05
cifar100_test_08672,8672,34,5,fox,near,-4.868076801300049,-7.913054821015453e-05
cifar100_test_08693,8693,58,9,pickup_truck,near,-3.655625104904175,-3.118905547742912e-05
cifar100_test_08695,8695,42,6,leopard,near,-5.8628129959106445,-8.101053655550083e-05
cifar100_test_08713,8713,97,5,wolf,near,-7.447642803192139,-0.00027587298323138165
cifar100_test_08715,8715,34,3,fox,near,-9.038200378417969,-0.00035688600425268224
cifar100_test_08717,8717,13,9,bus,near,-4.247267723083496,-3.96109578782583e-05
cifar100_test_08731,8731,34,5,fox,near,-8.471198081970215,-0.0004162184965415261
cifar100_test_08732,8732,15,0,camel,near,-3.525421619415283,8.12480334168586e-05
cifar100_test_08735,8735,34,3,fox,near,-6.227763652801514,-0.00018870866234405037
cifar100_test_08762,8762,34,3,fox,near,-4.873776912689209,-3.691185959391052e-05
cifar100_test_08763,8763,48,1,motorcycle,near,-3.716280937194824,-4.318376814804736e-06
cifar100_test_08774,8774,42,4,leopard,near,-5.073894500732422,-3.597572375961533e-05
cifar100_test_08780,8780,15,7,camel,near,-7.087818145751953,-0.0002264198072214757
cifar100_test_08800,8800,15,4,camel,near,-4.6371636390686035,-4.298242053311918e-05
cifar100_test_08834,8834,15,5,camel,near,-2.671525478363037,7.98163998296797e-05
cifar100_test_08904,8904,42,6,leopard,near,-7.148683547973633,-0.00024304959533301418
cifar100_test_08906,8906,89,0,tractor,near,-4.23227071762085,-4.475951988239246e-05
cifar100_test_08918,8918,97,5,wolf,near,-3.408639430999756,4.945982050880149e-05
cifar100_test_08920,8920,13,8,bus,near,-2.3877487182617188,0.00011914414732853984
cifar100_test_08929,8929,48,3,motorcycle,near,-1.9205118417739868,0.00017919103322670826
cifar100_test_08942,8942,89,9,tractor,near,-3.4150190353393555,0.00010555106131465708
cifar100_test_08944,8944,58,1,pickup_truck,near,-3.4980063438415527,-2.068829087276125e-05
cifar100_test_08947,8947,58,9,pickup_truck,near,-3.5597822666168213,-3.918092676220841e-05
cifar100_test_08953,8953,58,1,pickup_truck,near,-7.174495220184326,-0.0002543587493241545
cifar100_test_08958,8958,13,1,bus,near,-6.755619049072266,-0.0002326168316657412
cifar100_test_08960,8960,97,2,wolf,near,-2.5822510719299316,0.00016079482067889173
cifar100_test_08966,8966,58,1,pickup_truck,near,-6.443252086639404,-0.0002555395814648892
cifar100_test_08981,8981,48,9,motorcycle,near,-4.048791885375977,-2.3187201229540877e-05
cifar100_test_08996,8996,89,8,tractor,near,-7.222785949707031,-0.0002506999712047625
cifar100_test_09007,9007,48,0,motorcycle,near,-3.31108021736145,0.00016401197695775638
cifar100_test_09014,9014,15,3,camel,near,-4.668481826782227,-7.429081161448858e-05
cifar100_test_09017,9017,48,1,motorcycle,near,-4.707402229309082,-0.00010267913153302888
cifar100_test_09019,9019,89,9,tractor,near,-5.7031683921813965,-0.0001559206764430443
cifar100_test_09027,9027,13,0,bus,near,-2.6158018112182617,0.00012738548366908464
cifar100_test_09030,9030,58,9,pickup_truck,near,-4.186625003814697,-0.00010482308404481666
cifar100_test_09039,9039,89,9,tractor,near,-2.291384220123291,9.920638037042018e-05
cifar100_test_09058,9058,42,6,leopard,near,-4.955807685852051,-2.8339155930173776e-05
cifar100_test_09081,9081,58,1,pickup_truck,near,-7.6559157371521,-0.0003101991196946263
cifar100_test_09093,9093,15,4,camel,near,-3.418208122253418,3.0885823942727875e-05
cifar100_test_09110,9110,15,7,camel,near,-5.936110496520996,-0.00012462219812503506
cifar100_test_09142,9142,15,7,camel,near,-7.033326625823975,-0.00019941126166812817
cifar100_test_09148,9148,34,3,fox,near,-5.0547194480896,-6.871225991435248e-05
cifar100_test_09187,9187,42,3,leopard,near,-5.5569167137146,-0.00010501931156421673
cifar100_test_09203,9203,89,9,tractor,near,-5.205167770385742,-0.00011308754658929943
cifar100_test_09205,9205,48,1,motorcycle,near,-4.9455246925354,-6.81869089257936e-05
cifar100_test_09231,9231,97,3,wolf,near,-9.377437591552734,-0.00038913755222688695
cifar100_test_09232,9232,13,9,bus,near,-7.37543249130249,-0.00020693014839244517
cifar100_test_09238,9238,42,6,leopard,near,-5.814728260040283,-0.00011503956558635287
cifar100_test_09252,9252,13,8,bus,near,-5.79399299621582,-4.287227302939012e-05
cifar100_test_09259,9259,89,9,tractor,near,-6.157470226287842,-0.00022250456665320884
cifar100_test_09261,9261,42,6,leopard,near,-6.813220500946045,-0.00019588203601196563
cifar100_test_09266,9266,15,5,camel,near,-3.950407028198242,-3.720651254190965e-05
cifar100_test_09276,9276,48,0,motorcycle,near,-3.2121894359588623,0.00011591865783909527
cifar100_test_09288,9288,89,9,tractor,near,-6.314106464385986,-0.0001920981674366773
cifar100_test_09317,9317,97,0,wolf,near,-4.551210403442383,9.907923855384526e-07
cifar100_test_09318,9318,42,3,leopard,near,-6.482720851898193,-0.0001924276325669244
cifar100_test_09345,9345,48,9,motorcycle,near,-3.0871262550354004,3.660613889484854e-05
cifar100_test_09346,9346,97,5,wolf,near,-2.3551716804504395,0.00013711757726288243
cifar100_test_09362,9362,15,7,camel,near,-6.936875820159912,-0.0002209346645595106
cifar100_test_09368,9368,58,9,pickup_truck,near,-5.552103519439697,-0.00012119646105518411
cifar100_test_09377,9377,58,1,pickup_truck,near,-6.463611602783203,-0.0002477521306029906
cifar100_test_09388,9388,58,1,pickup_truck,near,-6.6626877784729,-0.00022539125585134545
cifar100_test_09395,9395,89,7,tractor,near,-2.4252028465270996,0.0002016797156216693
cifar100_test_09406,9406,42,3,leopard,near,-5.128621578216553,-3.8030216380907644e-05
cifar100_test_09412,9412,15,5,camel,near,-3.728689670562744,-1.8174412906246662e-05
cifar100_test_09429,9429,58,1,pickup_truck,near,-6.893784999847412,-0.0002488999585323892
cifar100_test_09447,9447,58,1,pickup_truck,near,-6.88952112197876,-0.00029742018276131266
cifar100_test_09453,9453,34,3,fox,near,-5.543530464172363,-0.00014240492218264844
cifar100_test_09496,9496,34,2,fox,near,-1.4974365234375,0.00020057090445786685
cifar100_test_09504,9504,58,3,pickup_truck,near,-2.5461299419403076,9.066172826782681e-05
cifar100_test_09531,9531,15,3,camel,near,-0.9057284593582153,0.0002607306178393082
cifar100_test_09546,9546,13,8,bus,near,-3.772919178009033,2.005438792981873e-05
cifar100_test_09572,9572,13,9,bus,near,-6.273828029632568,-0.00021712304261516102
cifar100_test_09575,9575,42,6,leopard,near,-7.176785469055176,-0.00023449891563290248
cifar100_test_09587,9587,97,3,wolf,near,-8.066665649414062,-0.00030377039635000325
cifar100_test_09611,9611,15,4,camel,near,-2.162137985229492,0.00017767424037448687
cifar100_test_09612,9612,42,6,leopard,near,-4.4595770835876465,-5.656597202724489e-06
cifar100_test_09647,9647,15,0,camel,near,-3.5236802101135254,9.972184184613153e-05
cifar100_test_09654,9654,48,3,motorcycle,near,-5.216063976287842,-4.4500251548479364e-05
cifar100_test_09662,9662,58,1,pickup_truck,near,-6.932590007781982,-0.0002986087124078052
cifar100_test_09673,9673,89,9,tractor,near,-2.7209742069244385,8.658900005552306e-05
cifar100_test_09676,9676,58,1,pickup_truck,near,-2.9428789615631104,-1.348893632846515e-06
cifar100_test_09686,9686,34,2,fox,near,-3.1720502376556396,3.7704683489181434e-05
cifar100_test_09704,9704,89,9,tractor,near,-5.785025119781494,-0.00022280038254703094
cifar100_test_09708,9708,89,9,tractor,near,-4.743502140045166,-6.689778669305424e-05
cifar100_test_09743,9743,15,5,camel,near,-3.800581932067871,-3.470565523838731e-05
cifar100_test_09768,9768,97,3,wolf,near,-4.46799898147583,-4.1131964241047925e-05
cifar100_test_09790,9790,97,3,wolf,near,-6.8365349769592285,-0.00021226466296246638
cifar100_test_09807,9807,89,1,tractor,near,-3.583204746246338,-2.025244259773462e-05
cifar100_test_09815,9815,13,1,bus,near,-6.095033168792725,-0.0002638331134945243
cifar100_test_09833,9833,48,1,motorcycle,near,-3.660757303237915,-1.995207596772186e-05
cifar100_test_09835,9835,13,9,bus,near,-7.907764911651611,-0.0002908398424784908
cifar100_test_09842,9842,34,4,fox,near,-4.651234149932861,-3.343196603923515e-05
cifar100_test_09871,9871,58,1,pickup_truck,near,-2.0431761741638184,0.0001435209366643514
cifar100_test_09878,9878,58,1,pickup_truck,near,-6.892569065093994,-0.00025291179916797635
cifar100_test_09880,9880,58,9,pickup_truck,near,-7.281932830810547,-0.0002657801876636834
cifar100_test_09886,9886,97,5,wolf,near,-5.295114517211914,-7.281548809058569e-05
cifar100_test_09914,9914,42,6,leopard,near,-2.3241734504699707,0.000146834769208265
cifar100_test_09922,9922,89,9,tractor,near,-2.5963151454925537,0.0001014941935154473
cifar100_test_09927,9927,58,1,pickup_truck,near,-7.48561954498291,-0.00027549422009484625
cifar100_test_09930,9930,13,9,bus,near,-5.844409942626953,-0.00020733833341446406
cifar100_test_09936,9936,42,3,leopard,near,-4.748168468475342,-1.6094923289702856e-05
cifar100_test_09942,9942,97,5,wolf,near,-3.350257396697998,1.8702572640097448e-05
cifar100_test_09948,9948,97,5,wolf,near,-2.460299015045166,0.00013443438035171118
cifar100_test_09965,9965,97,5,wolf,near,-4.832395076751709,-0.00012626366734012906
cifar100_test_09969,9969,89,9,tractor,near,-4.4237542152404785,-9.691068853884266e-05
cifar100_test_09998,9998,42,6,leopard,near,-5.955996990203857,-9.033194313230741e-05
