identifier,dataset_index,label,prediction,class_name,unknown_group,mls_unknownness,msp_unknownness
cifar100_test_00003,3,51,3,mushroom,far,-7.065188407897949,0.6773998740921456
cifar100_test_00026,26,39,7,keyboard,far,-6.665525436401367,0.541141531495682
cifar100_test_00030,30,20,0,chair,far,-7.432267189025879,0.441606283979865
cifar100_test_00045,45,22,1,clock,far,-6.378276348114014,0.6167044379150319
cifar100_test_00052,52,9,2,bottle,far,-7.5533246994018555,0.4060747696197554
cifar100_test_00067,67,82,5,sunflower,far,-7.320813179016113,0.44087334546108337
cifar100_test_00076,76,82,9,sunflower,far,-6.749331474304199,0.7497549985128625
cifar100_test_00077,77,10,9,bowl,far,-7.2679033279418945,0.3999815690484523
cifar100_test_00079,79,22,2,clock,far,-7.553400993347168,0.40052653354488055
cifar100_test_00090,90,22,1,clock,far,-6.499779224395752,0.6932693686128601
cifar100_test_00111,111,20,7,chair,far,-7.5640339851379395,0.4267186462021497
cifar100_test_00114,114,9,3,bottle,far,-7.470416069030762,0.4242044290178123
cifar100_test_00121,121,10,5,bowl,far,-7.265728950500488,0.46297522597492813
cifar100_test_00125,125,20,3,chair,far,-7.49785852432251,0.4678559335875295
cifar100_test_00147,147,39,6,keyboard,far,-7.543785095214844,0.3832425958687208
cifar100_test_00148,148,51,2,mushroom,far,-7.489037036895752,0.40315975387420155
cifar100_test_00157,157,20,0,chair,far,-6.2554521560668945,0.7123737547994775
cifar100_test_00163,163,10,1,bowl,far,-7.106767654418945,0.43452596977768354
cifar100_test_00168,168,51,3,mushroom,far,-7.056433200836182,0.6692558630079485
cifar100_test_00170,170,9,5,bottle,far,-7.283016204833984,0.5073634988454807
cifar100_test_00180,180,39,0,keyboard,far,-7.133241176605225,0.4941071342494473
cifar100_test_00182,182,22,1,clock,far,-7.4401984214782715,0.3878107765221178
cifar100_test_00194,194,94,3,wardrobe,far,-7.367621898651123,0.43622694512575677
cifar100_test_00220,220,94,9,wardrobe,far,-7.1903791427612305,0.4758669327927456
cifar100_test_00238,238,82,2,sunflower,far,-7.488412857055664,0.4030146791864041
cifar100_test_00249,249,39,1,keyboard,far,-7.324186325073242,0.40873465519115215
cifar100_test_00271,271,51,2,mushroom,far,-7.528953552246094,0.47026600009241903
cifar100_test_00318,318,10,3,bowl,far,-7.403395652770996,0.4275063692984833
cifar100_test_00328,328,94,9,wardrobe,far,-7.339461803436279,0.39885302510840004
cifar100_test_00340,340,9,8,bottle,far,-7.481967449188232,0.3917034430706645
cifar100_test_00348,348,10,6,bowl,far,-7.530002117156982,0.5062274236052687
cifar100_test_00349,349,10,6,bowl,far,-7.707705020904541,0.42936433163517895
cifar100_test_00361,361,39,3,keyboard,far,-6.765419960021973,0.7480300300111037
cifar100_test_00363,363,94,9,wardrobe,far,-7.4253034591674805,0.39666144917780577
cifar100_test_00365,365,10,6,bowl,far,-7.168238162994385,0.5791216663639138
cifar100_test_00378,378,94,3,wardrobe,far,-7.549833297729492,0.5129973240261274
cifar100_test_00427,427,10,1,bowl,far,-7.182742118835449,0.5078186097551951
cifar100_test_00433,433,51,4,mushroom,far,-6.855210781097412,0.6932162544498678
cifar100_test_00439,439,10,3,bowl,far,-7.2878265380859375,0.4706520014653536
cifar100_test_00447,447,22,3,clock,far,-6.859395503997803,0.6666737797748794
cifar100_test_00450,450,22,0,clock,far,-6.321917533874512,0.7162893242935972
cifar100_test_00451,451,22,3,clock,far,-7.382731914520264,0.45543767220105835
cifar100_test_00452,452,10,1,bowl,far,-7.241971969604492,0.39721833200745893
cifar100_test_00455,455,9,9,bottle,far,-7.313811302185059,0.48555333091007635
cifar100_test_00562,562,20,9,chair,far,-7.256546497344971,0.49391002832880215
cifar100_test_00575,575,9,8,bottle,far,-7.312323570251465,0.4732319676131259
cifar100_test_00582,582,82,2,sunflower,far,-7.4495038986206055,0.43595968858242373
cifar100_test_00583,583,22,2,clock,far,-6.876209259033203,0.6693930082755737
cifar100_test_00588,588,10,8,bowl,far,-7.0727057456970215,0.5311186102371344
cifar100_test_00594,594,9,2,bottle,far,-6.41318416595459,0.7640585402178927
cifar100_test_00599,599,39,5,keyboard,far,-7.085945129394531,0.6327746852510713
cifar100_test_00611,611,82,2,sunflower,far,-7.4092607498168945,0.520776053565652
cifar100_test_00613,613,20,8,chair,far,-7.452517986297607,0.3953728919453794
cifar100_test_00618,618,22,8,clock,far,-6.691936492919922,0.6490791623888366
cifar100_test_00621,621,39,1,keyboard,far,-7.403234004974365,0.4015394604674878
cifar100_test_00629,629,82,5,sunflower,far,-7.218474864959717,0.5179633278092454
cifar100_test_00645,645,82,0,sunflower,far,-6.758117198944092,0.6276869205694463
cifar100_test_00647,647,94,3,wardrobe,far,-7.401937007904053,0.44149184933595487
cifar100_test_00649,649,22,9,clock,far,-7.1344828605651855,0.5051979594839913
cifar100_test_00662,662,94,3,wardrobe,far,-6.488742351531982,0.7348115093366355
cifar100_test_00665,665,82,2,sunflower,far,-7.386750221252441,0.588367187899278
cifar100_test_00703,703,10,6,bowl,far,-7.572882652282715,0.4050957661777439
cifar100_test_00714,714,82,2,sunflower,far,-7.479264736175537,0.4035124609838039
cifar100_test_00734,734,94,3,wardrobe,far,-7.400192737579346,0.4672934859868737
cifar100_test_00749,749,82,5,sunflower,far,-7.345917224884033,0.42694206755291986
cifar100_test_00771,771,39,4,keyboard,far,-6.758932113647461,0.6485365700599911
cifar100_test_00786,786,22,1,clock,far,-6.669167518615723,0.5520793125377852
cifar100_test_00788,788,82,2,sunflower,far,-7.504429340362549,0.4039123018250397
cifar100_test_00797,797,94,9,wardrobe,far,-7.334760665893555,0.3978200740961313
cifar100_test_00806,806,10,6,bowl,far,-7.534189224243164,0.3852728867964107
cifar100_test_00823,823,22,3,clock,far,-7.456724166870117,0.43613241385370705
cifar100_test_00839,839,39,3,keyboard,far,-6.4540934562683105,0.772382708185301
cifar100_test_00840,840,20,5,chair,far,-7.510202407836914,0.47929493341300033
cifar100_test_00864,864,9,2,bottle,far,-7.229129791259766,0.5482442963049386
cifar100_test_00865,865,10,3,bowl,far,-7.386021614074707,0.4361742582087813
cifar100_test_00870,870,22,0,clock,far,-6.81138277053833,0.6318465521552049
cifar100_test_00874,874,10,1,bowl,far,-7.205737590789795,0.4002512173447018
cifar100_test_00880,880,20,3,chair,far,-7.371596813201904,0.5179440141254961
cifar100_test_00909,909,51,6,mushroom,far,-6.763854026794434,0.664079231044765
cifar100_test_00911,911,39,3,keyboard,far,-7.454960823059082,0.5155743948389069
cifar100_test_00932,932,9,3,bottle,far,-7.418527603149414,0.42592868446164145
cifar100_test_00934,934,22,5,clock,far,-7.388922214508057,0.4231783340656433
cifar100_test_00953,953,51,4,mushroom,far,-7.256770133972168,0.4712843022184222
cifar100_test_00954,954,10,5,bowl,far,-6.223708152770996,0.7934425642986854
cifar100_test_00963,963,51,6,mushroom,far,-6.919407844543457,0.6864579123541042
cifar100_test_00976,976,82,9,sunflower,far,-7.30186653137207,0.40249562823134255
cifar100_test_00997,997,9,8,bottle,far,-6.930994987487793,0.6149398761938528
cifar100_test_01002,1002,94,3,wardrobe,far,-7.194812774658203,0.5749840680162833
cifar100_test_01015,1015,9,7,bottle,far,-7.2715959548950195,0.469766843289976
cifar100_test_01032,1032,51,2,mushroom,far,-7.516197204589844,0.41761738113794966
cifar100_test_01041,1041,10,6,bowl,far,-7.569779396057129,0.3876290419946251
cifar100_test_01045,1045,9,2,bottle,far,-7.532369613647461,0.40206358963673905
cifar100_test_01052,1052,39,2,keyboard,far,-7.3785200119018555,0.4621731216052628
cifar100_test_01054,1054,20,0,chair,far,-7.180672645568848,0.5541552524372673
cifar100_test_01076,1076,20,0,chair,far,-7.366176605224609,0.4284488445099176
cifar100_test_01097,1097,82,6,sunflower,far,-7.095401287078857,0.5289122228117742
cifar100_test_01122,1122,82,2,sunflower,far,-7.374920845031738,0.6167203077020038
cifar100_test_01130,1130,9,3,bottle,far,-7.592532157897949,0.4759737926249802
cifar100_test_01135,1135,9,8,bottle,far,-7.367327690124512,0.44021258804547125
cifar100_test_01138,1138,51,2,mushroom,far,-7.423239707946777,0.5204982126178983
cifar100_test_01163,1163,22,0,clock,far,-7.455345153808594,0.4087376487125196
cifar100_test_01175,1175,51,5,mushroom,far,-6.908656597137451,0.727738955747032
cifar100_test_01196,1196,51,6,mushroom,far,-7.5553693771362305,0.38362024429645925
cifar100_test_01231,1231,82,2,sunflower,far,-7.463310718536377,0.40424696018380213
cifar100_test_01264,1264,39,0,keyboard,far,-6.945181846618652,0.6168242995528546
cifar100_test_01273,1273,51,7,mushroom,far,-7.269624710083008,0.45659455825680884
cifar100_test_01310,1310,22,5,clock,far,-7.397734642028809,0.44932657125820885
cifar100_test_01318,1318,9,3,bottle,far,-7.005889892578125,0.6158754127029926
cifar100_test_01341,1341,20,0,chair,far,-7.173033714294434,0.5216918037318027
cifar100_test_01362,1362,94,3,wardrobe,far,-7.32748556137085,0.4487919644824305
cifar100_test_01410,1410,10,2,bowl,far,-7.1214118003845215,0.5709912592461257
cifar100_test_01415,1415,94,9,wardrobe,far,-7.3380961418151855,0.3971792559495453
cifar100_test_01428,1428,22,1,clock,far,-6.38223123550415,0.6505375562512825
cifar100_test_01429,1429,9,3,bottle,far,-7.446408748626709,0.4382967091770713
cifar100_test_01434,1434,20,0,chair,far,-6.641575813293457,0.6731084625794973
cifar100_test_01438,1438,9,0,bottle,far,-7.576780319213867,0.3951826984145117
cifar100_test_01448,1448,10,2,bowl,far,-7.490514755249023,0.4034172200322691
cifar100_test_01454,1454,51,2,mushroom,far,-7.486335754394531,0.4139524228063295
cifar100_test_01470,1470,94,3,wardrobe,far,-7.484021186828613,0.42981815047817573
cifar100_test_01484,1484,51,2,mushroom,far,-7.506409168243408,0.40671697505274207
cifar100_test_01487,1487,9,2,bottle,far,-7.21027946472168,0.6405645901207135
cifar100_test_01495,1495,39,3,keyboard,far,-6.896549701690674,0.6872420847428737
cifar100_test_01508,1508,94,9,wardrobe,far,-7.080007076263428,0.5636124718797885
cifar100_test_01514,1514,9,8,bottle,far,-7.264398097991943,0.5664204877092622
cifar100_test_01525,1525,20,0,chair,far,-6.415388107299805,0.6914834109944881
cifar100_test_01542,1542,82,3,sunflower,far,-7.139761924743652,0.654046978399921
cifar100_test_01546,1546,39,8,keyboard,far,-6.486507415771484,0.7670852619737305
cifar100_test_01557,1557,10,2,bowl,far,-7.543384075164795,0.41051382336462106
cifar100_test_01560,1560,22,3,clock,far,-6.758343696594238,0.7569319216385892
cifar100_test_01562,1562,9,2,bottle,far,-6.786508560180664,0.6439897564398503
cifar100_test_01586,1586,22,9,clock,far,-7.342729091644287,0.39548070209889796
cifar100_test_01599,1599,39,1,keyboard,far,-6.1893463134765625,0.7316855419083512
cifar100_test_01610,1610,20,3,chair,far,-7.161577224731445,0.6194916595101012
cifar100_test_01641,1641,94,9,wardrobe,far,-6.892857551574707,0.4919578734983763
cifar100_test_01642,1642,39,0,keyboard,far,-7.348396301269531,0.4657711785710128
cifar100_test_01652,1652,20,3,chair,far,-7.2963972091674805,0.5887783254422463
cifar100_test_01674,1674,20,0,chair,far,-7.224236488342285,0.4871492145952665
cifar100_test_01680,1680,10,8,bowl,far,-6.887359142303467,0.6076424055759921
cifar100_test_01696,1696,10,3,bowl,far,-7.020780086517334,0.6035867110967467
cifar100_test_01713,1713,82,9,sunflower,far,-6.978471279144287,0.47547557255589035
cifar100_test_01714,1714,10,1,bowl,far,-7.056696891784668,0.4213598004306126
cifar100_test_01740,1740,20,3,chair,far,-6.987494945526123,0.687133326684245
cifar100_test_01760,1760,51,2,mushroom,far,-7.510342121124268,0.40278945702833524
cifar100_test_01781,1781,82,0,sunflower,far,-7.385117053985596,0.4127633599058874
cifar100_test_01782,1782,51,2,mushroom,far,-7.133782386779785,0.6596155060793019
cifar100_test_01789,1789,20,2,chair,far,-7.7537841796875,0.4643015380963873
cifar100_test_01792,1792,20,3,chair,far,-6.577757358551025,0.7224726789272347
cifar100_test_01806,1806,22,3,clock,far,-7.476339340209961,0.44820116509325014
cifar100_test_01807,1807,22,5,clock,far,-7.095163345336914,0.5794006580527495
cifar100_test_01809,1809,10,6,bowl,far,-7.591423034667969,0.3812197683194928
cifar100_test_01818,1818,82,2,sunflower,far,-7.162143230438232,0.6010373242493299
cifar100_test_01820,1820,51,6,mushroom,far,-7.404483795166016,0.43864526110238156
cifar100_test_01837,1837,94,9,wardrobe,far,-7.2512006759643555,0.44330550706324434
cifar100_test_01862,1862,94,3,wardrobe,far,-7.148633003234863,0.6103245657185421
cifar100_test_01865,1865,10,3,bowl,far,-7.353995323181152,0.562245775055716
cifar100_test_01875,1875,22,5,clock,far,-7.2668304443359375,0.5018586824137112
cifar100_test_01899,1899,9,3,bottle,far,-7.253537654876709,0.6358651995985525
cifar100_test_01909,1909,94,3,wardrobe,far,-7.3868327140808105,0.43291190234274124
cifar100_test_01927,1927,22,9,clock,far,-7.422294616699219,0.39224060167522734
cifar100_test_01930,1930,22,0,clock,far,-7.477295875549316,0.39583354438115137
cifar100_test_01932,1932,9,8,bottle,far,-7.3125996589660645,0.40352803114140534
cifar100_test_01944,1944,94,9,wardrobe,far,-7.3436479568481445,0.3979533328218988
cifar100_test_01947,1947,20,0,chair,far,-7.624510765075684,0.4008341077995581
cifar100_test_01963,1963,39,0,keyboard,far,-7.044215202331543,0.5885843942206769
cifar100_test_01982,1982,22,1,clock,far,-6.863186836242676,0.48094953702032484
cifar100_test_01987,1987,51,3,mushroom,far,-7.319566249847412,0.5918472143290194
cifar100_test_02005,2005,51,2,mushroom,far,-7.528627872467041,0.4397126191933858
cifar100_test_02011,2011,9,2,bottle,far,-7.540566921234131,0.4023640042006198
cifar100_test_02023,2023,39,0,keyboard,far,-7.480792045593262,0.3994747358767622
cifar100_test_02037,2037,39,3,keyboard,far,-7.312551498413086,0.4772326330794482
cifar100_test_02038,2038,82,9,sunflower,far,-7.055977821350098,0.43453096528169666
cifar100_test_02052,2052,39,3,keyboard,far,-7.378370761871338,0.6693874793170808
cifar100_test_02055,2055,39,0,keyboard,far,-7.492059707641602,0.3961482654114977
cifar100_test_02086,2086,20,0,chair,far,-7.301204681396484,0.4744692126765713
cifar100_test_02108,2108,20,0,chair,far,-7.465465545654297,0.4398500121713115
cifar100_test_02109,2109,10,6,bowl,far,-7.1937713623046875,0.6362933045673149
cifar100_test_02125,2125,22,1,clock,far,-7.423717021942139,0.4341875328556586
cifar100_test_02134,2134,94,9,wardrobe,far,-6.705512046813965,0.5229755123938965
cifar100_test_02152,2152,20,2,chair,far,-7.489190101623535,0.4214233771823259
cifar100_test_02161,2161,20,8,chair,far,-6.666150093078613,0.7081601612518406
cifar100_test_02169,2169,22,6,clock,far,-7.45712423324585,0.40217247498758335
cifar100_test_02176,2176,10,8,bowl,far,-7.360488414764404,0.41143542240423747
cifar100_test_02181,2181,39,8,keyboard,far,-6.602904319763184,0.6131924789715744
cifar100_test_02189,2189,22,6,clock,far,-7.26051139831543,0.4611195745567832
cifar100_test_02200,2200,51,2,mushroom,far,-7.153017997741699,0.5389770755669943
cifar100_test_02207,2207,22,8,clock,far,-7.2159013748168945,0.4924724522955498
cifar100_test_02213,2213,22,1,clock,far,-6.9171247482299805,0.6753734810132728
cifar100_test_02223,2223,22,1,clock,far,-6.462382793426514,0.6088915192799736
cifar100_test_02232,2232,51,2,mushroom,far,-7.326710224151611,0.5054181896537473
cifar100_test_02243,2243,82,5,sunflower,far,-7.266690254211426,0.5848547539474653
cifar100_test_02269,2269,20,7,chair,far,-6.783421039581299,0.6256831588143795
cifar100_test_02295,2295,10,1,bowl,far,-6.438620090484619,0.7056710398675177
cifar100_test_02300,2300,10,2,bowl,far,-7.410250663757324,0.4394972866168704
cifar100_test_02302,2302,10,6,bowl,far,-7.574962615966797,0.3864165505577266
cifar100_test_02314,2314,9,1,bottle,far,-7.343224048614502,0.39404762395367887
cifar100_test_02332,2332,51,2,mushroom,far,-7.396581172943115,0.5258132453790506
cifar100_test_02384,2384,51,3,mushroom,far,-7.388633728027344,0.4270016754736191
cifar100_test_02386,2386,20,3,chair,far,-7.4317426681518555,0.592834034928829
cifar100_test_02389,2389,20,2,chair,far,-7.489207744598389,0.4610007613024748
cifar100_test_02425,2425,10,3,bowl,far,-7.421009540557861,0.45480519129583274
cifar100_test_02428,2428,9,3,bottle,far,-7.351796627044678,0.5416694959001809
cifar100_test_02432,2432,94,9,wardrobe,far,-6.971292495727539,0.4821361865825322
cifar100_test_02446,2446,82,6,sunflower,far,-7.426667213439941,0.48384610177967424
cifar100_test_02453,2453,94,4,wardrobe,far,-6.619034767150879,0.6940357559250376
cifar100_test_02463,2463,22,8,clock,far,-7.355904579162598,0.44629698628142356
cifar100_test_02470,2470,20,0,chair,far,-7.459392547607422,0.40772191822002357
cifar100_test_02475,2475,22,9,clock,far,-7.35493278503418,0.42450831681932666
cifar100_test_02487,2487,22,3,clock,far,-6.9849114418029785,0.6900229680368666
cifar100_test_02510,2510,9,8,bottle,far,-6.921792030334473,0.6572278802648048
cifar100_test_02533,2533,22,8,clock,far,-7.456272602081299,0.39584019742468546
cifar100_test_02545,2545,82,5,sunflower,far,-7.304597854614258,0.425654915768261
cifar100_test_02550,2550,9,9,bottle,far,-7.309660911560059,0.4016141607785434
cifar100_test_02557,2557,94,9,wardrobe,far,-7.395969867706299,0.446042839544606
cifar100_test_02562,2562,39,9,keyboard,far,-7.341340065002441,0.39646394179390876
cifar100_test_02576,2576,20,9,chair,far,-6.913693904876709,0.4850137390392425
cifar100_test_02577,2577,20,7,chair,far,-6.552399158477783,0.6715904235612324
cifar100_test_02579,2579,51,6,mushroom,far,-7.506015777587891,0.43851857573185427
cifar100_test_02586,2586,22,6,clock,far,-7.597308158874512,0.521712390142233
cifar100_test_02620,2620,51,2,mushroom,far,-7.506140232086182,0.4014220139218201
cifar100_test_02627,2627,39,3,keyboard,far,-7.162132740020752,0.6371629525373848
cifar100_test_02650,2650,39,0,keyboard,far,-7.2493062019348145,0.5517301643908833
cifar100_test_02656,2656,10,3,bowl,far,-7.393212795257568,0.42780502331527204
cifar100_test_02661,2661,20,0,chair,far,-6.977334976196289,0.6026383262268025
cifar100_test_02670,2670,10,5,bowl,far,-7.251709938049316,0.5405487091836563
cifar100_test_02684,2684,20,0,chair,far,-7.493667125701904,0.3940091119587178
cifar100_test_02715,2715,94,9,wardrobe,far,-7.20892333984375,0.4387377960357076
cifar100_test_02729,2729,39,9,keyboard,far,-7.380005836486816,0.4084725899284466
cifar100_test_02740,2740,82,2,sunflower,far,-7.487902641296387,0.4064814606405843
cifar100_test_02790,2790,10,0,bowl,far,-6.834568023681641,0.6302334369216911
cifar100_test_02797,2797,10,3,bowl,far,-7.451627254486084,0.4246060677646557
cifar100_test_02802,2802,20,3,chair,far,-7.526867866516113,0.4626639835062216
cifar100_test_02811,2811,82,6,sunflower,far,-7.593464374542236,0.38696818252178644
cifar100_test_02815,2815,22,2,clock,far,-6.324518203735352,0.7207799419539729
cifar100_test_02822,2822,9,8,bottle,far,-7.500777244567871,0.39454079748839443
cifar100_test_02831,2831,82,6,sunflower,far,-7.5088653564453125,0.38516722228459166
cifar100_test_02836,2836,22,1,clock,far,-7.290469169616699,0.6358724672296975
cifar100_test_02856,2856,82,3,sunflower,far,-7.407289981842041,0.44065535648857934
cifar100_test_02915,2915,94,9,wardrobe,far,-7.262420654296875,0.40616058248153697
cifar100_test_02917,2917,20,2,chair,far,-7.594368934631348,0.4082535388642943
cifar100_test_02936,2936,22,3,clock,far,-7.062996864318848,0.6997702855719472
cifar100_test_02937,2937,51,2,mushroom,far,-7.524616241455078,0.4172508049330954
cifar100_test_02945,2945,22,3,clock,far,-7.475844383239746,0.4350001544740424
cifar100_test_02963,2963,9,9,bottle,far,-7.026558876037598,0.4481178957367804
cifar100_test_02965,2965,20,0,chair,far,-7.389922142028809,0.40421830336265707
cifar100_test_02972,2972,82,3,sunflower,far,-7.452858924865723,0.4270664001501566
cifar100_test_02980,2980,51,2,mushroom,far,-7.44626522064209,0.5743133322561538
cifar100_test_02989,2989,82,3,sunflower,far,-7.381187915802002,0.5541332065101998
cifar100_test_02993,2993,9,3,bottle,far,-7.4711012840271,0.577497532792481
cifar100_test_03011,3011,9,5,bottle,far,-7.318121910095215,0.4835061299487534
cifar100_test_03015,3015,94,3,wardrobe,far,-7.3728485107421875,0.47627652681804555
cifar100_test_03039,3039,51,2,mushroom,far,-7.314459323883057,0.6291853821584348
cifar100_test_03053,3053,94,9,wardrobe,far,-7.362102508544922,0.398880639904738
cifar100_test_03078,3078,10,3,bowl,far,-6.92032527923584,0.654688600568959
cifar100_test_03089,3089,82,5,sunflower,far,-7.312654972076416,0.4616139506220881
cifar100_test_03091,3091,10,9,bowl,far,-6.700077533721924,0.7156992053417464
cifar100_test_03095,3095,10,6,bowl,far,-7.350212097167969,0.5353386125519828
cifar100_test_03115,3115,82,2,sunflower,far,-7.482069969177246,0.42020467575488196
cifar100_test_03122,3122,9,3,bottle,far,-7.071393013000488,0.601861255615535
cifar100_test_03139,3139,39,8,keyboard,far,-7.108348846435547,0.5094286633959912
cifar100_test_03149,3149,94,9,wardrobe,far,-7.425986289978027,0.3987593583416731
cifar100_test_03186,3186,20,0,chair,far,-7.500164985656738,0.3924025077071607
cifar100_test_03203,3203,20,0,chair,far,-7.082409858703613,0.617975941067908
cifar100_test_03209,3209,10,5,bowl,far,-6.998054504394531,0.6280399544564959
cifar100_test_03210,3210,22,1,clock,far,-7.233593940734863,0.39933926199965863
cifar100_test_03216,3216,9,0,bottle,far,-6.016389846801758,0.7310493848430462
cifar100_test_03232,3232,9,8,bottle,far,-7.071898460388184,0.5154323277347379
cifar100_test_03247,3247,39,9,keyboard,far,-7.327657222747803,0.39738018726076973
cifar100_test_03253,3253,10,2,bowl,far,-6.943972110748291,0.6924827275331531
cifar100_test_03282,3282,22,3,clock,far,-7.427499294281006,0.6033686170316981
cifar100_test_03286,3286,20,1,chair,far,-6.33332633972168,0.7106494936233941
cifar100_test_03293,3293,20,0,chair,far,-7.381054878234863,0.4029293234684034
cifar100_test_03298,3298,39,0,keyboard,far,-7.331429958343506,0.46889680329678307
cifar100_test_03299,3299,20,0,chair,far,-7.4439873695373535,0.3969617215009472
cifar100_test_03304,3304,10,0,bowl,far,-7.495055198669434,0.3951239985401426
cifar100_test_03305,3305,51,6,mushroom,far,-7.438561916351318,0.3934074219339002
cifar100_test_03316,3316,9,3,bottle,far,-7.350053787231445,0.5621198292001048
cifar100_test_03317,3317,20,0,chair,far,-7.434938430786133,0.39877040503115013
cifar100_test_03322,3322,20,0,chair,far,-5.9994659423828125,0.7621804527382189
cifar100_test_03337,3337,51,2,mushroom,far,-7.438251972198486,0.43574791389319945
cifar100_test_03347,3347,39,3,keyboard,far,-7.383523941040039,0.5049041993449563
cifar100_test_03348,3348,10,6,bowl,far,-7.493220329284668,0.38648275272752475
cifar100_test_03349,3349,20,9,chair,far,-7.222515106201172,0.4284087890781051
cifar100_test_03350,3350,9,3,bottle,far,-7.133548259735107,0.6545325590663011
cifar100_test_03352,3352,51,2,mushroom,far,-7.411130428314209,0.5382166950554343
cifar100_test_03373,3373,10,3,bowl,far,-7.399545669555664,0.45888013697624086
cifar100_test_03378,3378,94,3,wardrobe,far,-7.437333583831787,0.42412153324700574
cifar100_test_03386,3386,82,3,sunflower,far,-7.411440372467041,0.42600448055651896
cifar100_test_03402,3402,82,2,sunflower,far,-7.393952369689941,0.5157757616446735
cifar100_test_03409,3409,20,0,chair,far,-7.303239822387695,0.5097216266544458
cifar100_test_03429,3429,82,5,sunflower,far,-7.452639102935791,0.4413143193601965
cifar100_test_03444,3444,9,1,bottle,far,-7.192424297332764,0.4555484055826553
cifar100_test_03470,3470,39,6,keyboard,far,-7.357800483703613,0.6647205436634092
cifar100_test_03493,3493,51,2,mushroom,far,-6.909255504608154,0.7133153746312577
cifar100_test_03502,3502,51,6,mushroom,far,-7.1834716796875,0.5490302040480886
cifar100_test_03507,3507,10,3,bowl,far,-7.040392875671387,0.61999765938246
cifar100_test_03548,3548,9,3,bottle,far,-6.904526710510254,0.6689499444623425
cifar100_test_03559,3559,82,2,sunflower,far,-7.3646240234375,0.549167705063294
cifar100_test_03568,3568,20,2,chair,far,-6.838370323181152,0.7369541912190305
cifar100_test_03579,3579,39,0,keyboard,far,-7.359898090362549,0.4167873541273047
cifar100_test_03586,3586,39,3,keyboard,far,-7.465879917144775,0.4245764038107658
cifar100_test_03609,3609,94,9,wardrobe,far,-7.300203323364258,0.429345867461692
cifar100_test_03636,3636,51,3,mushroom,far,-7.388851165771484,0.6239735788121252
cifar100_test_03659,3659,22,6,clock,far,-6.929018497467041,0.6957865677190063
cifar100_test_03683,3683,22,8,clock,far,-6.595400333404541,0.6708089176885799
cifar100_test_03684,3684,51,3,mushroom,far,-7.458013534545898,0.4456943824649876
cifar100_test_03693,3693,39,1,keyboard,far,-7.33171272277832,0.39385369077320687
cifar100_test_03702,3702,94,9,wardrobe,far,-7.254290580749512,0.5441930459758078
cifar100_test_03705,3705,94,9,wardrobe,far,-7.105344772338867,0.4675660584644662
cifar100_test_03716,3716,39,4,keyboard,far,-7.206697463989258,0.5993087861323702
cifar100_test_03728,3728,10,3,bowl,far,-7.201122760772705,0.6638559132099131
cifar100_test_03730,3730,10,3,bowl,far,-7.469968318939209,0.5663630491508713
cifar100_test_03734,3734,51,3,mushroom,far,-7.435275077819824,0.4300429983374894
cifar100_test_03742,3742,51,3,mushroom,far,-7.311772346496582,0.5446274800262738
cifar100_test_03759,3759,51,2,mushroom,far,-7.573554515838623,0.40707282380950016
cifar100_test_03765,3765,10,8,bowl,far,-7.3943986892700195,0.3945368941027171
cifar100_test_03770,3770,82,2,sunflower,far,-7.345944404602051,0.5182916955338766
cifar100_test_03787,3787,94,3,wardrobe,far,-7.6389923095703125,0.501443929889597
cifar100_test_03806,3806,94,3,wardrobe,far,-7.134540557861328,0.5744950002325611
cifar100_test_03853,3853,94,9,wardrobe,far,-7.259283065795898,0.4122892625213733
cifar100_test_03855,3855,39,5,keyboard,far,-6.692025184631348,0.7284124589621377
cifar100_test_03863,3863,10,1,bowl,far,-7.442918300628662,0.39596984878549624
cifar100_test_03872,3872,39,0,keyboard,far,-7.492705821990967,0.4263581155899001
cifar100_test_03888,3888,9,3,bottle,far,-7.447573184967041,0.42427122368962544
cifar100_test_03906,3906,9,8,bottle,far,-7.244876861572266,0.41234185551322045
cifar100_test_03912,3912,20,0,chair,far,-7.38813591003418,0.39898522639583345
cifar100_test_03924,3924,94,9,wardrobe,far,-6.66065788269043,0.6134956245697073
cifar100_test_03942,3942,82,2,sunflower,far,-7.599052429199219,0.40957264393424886
cifar100_test_03952,3952,10,5,bowl,far,-7.393495559692383,0.429848676710069
cifar100_test_03962,3962,51,2,mushroom,far,-6.750319957733154,0.699626720612225
cifar100_test_03968,3968,51,6,mushroom,far,-7.551772117614746,0.3831650321180823
cifar100_test_03975,3975,82,6,sunflower,far,-6.732985019683838,0.6943648716846058
cifar100_test_04010,4010,20,0,chair,far,-7.0769805908203125,0.5288718557197389
cifar100_test_04022,4022,51,2,mushroom,far,-7.2282209396362305,0.5533775945529501
cifar100_test_04031,4031,94,3,wardrobe,far,-7.378546714782715,0.44761811313583355
cifar100_test_04033,4033,94,3,wardrobe,far,-7.449113845825195,0.42980739565486403
cifar100_test_04034,4034,94,9,wardrobe,far,-7.001134395599365,0.5429752954011579
cifar100_test_04061,4061,20,0,chair,far,-6.662463665008545,0.6565555838329606
cifar100_test_04065,4065,9,9,bottle,far,-6.656914710998535,0.5886566774845816
cifar100_test_04077,4077,9,3,bottle,far,-7.531380653381348,0.43573317347380924
cifar100_test_04087,4087,94,9,wardrobe,far,-7.224049091339111,0.42239087394555896
cifar100_test_04103,4103,82,5,sunflower,far,-6.928680896759033,0.647826389114238
cifar100_test_04125,4125,20,0,chair,far,-7.522734642028809,0.3961945607783737
cifar100_test_04151,4151,10,1,bowl,far,-7.107515335083008,0.45123750764303705
cifar100_test_04159,4159,20,2,chair,far,-6.89111328125,0.6887412561221682
cifar100_test_04171,4171,94,3,wardrobe,far,-7.427818298339844,0.42791814459689537
cifar100_test_04174,4174,22,3,clock,far,-7.497713088989258,0.4316160111838343
cifar100_test_04183,4183,39,3,keyboard,far,-7.0685319900512695,0.6933431636214551
cifar100_test_04186,4186,20,2,chair,far,-7.556903839111328,0.428463483794813
cifar100_test_04206,4206,22,1,clock,far,-6.4380998611450195,0.6872479220031245
cifar100_test_04208,4208,94,9,wardrobe,far,-7.187635898590088,0.4457464655937944
cifar100_test_04214,4214,20,2,chair,far,-7.328307151794434,0.5438811838697261
cifar100_test_04245,4245,94,3,wardrobe,far,-7.3819475173950195,0.4289341898847028
cifar100_test_04252,4252,10,3,bowl,far,-7.446745872497559,0.4240076125215808
cifar100_test_04259,4259,20,0,chair,far,-6.991410255432129,0.5562389436984969
cifar100_test_04269,4269,51,5,mushroom,far,-7.343233108520508,0.5088534123991701
cifar100_test_04321,4321,22,9,clock,far,-7.620285511016846,0.3884978812499611
cifar100_test_04325,4325,9,3,bottle,far,-7.541521072387695,0.474201536432476
cifar100_test_04332,4332,9,8,bottle,far,-7.414834022521973,0.42183398976479913
cifar100_test_04334,4334,9,3,bottle,far,-7.400679588317871,0.44887578668715367
cifar100_test_04348,4348,10,1,bowl,far,-7.194606304168701,0.6743855429045263
cifar100_test_04367,4367,10,2,bowl,far,-7.501214981079102,0.40629500613616165
cifar100_test_04369,4369,22,1,clock,far,-6.626676559448242,0.5518889180460822
cifar100_test_04373,4373,51,4,mushroom,far,-7.038951873779297,0.700987022239998
cifar100_test_04376,4376,82,3,sunflower,far,-7.369926452636719,0.5372161811323047
cifar100_test_04382,4382,94,3,wardrobe,far,-7.454771041870117,0.4326777419748704
cifar100_test_04383,4383,39,4,keyboard,far,-6.162408828735352,0.7418444977135671
cifar100_test_04386,4386,10,6,bowl,far,-7.398448944091797,0.43527083169156644
cifar100_test_04394,4394,51,7,mushroom,far,-6.577829837799072,0.7522960634119865
cifar100_test_04417,4417,51,2,mushroom,far,-7.390388011932373,0.602387222091669
cifar100_test_04444,4444,20,0,chair,far,-7.524690628051758,0.6624031707309636
cifar100_test_04466,4466,94,9,wardrobe,far,-6.640046119689941,0.661094540244185
cifar100_test_04471,4471,10,1,bowl,far,-7.016026020050049,0.6917482722302128
cifar100_test_04475,4475,22,1,clock,far,-7.040355682373047,0.601093800706402
cifar100_test_04514,4514,51,2,mushroom,far,-7.265694618225098,0.614882185393687
cifar100_test_04520,4520,10,1,bowl,far,-6.444690704345703,0.6909881741988612
cifar100_test_04631,4631,94,3,wardrobe,far,-7.313645362854004,0.5159103943152067
cifar100_test_04656,4656,22,3,clock,far,-6.991558074951172,0.6464749696350265
cifar100_test_04668,4668,20,0,chair,far,-7.421344757080078,0.442071057013368
cifar100_test_04670,4670,39,5,keyboard,far,-7.443582057952881,0.536193616346941
cifar100_test_04683,4683,9,3,bottle,far,-7.401909828186035,0.42655179208791827
cifar100_test_04704,4704,22,9,clock,far,-7.485610008239746,0.3891769509341211
cifar100_test_04708,4708,9,0,bottle,far,-6.642560005187988,0.6881023956568724
cifar100_test_04722,4722,20,0,chair,far,-7.419954299926758,0.4309514078350475
cifar100_test_04734,4734,94,2,wardrobe,far,-7.432574272155762,0.4415204258668909
cifar100_test_04746,4746,82,9,sunflower,far,-6.53220796585083,0.6306114791846564
cifar100_test_04769,4769,22,9,clock,far,-7.406459808349609,0.434328891996801
cifar100_test_04771,4771,22,1,clock,far,-6.918327331542969,0.6247943793712867
cifar100_test_04779,4779,22,5,clock,far,-7.238201141357422,0.566339175630389
cifar100_test_04785,4785,82,2,sunflower,far,-7.536018371582031,0.41267278941147434
cifar100_test_04800,4800,39,0,keyboard,far,-7.343335151672363,0.5393116344152571
cifar100_test_04804,4804,39,7,keyboard,far,-7.121396541595459,0.46337302485879817
cifar100_test_04809,4809,39,3,keyboard,far,-7.185911655426025,0.582022193502777
cifar100_test_04818,4818,9,9,bottle,far,-6.913460731506348,0.4904887688375118
cifar100_test_04830,4830,10,1,bowl,far,-6.8999924659729,0.6889975194619702
cifar100_test_04838,4838,39,1,keyboard,far,-6.727434158325195,0.5606330553288852
cifar100_test_04847,4847,20,2,chair,far,-7.526274681091309,0.4013439648449576
cifar100_test_04848,4848,9,8,bottle,far,-6.769186973571777,0.5446744031247045
cifar100_test_04851,4851,82,2,sunflower,far,-7.19385290145874,0.6396491323260863
cifar100_test_04859,4859,22,3,clock,far,-7.37108039855957,0.4664361190522699
cifar100_test_04863,4863,10,8,bowl,far,-7.157951354980469,0.45938628171396
cifar100_test_04910,4910,94,3,wardrobe,far,-7.490665435791016,0.42949147567314194
cifar100_test_04918,4918,20,3,chair,far,-7.465240478515625,0.522823171230908
cifar100_test_04933,4933,94,9,wardrobe,far,-7.371166229248047,0.3977373592481712
cifar100_test_04947,4947,94,3,wardrobe,far,-7.724043846130371,0.6067368014446048
cifar100_test_04956,4956,9,3,bottle,far,-7.411313056945801,0.44332440307573373
cifar100_test_04968,4968,51,6,mushroom,far,-7.404354095458984,0.5342963798108002
cifar100_test_04981,4981,9,9,bottle,far,-7.339105606079102,0.5162419230297508
cifar100_test_04982,4982,51,2,mushroom,far,-7.464236259460449,0.40202562251795526
cifar100_test_04986,4986,22,1,clock,far,-7.07565975189209,0.4640575358863529
cifar100_test_04999,4999,39,6,keyboard,far,-7.6432905197143555,0.39124690587094446
cifar100_test_05002,5002,82,0,sunflower,far,-6.248929977416992,0.7775999095847472
cifar100_test_05005,5005,82,6,sunflower,far,-7.18354606628418,0.48667987864444995
cifar100_test_05030,5030,9,1,bottle,far,-6.998709678649902,0.5867604942251226
cifar100_test_05082,5082,94,3,wardrobe,far,-7.242625713348389,0.5977256086549232
cifar100_test_05083,5083,10,5,bowl,far,-6.7445597648620605,0.709479323739381
cifar100_test_05096,5096,20,0,chair,far,-7.382263660430908,0.40555194267633865
cifar100_test_05102,5102,9,6,bottle,far,-7.763585567474365,0.40415417782061214
cifar100_test_05127,5127,10,3,bowl,far,-6.4150190353393555,0.7458961590927213
cifar100_test_05147,5147,22,1,clock,far,-6.248618125915527,0.6839377436878509
cifar100_test_05155,5155,82,5,sunflower,far,-6.995957851409912,0.6590315585387674
cifar100_test_05181,5181,82,3,sunflower,far,-7.48593807220459,0.44404264434672314
cifar100_test_05215,5215,94,3,wardrobe,far,-7.174252986907959,0.5961414173455111
cifar100_test_05219,5219,51,3,mushroom,far,-7.432817459106445,0.42681230692243466
cifar100_test_05236,5236,22,5,clock,far,-6.93696403503418,0.6767034047816608
cifar100_test_05250,5250,39,3,keyboard,far,-6.833034038543701,0.6527136031331302
cifar100_test_05260,5260,82,2,sunflower,far,-7.431009292602539,0.4416096815725936
cifar100_test_05282,5282,10,1,bowl,far,-7.007623195648193,0.47967941622848653
cifar100_test_05319,5319,22,2,clock,far,-6.491432189941406,0.75112896232113
cifar100_test_05324,5324,9,7,bottle,far,-6.529217720031738,0.7737418153971615
cifar100_test_05333,5333,94,9,wardrobe,far,-7.174695014953613,0.6417226037044707
cifar100_test_05354,5354,51,2,mushroom,far,-7.497427940368652,0.41349171237892346
cifar100_test_05364,5364,22,3,clock,far,-7.2670698165893555,0.6266140820670096
cifar100_test_05375,5375,51,4,mushroom,far,-6.948484897613525,0.6459083258057252
cifar100_test_05378,5378,39,0,keyboard,far,-7.532832622528076,0.4569237628164813
cifar100_test_05386,5386,51,2,mushroom,far,-7.519936561584473,0.4139188125294576
cifar100_test_05387,5387,94,9,wardrobe,far,-6.827095031738281,0.5938753930031502
cifar100_test_05414,5414,22,3,clock,far,-7.243996620178223,0.4854595354012162
cifar100_test_05428,5428,94,9,wardrobe,far,-7.3011016845703125,0.39888232382231925
cifar100_test_05440,5440,9,8,bottle,far,-7.132013320922852,0.4331934011495685
cifar100_test_05444,5444,10,0,bowl,far,-7.624522686004639,0.39385331769311527
cifar100_test_05473,5473,20,2,chair,far,-6.6757001876831055,0.7642511594566858
cifar100_test_05484,5484,51,2,mushroom,far,-7.036809921264648,0.6210236233005779
cifar100_test_05505,5505,39,6,keyboard,far,-7.415100574493408,0.5816966530449721
cifar100_test_05508,5508,10,3,bowl,far,-7.531525611877441,0.4326196254468996
cifar100_test_05565,5565,94,3,wardrobe,far,-7.442322254180908,0.426980631828482
cifar100_test_05573,5573,82,6,sunflower,far,-7.544040679931641,0.3834162190970263
cifar100_test_05577,5577,39,7,keyboard,far,-6.645073890686035,0.6846505788546754
cifar100_test_05587,5587,94,9,wardrobe,far,-6.953338623046875,0.4882053742019772
cifar100_test_05603,5603,20,0,chair,far,-7.392928123474121,0.40602424689172145
cifar100_test_05627,5627,51,4,mushroom,far,-7.433267116546631,0.40231641992689504
cifar100_test_05633,5633,39,0,keyboard,far,-7.416667938232422,0.44886562010642905
cifar100_test_05638,5638,51,0,mushroom,far,-7.407224655151367,0.4095520295523347
cifar100_test_05643,5643,94,9,wardrobe,far,-6.894436836242676,0.5084606029233453
cifar100_test_05646,5646,51,2,mushroom,far,-7.495724201202393,0.40866224326776
cifar100_test_05659,5659,39,9,keyboard,far,-6.680388450622559,0.6502994631344314
cifar100_test_05666,5666,94,3,wardrobe,far,-7.400763511657715,0.504088428467937
cifar100_test_05680,5680,82,6,sunflower,far,-7.566799640655518,0.4103177958540144
cifar100_test_05683,5683,20,0,chair,far,-7.464105606079102,0.39664370803949434
cifar100_test_05686,5686,9,3,bottle,far,-7.4033613204956055,0.42731067436129644
cifar100_test_05690,5690,22,0,clock,far,-7.462039947509766,0.39484872986922537
cifar100_test_05699,5699,20,8,chair,far,-7.512565612792969,0.392727565032833
cifar100_test_05716,5716,10,2,bowl,far,-7.533483505249023,0.40111985698065433
cifar100_test_05740,5740,39,7,keyboard,far,-6.536865234375,0.5800000412969104
cifar100_test_05742,5742,82,6,sunflower,far,-6.994246482849121,0.59717288103235
cifar100_test_05768,5768,22,3,clock,far,-7.4275665283203125,0.4803619927035584
cifar100_test_05777,5777,39,0,keyboard,far,-7.4163618087768555,0.39809391479214185
cifar100_test_05799,5799,20,2,chair,far,-7.2868733406066895,0.49792527475949055
cifar100_test_05810,5810,9,8,bottle,far,-6.287981033325195,0.6142130005857311
cifar100_test_05820,5820,51,2,mushroom,far,-7.489245414733887,0.4018537268386252
cifar100_test_05825,5825,94,3,wardrobe,far,-7.421041488647461,0.4272732950184751
cifar100_test_05838,5838,51,3,mushroom,far,-7.112761497497559,0.701159047899891
cifar100_test_05845,5845,22,8,clock,far,-6.541071891784668,0.6467517603048852
cifar100_test_05861,5861,82,6,sunflower,far,-6.884174346923828,0.5991824935528021
cifar100_test_05882,5882,10,1,bowl,far,-6.442929744720459,0.6846398500235431
cifar100_test_05926,5926,20,0,chair,far,-7.702659606933594,0.3976159295630841
cifar100_test_05940,5940,39,8,keyboard,far,-7.198281288146973,0.5981889383323099
cifar100_test_05944,5944,51,3,mushroom,far,-7.374524116516113,0.48665389330747033
cifar100_test_05978,5978,22,8,clock,far,-7.433509349822998,0.4031068872711162
cifar100_test_05981,5981,9,3,bottle,far,-7.434941291809082,0.4265174415033407
cifar100_test_05993,5993,9,3,bottle,far,-7.575763702392578,0.44718823476590597
cifar100_test_05995,5995,20,0,chair,far,-7.456645965576172,0.3979412061110166
cifar100_test_06015,6015,39,9,keyboard,far,-6.895871162414551,0.6332786252845413
cifar100_test_06018,6018,9,0,bottle,far,-7.365333557128906,0.4230520926945973
cifar100_test_06025,6025,9,6,bottle,far,-5.76952600479126,0.744898615029389
cifar100_test_06030,6030,82,2,sunflower,far,-7.484797477722168,0.4015753940407307
cifar100_test_06033,6033,10,1,bowl,far,-7.254524230957031,0.39699358280084407
cifar100_test_06042,6042,39,6,keyboard,far,-6.9598565101623535,0.6033059135476968
cifar100_test_06046,6046,94,3,wardrobe,far,-7.726150035858154,0.5355668318143434
cifar100_test_06069,6069,10,1,bowl,far,-6.993793964385986,0.6417448419530749
cifar100_test_06079,6079,10,3,bowl,far,-7.489995002746582,0.4290369796802763
cifar100_test_06089,6089,9,8,bottle,far,-7.369854927062988,0.3968725273344359
cifar100_test_06098,6098,20,3,chair,far,-6.825139999389648,0.6895710452948149
cifar100_test_06112,6112,39,3,keyboard,far,-7.427657604217529,0.4253911719147886
cifar100_test_06117,6117,39,0,keyboard,far,-7.470702171325684,0.42230967390952723
cifar100_test_06131,6131,39,9,keyboard,far,-7.348041534423828,0.3950934821006634
cifar100_test_06134,6134,39,0,keyboard,far,-6.623201370239258,0.623793398697976
cifar100_test_06141,6141,20,0,chair,far,-7.285531044006348,0.5226860332259069
cifar100_test_06145,6145,39,3,keyboard,far,-7.439118385314941,0.4331361948045084
cifar100_test_06152,6152,51,6,mushroom,far,-7.489429473876953,0.4109115326089757
cifar100_test_06161,6161,94,9,wardrobe,far,-7.318237781524658,0.3994791672656436
cifar100_test_06165,6165,22,5,clock,far,-7.303596496582031,0.5643547403738498
cifar100_test_06168,6168,9,2,bottle,far,-7.2336931228637695,0.5981026615494992
cifar100_test_06194,6194,51,5,mushroom,far,-7.39058780670166,0.44746541505941895
cifar100_test_06204,6204,94,3,wardrobe,far,-7.042398452758789,0.6015864905943054
cifar100_test_06214,6214,9,2,bottle,far,-7.399728775024414,0.5018534502142482
cifar100_test_06215,6215,51,6,mushroom,far,-7.574868679046631,0.38339620374731487
cifar100_test_06217,6217,9,3,bottle,far,-7.08515739440918,0.6632358688278703
cifar100_test_06218,6218,39,6,keyboard,far,-7.461150646209717,0.5103747900073569
cifar100_test_06233,6233,20,0,chair,far,-7.417049884796143,0.5143658218750286
cifar100_test_06237,6237,94,3,wardrobe,far,-7.476632595062256,0.45239659396606346
cifar100_test_06238,6238,22,8,clock,far,-7.099429130554199,0.5348142831091671
cifar100_test_06239,6239,9,3,bottle,far,-7.351686477661133,0.6188036443511741
cifar100_test_06245,6245,20,0,chair,far,-7.347901344299316,0.40287986950137744
cifar100_test_06252,6252,10,8,bowl,far,-7.337372303009033,0.42075957106468176
cifar100_test_06254,6254,10,3,bowl,far,-7.361109256744385,0.4339230545879441
cifar100_test_06267,6267,22,1,clock,far,-6.726715087890625,0.7096498926523909
cifar100_test_06269,6269,22,3,clock,far,-7.346449851989746,0.44246617138672684
cifar100_test_06297,6297,39,2,keyboard,far,-7.466540336608887,0.40796153077463326
cifar100_test_06298,6298,39,5,keyboard,far,-7.320465087890625,0.4277529285044913
cifar100_test_06327,6327,10,3,bowl,far,-7.582772254943848,0.46845437260941813
cifar100_test_06340,6340,39,0,keyboard,far,-6.644659042358398,0.6681146610571369
cifar100_test_06364,6364,20,7,chair,far,-6.907596588134766,0.6612734854035389
cifar100_test_06370,6370,39,9,keyboard,far,-6.315435409545898,0.7016122746054219
cifar100_test_06388,6388,82,3,sunflower,far,-7.0033111572265625,0.6882576721120958
cifar100_test_06390,6390,94,9,wardrobe,far,-7.297946453094482,0.39976045980218167
cifar100_test_06413,6413,94,9,wardrobe,far,-6.7628912925720215,0.5348519078803229
cifar100_test_06419,6419,39,0,keyboard,far,-6.726296424865723,0.6074173809704311
cifar100_test_06421,6421,82,6,sunflower,far,-6.98384428024292,0.5935956238578728
cifar100_test_06423,6423,94,9,wardrobe,far,-7.388113975524902,0.3942704309108124
cifar100_test_06440,6440,9,3,bottle,far,-7.290493965148926,0.4445456754030652
cifar100_test_06472,6472,9,0,bottle,far,-7.150611877441406,0.5307424046728497
cifar100_test_06482,6482,22,8,clock,far,-7.347283363342285,0.44051753642383684
cifar100_test_06490,6490,22,1,clock,far,-7.184947967529297,0.4123067796067864
cifar100_test_06491,6491,20,0,chair,far,-7.426526069641113,0.39683294448456974
cifar100_test_06500,6500,22,5,clock,far,-7.264473915100098,0.647900300913203
cifar100_test_06507,6507,9,3,bottle,far,-7.371074676513672,0.43238450071898027
cifar100_test_06508,6508,22,2,clock,far,-7.383142948150635,0.4586265263108751
cifar100_test_06510,6510,39,9,keyboard,far,-7.53372859954834,0.3879804455129734
cifar100_test_06512,6512,94,3,wardrobe,far,-7.468501091003418,0.5528727033261704
cifar100_test_06519,6519,10,6,bowl,far,-6.639315128326416,0.743601676541799
cifar100_test_06543,6543,39,9,keyboard,far,-7.335209369659424,0.3977982724211351
cifar100_test_06558,6558,51,2,mushroom,far,-7.490705966949463,0.40138591437883764
cifar100_test_06559,6559,10,0,bowl,far,-7.605370998382568,0.4134478159288024
cifar100_test_06565,6565,10,6,bowl,far,-7.537872314453125,0.3836423318895442
cifar100_test_06575,6575,51,9,mushroom,far,-7.325222015380859,0.4707494620528049
cifar100_test_06594,6594,20,0,chair,far,-7.207417964935303,0.46196758873555865
cifar100_test_06602,6602,9,8,bottle,far,-7.41044282913208,0.41924928870194955
cifar100_test_06619,6619,20,0,chair,far,-7.446999549865723,0.4267333769172953
cifar100_test_06647,6647,82,2,sunflower,far,-6.396292209625244,0.728971835607807
cifar100_test_06655,6655,20,3,chair,far,-7.067593574523926,0.6295913631847261
cifar100_test_06657,6657,22,8,clock,far,-6.685915946960449,0.6528206210562995
cifar100_test_06668,6668,51,2,mushroom,far,-7.228648662567139,0.5573285044707394
cifar100_test_06673,6673,22,3,clock,far,-7.328158855438232,0.46138064138079704
cifar100_test_06679,6679,51,4,mushroom,far,-7.164587497711182,0.6112569862142152
cifar100_test_06681,6681,51,3,mushroom,far,-7.445908546447754,0.43254515066765564
cifar100_test_06687,6687,82,2,sunflower,far,-6.72393798828125,0.6965445439022206
cifar100_test_06695,6695,39,2,keyboard,far,-7.547027587890625,0.3993377006218387
cifar100_test_06729,6729,51,2,mushroom,far,-7.558200359344482,0.4293344454794006
cifar100_test_06733,6733,39,7,keyboard,far,-7.119419097900391,0.45572124699783667
cifar100_test_06734,6734,39,9,keyboard,far,-7.156547546386719,0.4804786945720787
cifar100_test_06760,6760,39,0,keyboard,far,-7.178121566772461,0.6524845240654689
cifar100_test_06772,6772,10,3,bowl,far,-7.0693206787109375,0.6580568909475106
cifar100_test_06774,6774,22,2,clock,far,-7.563368320465088,0.4000517253146133
cifar100_test_06777,6777,39,8,keyboard,far,-7.341379165649414,0.4622411006618139
cifar100_test_06783,6783,94,4,wardrobe,far,-6.354607105255127,0.8005432730223074
cifar100_test_06788,6788,9,7,bottle,far,-7.173893928527832,0.49483623589458825
cifar100_test_06795,6795,22,8,clock,far,-7.329245567321777,0.40817887197348657
cifar100_test_06804,6804,10,6,bowl,far,-7.2532453536987305,0.5865324053333103
cifar100_test_06809,6809,94,9,wardrobe,far,-7.239696502685547,0.4170669502619373
cifar100_test_06823,6823,94,3,wardrobe,far,-7.454489231109619,0.4326303868474871
cifar100_test_06841,6841,22,8,clock,far,-7.019923686981201,0.45872467146084683
cifar100_test_06843,6843,82,2,sunflower,far,-6.9735188484191895,0.6413223836503474
cifar100_test_06845,6845,82,2,sunflower,far,-7.396445274353027,0.4851056447249401
cifar100_test_06859,6859,10,5,bowl,far,-6.933608055114746,0.5864295356549942
cifar100_test_06863,6863,94,3,wardrobe,far,-7.277215480804443,0.5178111927430802
cifar100_test_06886,6886,9,9,bottle,far,-7.428528785705566,0.6758850527459623
cifar100_test_06890,6890,22,3,clock,far,-7.470916748046875,0.6452981335112047
cifar100_test_06899,6899,9,8,bottle,far,-7.58949089050293,0.39046714107051084
cifar100_test_06907,6907,39,9,keyboard,far,-7.435925483703613,0.391956853046852
cifar100_test_06911,6911,51,4,mushroom,far,-6.788510322570801,0.6835981529899738
cifar100_test_06928,6928,82,6,sunflower,far,-7.402314186096191,0.4271411487828266
cifar100_test_06943,6943,20,0,chair,far,-7.068872451782227,0.6704444306901515
cifar100_test_06965,6965,51,5,mushroom,far,-7.205005645751953,0.48271059014198026
cifar100_test_06981,6981,22,1,clock,far,-6.672497749328613,0.6602362929136782
cifar100_test_06998,6998,39,3,keyboard,far,-6.804240703582764,0.6571264700479198
cifar100_test_07012,7012,9,3,bottle,far,-7.446272850036621,0.4253046530397584
cifar100_test_07017,7017,82,4,sunflower,far,-7.33320426940918,0.5837633352649311
cifar100_test_07060,7060,51,2,mushroom,far,-7.585264205932617,0.44273787083859417
cifar100_test_07063,7063,20,0,chair,far,-7.101016998291016,0.5117261010919414
cifar100_test_07077,7077,9,3,bottle,far,-7.350078582763672,0.5678983195421516
cifar100_test_07093,7093,9,5,bottle,far,-6.9016900062561035,0.6681240005683353
cifar100_test_07096,7096,39,7,keyboard,far,-6.9650115966796875,0.4904134221755475
cifar100_test_07104,7104,51,2,mushroom,far,-7.529223442077637,0.40109970882114354
cifar100_test_07123,7123,94,3,wardrobe,far,-7.387551307678223,0.625516488919901
cifar100_test_07161,7161,10,3,bowl,far,-7.338009834289551,0.4473059922518756
cifar100_test_07171,7171,94,9,wardrobe,far,-7.311069965362549,0.41465801926854295
cifar100_test_07181,7181,51,2,mushroom,far,-7.578774452209473,0.43617048441005557
cifar100_test_07192,7192,20,5,chair,far,-7.566226005554199,0.4923493540875936
cifar100_test_07224,7224,22,9,clock,far,-7.34566593170166,0.41653715705529804
cifar100_test_07229,7229,51,2,mushroom,far,-7.246304035186768,0.5995655214808558
cifar100_test_07258,7258,82,6,sunflower,far,-7.15404748916626,0.6692266266745217
cifar100_test_07259,7259,9,9,bottle,far,-6.804962635040283,0.6123015376455825
cifar100_test_07275,7275,22,1,clock,far,-6.667596340179443,0.6091389677423168
cifar100_test_07284,7284,51,3,mushroom,far,-6.76341438293457,0.7325438568080562
cifar100_test_07285,7285,94,9,wardrobe,far,-6.341336250305176,0.6752889083515314
cifar100_test_07291,7291,20,2,chair,far,-7.514171600341797,0.4146308982701483
cifar100_test_07319,7319,20,1,chair,far,-6.7265400886535645,0.6376216663649641
cifar100_test_07328,7328,82,2,sunflower,far,-7.472574234008789,0.4242006624275313
cifar100_test_07345,7345,10,0,bowl,far,-7.3839240074157715,0.503928865789821
cifar100_test_07356,7356,51,3,mushroom,far,-6.923401832580566,0.6636812473532963
cifar100_test_07362,7362,22,1,clock,far,-7.018812656402588,0.4610986158044217
cifar100_test_07406,7406,9,2,bottle,far,-7.024641513824463,0.7002424004905731
cifar100_test_07415,7415,9,8,bottle,far,-6.792900085449219,0.5861365917169465
cifar100_test_07423,7423,9,3,bottle,far,-7.241844177246094,0.5702195222223172
cifar100_test_07425,7425,51,6,mushroom,far,-7.309875011444092,0.6359284181962583
cifar100_test_07428,7428,10,8,bowl,far,-6.8426899909973145,0.4935545141441948
cifar100_test_07437,7437,94,3,wardrobe,far,-6.606881141662598,0.7563116911175235
cifar100_test_07443,7443,9,3,bottle,far,-7.410868167877197,0.4260794086235701
cifar100_test_07456,7456,20,3,chair,far,-7.318803787231445,0.5512887143859124
cifar100_test_07469,7469,94,3,wardrobe,far,-6.798122882843018,0.6592042979200827
cifar100_test_07483,7483,51,6,mushroom,far,-7.578772068023682,0.3858133707870294
cifar100_test_07499,7499,20,3,chair,far,-7.448693752288818,0.47120884662876394
cifar100_test_07515,7515,10,6,bowl,far,-7.566289901733398,0.38470838320047995
cifar100_test_07535,7535,20,9,chair,far,-7.390769004821777,0.39881575067275965
cifar100_test_07542,7542,20,3,chair,far,-7.408809661865234,0.557647257625539
cifar100_test_07543,7543,20,9,chair,far,-7.5323052406311035,0.39618934288054186
cifar100_test_07604,7604,94,9,wardrobe,far,-7.24000883102417,0.415218396079423
cifar100_test_07606,7606,94,3,wardrobe,far,-6.948680400848389,0.6351056520386085
cifar100_test_07607,7607,94,9,wardrobe,far,-6.626844882965088,0.5776505832587877
cifar100_test_07616,7616,82,9,sunflower,far,-6.561603546142578,0.5940017802715584
cifar100_test_07619,7619,51,6,mushroom,far,-7.561943531036377,0.38534029652121393
cifar100_test_07626,7626,22,1,clock,far,-6.8960280418396,0.6696667967681519
cifar100_test_07632,7632,51,6,mushroom,far,-7.523194789886475,0.3861024188891653
cifar100_test_07654,7654,39,9,keyboard,far,-7.301666259765625,0.4267044930243168
cifar100_test_07683,7683,82,5,sunflower,far,-7.2605109214782715,0.53099327687397
cifar100_test_07694,7694,94,3,wardrobe,far,-7.481266021728516,0.424793825107866
cifar100_test_07698,7698,39,3,keyboard,far,-7.486482620239258,0.47664606882989613
cifar100_test_07714,7714,51,6,mushroom,far,-7.223239898681641,0.44711816105360014
cifar100_test_07728,7728,9,3,bottle,far,-7.301688194274902,0.45784798044017694
cifar100_test_07737,7737,10,1,bowl,far,-7.078376770019531,0.43951206862784653
cifar100_test_07739,7739,39,3,keyboard,far,-7.473402976989746,0.4391743916459737
cifar100_test_07755,7755,82,6,sunflower,far,-6.509312629699707,0.6679947151100898
cifar100_test_07756,7756,51,2,mushroom,far,-7.331027030944824,0.5351488841012613
cifar100_test_07776,7776,82,5,sunflower,far,-7.300211429595947,0.5909989654868255
cifar100_test_07781,7781,39,0,keyboard,far,-6.088081359863281,0.7501833872004073
cifar100_test_07784,7784,10,3,bowl,far,-7.484033584594727,0.47560687305539817
cifar100_test_07785,7785,51,3,mushroom,far,-7.396335601806641,0.4444827582008939
cifar100_test_07787,7787,51,2,mushroom,far,-7.517134666442871,0.4042402269074882
cifar100_test_07795,7795,10,6,bowl,far,-7.6511735916137695,0.4127187454967153
cifar100_test_07804,7804,10,2,bowl,far,-6.171092987060547,0.7619630397146702
cifar100_test_07828,7828,94,3,wardrobe,far,-7.10416316986084,0.5920526433983428
cifar100_test_07850,7850,9,9,bottle,far,-7.207073211669922,0.6424889475747189
cifar100_test_07868,7868,39,0,keyboard,far,-7.273911476135254,0.5757376877768247
cifar100_test_07917,7917,22,5,clock,far,-7.327278137207031,0.434809637001933
cifar100_test_07923,7923,22,3,clock,far,-7.466156959533691,0.56058481275826
cifar100_test_07933,7933,22,9,clock,far,-7.388174057006836,0.3957940929311152
cifar100_test_07957,7957,39,9,keyboard,far,-6.809286117553711,0.5353592985234559
cifar100_test_07959,7959,22,0,clock,far,-7.406908988952637,0.41766922010720353
cifar100_test_07982,7982,20,3,chair,far,-7.4164228439331055,0.42911853896024044
cifar100_test_07989,7989,82,2,sunflower,far,-7.460331916809082,0.41278392177014533
cifar100_test_07991,7991,82,2,sunflower,far,-7.315290451049805,0.4928329768699097
cifar100_test_08004,8004,10,5,bowl,far,-7.1619744300842285,0.610954385727023
cifar100_test_08013,8013,10,6,bowl,far,-6.6873908042907715,0.6255258137172695
cifar100_test_08022,8022,20,0,chair,far,-7.411985397338867,0.4075409891159677
cifar100_test_08036,8036,22,9,clock,far,-7.417640209197998,0.41122471517528314
cifar100_test_08058,8058,39,3,keyboard,far,-7.451794624328613,0.4251568356170875
cifar100_test_08068,8068,82,6,sunflower,far,-7.545361518859863,0.3870122886135098
cifar100_test_08074,8074,22,6,clock,far,-7.028552532196045,0.6687999649875982
cifar100_test_08088,8088,9,5,bottle,far,-7.528647422790527,0.43699585080103853
cifar100_test_08090,8090,9,3,bottle,far,-7.493743896484375,0.47898626901989316
cifar100_test_08122,8122,22,3,clock,far,-6.805410385131836,0.6822183650331883
cifar100_test_08166,8166,82,3,sunflower,far,-7.401423454284668,0.4558229289912422
cifar100_test_08209,8209,20,0,chair,far,-7.127497673034668,0.45668306547815085
cifar100_test_08233,8233,39,5,keyboard,far,-6.389301300048828,0.7463609023403259
cifar100_test_08236,8236,94,9,wardrobe,far,-7.3313703536987305,0.39693448377783036
cifar100_test_08244,8244,94,3,wardrobe,far,-7.385014533996582,0.4356098999788228
cifar100_test_08309,8309,9,8,bottle,far,-7.29470682144165,0.4071111739797987
cifar100_test_08312,8312,39,0,keyboard,far,-7.323760986328125,0.41532403938422346
cifar100_test_08317,8317,9,3,bottle,far,-7.275425434112549,0.5532571076447218
cifar100_test_08335,8335,10,1,bowl,far,-6.528446197509766,0.6885000592597156
cifar100_test_08369,8369,39,9,keyboard,far,-7.291767120361328,0.4062314052816971
cifar100_test_08378,8378,82,2,sunflower,far,-7.515069007873535,0.4150710585836498
cifar100_test_08406,8406,39,0,keyboard,far,-7.580052852630615,0.39594806924922044
cifar100_test_08453,8453,39,7,keyboard,far,-7.028062343597412,0.5648634889177588
cifar100_test_08462,8462,9,2,bottle,far,-7.694334030151367,0.4903668390083209
cifar100_test_08470,8470,82,2,sunflower,far,-7.725249290466309,0.49918372679140555
cifar100_test_08472,8472,39,0,keyboard,far,-7.461198806762695,0.4039813962091232
cifar100_test_08475,8475,82,2,sunflower,far,-7.517683982849121,0.4010548868616318
cifar100_test_08498,8498,20,2,chair,far,-7.490948677062988,0.40200217956091644
cifar100_test_08505,8505,51,2,mushroom,far,-7.495495796203613,0.4037891423825237
cifar100_test_08521,8521,39,6,keyboard,far,-6.699490070343018,0.7382576609373965
cifar100_test_08531,8531,94,9,wardrobe,far,-7.361777305603027,0.40387733621383426
cifar100_test_08549,8549,51,6,mushroom,far,-7.6391777992248535,0.384659490257522
cifar100_test_08568,8568,10,0,bowl,far,-7.520709037780762,0.4479951570816485
cifar100_test_08572,8572,22,1,clock,far,-7.225754737854004,0.4336417769302703
cifar100_test_08576,8576,94,3,wardrobe,far,-7.424803733825684,0.5346098516421338
cifar100_test_08579,8579,39,3,keyboard,far,-7.601905822753906,0.467871120311099
cifar100_test_08581,8581,82,3,sunflower,far,-6.911295413970947,0.7581037031868437
cifar100_test_08590,8590,10,5,bowl,far,-7.338570594787598,0.5229997728507934
cifar100_test_08616,8616,82,2,sunflower,far,-7.512084484100342,0.44995698518747107
cifar100_test_08644,8644,9,6,bottle,far,-7.640465259552002,0.5769877478985816
cifar100_test_08656,8656,10,9,bowl,far,-5.741243362426758,0.7433865099349546
cifar100_test_08666,8666,20,2,chair,far,-7.537553787231445,0.4087757824473037
cifar100_test_08689,8689,82,2,sunflower,far,-7.53154993057251,0.43816037341206526
cifar100_test_08701,8701,51,5,mushroom,far,-7.306080341339111,0.4272170154424306
cifar100_test_08707,8707,51,2,mushroom,far,-7.45188045501709,0.48139141963070675
cifar100_test_08722,8722,10,0,bowl,far,-6.823036193847656,0.6259783628423382
cifar100_test_08730,8730,82,9,sunflower,far,-7.164084434509277,0.535616774296207
cifar100_test_08736,8736,82,2,sunflower,far,-7.441194534301758,0.40493413732322114
cifar100_test_08740,8740,94,3,wardrobe,far,-7.47699499130249,0.42280570459124256
cifar100_test_08753,8753,20,0,chair,far,-7.17686653137207,0.47031616220569794
cifar100_test_08757,8757,94,9,wardrobe,far,-7.291748046875,0.4322545317579568
cifar100_test_08785,8785,82,2,sunflower,far,-7.420255661010742,0.42546236439555385
cifar100_test_08788,8788,51,2,mushroom,far,-7.289396286010742,0.4864610473790788
cifar100_test_08804,8804,94,3,wardrobe,far,-7.425971984863281,0.4301398626162082
cifar100_test_08812,8812,9,9,bottle,far,-7.250825881958008,0.4930427389456633
cifar100_test_08829,8829,51,2,mushroom,far,-7.394964218139648,0.4755195260562477
cifar100_test_08866,8866,82,2,sunflower,far,-7.443624019622803,0.5176369284715856
cifar100_test_08867,8867,82,0,sunflower,far,-7.3748650550842285,0.4041204646041475
cifar100_test_08868,8868,94,9,wardrobe,far,-7.29141902923584,0.41720505809478337
cifar100_test_08881,8881,82,9,sunflower,far,-6.237884521484375,0.7571043636970508
cifar100_test_08889,8889,94,3,wardrobe,far,-7.403003692626953,0.5428266982077575
cifar100_test_08930,8930,94,9,wardrobe,far,-7.171555519104004,0.465580534011533
cifar100_test_08949,8949,22,7,clock,far,-7.034093379974365,0.5852462299996315
cifar100_test_08962,8962,51,2,mushroom,far,-7.5967864990234375,0.4271084761879437
cifar100_test_08985,8985,82,7,sunflower,far,-6.978379249572754,0.6570406615066657
cifar100_test_08994,8994,39,0,keyboard,far,-7.161200046539307,0.4838552490138043
cifar100_test_09003,9003,20,3,chair,far,-6.296808242797852,0.7615653182331307
cifar100_test_09012,9012,39,3,keyboard,far,-7.3814287185668945,0.5521920836340873
cifar100_test_09044,9044,9,2,bottle,far,-7.3454132080078125,0.5358024231539722
cifar100_test_09052,9052,9,9,bottle,far,-7.2882184982299805,0.43012664938476397
cifar100_test_09053,9053,82,2,sunflower,far,-6.8286590576171875,0.7029636515623616
cifar100_test_09056,9056,20,3,chair,far,-6.552953720092773,0.7416249235616278
cifar100_test_09059,9059,94,9,wardrobe,far,-7.217625617980957,0.4682885823655085
cifar100_test_09087,9087,20,5,chair,far,-6.736184120178223,0.6758054273006522
cifar100_test_09089,9089,20,0,chair,far,-7.081342697143555,0.5129686643557565
cifar100_test_09095,9095,51,4,mushroom,far,-7.395913124084473,0.5201363626936633
cifar100_test_09102,9102,10,6,bowl,far,-7.551959037780762,0.38489204516158815
cifar100_test_09103,9103,51,2,mushroom,far,-7.484553337097168,0.4051783482364689
cifar100_test_09107,9107,9,3,bottle,far,-6.954061031341553,0.6337588635645295
cifar100_test_09122,9122,39,0,keyboard,far,-6.410521030426025,0.7152907508460611
cifar100_test_09125,9125,51,2,mushroom,far,-7.04595947265625,0.5836066896755492
cifar100_test_09126,9126,9,9,bottle,far,-6.698373794555664,0.5895766544164879
cifar100_test_09149,9149,94,9,wardrobe,far,-7.305756568908691,0.39757821673373106
cifar100_test_09172,9172,22,1,clock,far,-7.311042785644531,0.40299558449097883
cifar100_test_09174,9174,82,2,sunflower,far,-7.09184455871582,0.6234281942918662
cifar100_test_09177,9177,10,2,bowl,far,-7.070278644561768,0.6427200619843731
cifar100_test_09186,9186,94,3,wardrobe,far,-7.073827266693115,0.6113972493586024
cifar100_test_09193,9193,51,3,mushroom,far,-7.437304496765137,0.42474926658952716
cifar100_test_09209,9209,82,2,sunflower,far,-7.502597332000732,0.4250659957029199
cifar100_test_09212,9212,94,5,wardrobe,far,-7.104325294494629,0.64128574604412
cifar100_test_09256,9256,82,2,sunflower,far,-7.50722599029541,0.4218103097079714
cifar100_test_09262,9262,39,1,keyboard,far,-6.522355079650879,0.6510944177292459
cifar100_test_09270,9270,94,3,wardrobe,far,-7.46565055847168,0.4379765680582923
cifar100_test_09303,9303,22,1,clock,far,-7.324973106384277,0.39328762605837086
cifar100_test_09307,9307,94,3,wardrobe,far,-7.428991794586182,0.42591635669265737
cifar100_test_09315,9315,82,2,sunflower,far,-7.207474708557129,0.645059303490098
cifar100_test_09321,9321,22,5,clock,far,-7.667339324951172,0.5524612853296749
cifar100_test_09344,9344,20,2,chair,far,-7.652776718139648,0.4148932651622329
cifar100_test_09347,9347,9,3,bottle,far,-7.260703086853027,0.49124390194770307
cifar100_test_09357,9357,9,8,bottle,far,-7.423004150390625,0.39756657286327235
cifar100_test_09396,9396,82,3,sunflower,far,-6.995586395263672,0.7204630452875371
cifar100_test_09397,9397,10,5,bowl,far,-7.206361770629883,0.6526779524547868
cifar100_test_09409,9409,20,2,chair,far,-7.640530109405518,0.4061711383552523
cifar100_test_09421,9421,39,6,keyboard,far,-7.678286552429199,0.3915472177303394
cifar100_test_09431,9431,82,2,sunflower,far,-7.296784400939941,0.552582121322051
cifar100_test_09433,9433,82,2,sunflower,far,-7.322531700134277,0.525144850703666
cifar100_test_09471,9471,22,4,clock,far,-7.414449214935303,0.46072781680804786
cifar100_test_09492,9492,10,8,bowl,far,-7.375382423400879,0.3964624427281437
cifar100_test_09532,9532,82,6,sunflower,far,-7.018910884857178,0.5899652465877692
cifar100_test_09533,9533,22,2,clock,far,-7.521629333496094,0.40027362624853235
cifar100_test_09558,9558,22,1,clock,far,-7.20606803894043,0.40430942927141744
cifar100_test_09561,9561,10,6,bowl,far,-7.621567726135254,0.380282929400655
cifar100_test_09593,9593,20,0,chair,far,-7.424295902252197,0.41299544879078487
cifar100_test_09594,9594,22,1,clock,far,-6.482949256896973,0.6705111198498381
cifar100_test_09600,9600,20,0,chair,far,-7.232299327850342,0.47500570899822436
cifar100_test_09657,9657,94,3,wardrobe,far,-7.377239227294922,0.6613563958757386
cifar100_test_09669,9669,10,3,bowl,far,-6.911305904388428,0.7131185315823704
cifar100_test_09681,9681,82,6,sunflower,far,-7.122588157653809,0.6008570182387902
cifar100_test_09711,9711,82,2,sunflower,far,-7.417250156402588,0.4163591369758446
cifar100_test_09716,9716,9,3,bottle,far,-7.304098129272461,0.4674400598987366
cifar100_test_09731,9731,10,1,bowl,far,-7.400331020355225,0.3926589587589109
cifar100_test_09734,9734,94,9,wardrobe,far,-7.305069923400879,0.43615229631496577
cifar100_test_09736,9736,39,3,keyboard,far,-7.266883850097656,0.5818851543720178
cifar100_test_09742,9742,39,0,keyboard,far,-7.3035736083984375,0.5051066188408431
cifar100_test_09755,9755,9,6,bottle,far,-7.550943374633789,0.43203512235105723
cifar100_test_09766,9766,39,8,keyboard,far,-7.267393589019775,0.61741632277442
cifar100_test_09775,9775,82,2,sunflower,far,-7.470569133758545,0.40647792939273364
cifar100_test_09778,9778,51,2,mushroom,far,-7.530599117279053,0.40161880607028944
cifar100_test_09795,9795,10,0,bowl,far,-7.598480224609375,0.3945450457861306
cifar100_test_09826,9826,51,2,mushroom,far,-7.465223789215088,0.5013363418000516
cifar100_test_09847,9847,51,2,mushroom,far,-7.487624168395996,0.4043986256299923
cifar100_test_09857,9857,9,1,bottle,far,-7.020936012268066,0.5018525760792008
cifar100_test_09873,9873,20,9,chair,far,-6.957716941833496,0.5087203912389164
cifar100_test_09876,9876,82,2,sunflower,far,-6.728084087371826,0.7311961038845318
cifar100_test_09907,9907,82,6,sunflower,far,-7.553119659423828,0.38616102179759504
cifar100_test_09920,9920,82,2,sunflower,far,-7.392380714416504,0.584491148886551
cifar100_test_09940,9940,82,2,sunflower,far,-7.476115703582764,0.46353606013184534
cifar100_test_09967,9967,9,2,bottle,far,-6.593578815460205,0.7804584423442119
cifar100_test_09997,9997,51,0,mushroom,far,-6.964224815368652,0.624134523272875
