identifier,dataset_index,label,prediction,class_name,unknown_group,msp_unknownness,mls_unknownness,energy_unknownness,mahalanobis_unknownness
cifar100_test_00006,6,15,2,camel,near,0.026853812840407443,-6.128561019897461,-6.155781984238465,1726.281782018667
cifar100_test_00017,17,97,3,wolf,near,0.35328475831829853,-7.003167152404785,-7.439016354816093,2783.077388809046
cifar100_test_00036,36,58,9,pickup_truck,near,0.0016588371883217157,-8.232128143310547,-8.233788357892736,374.88278430051446
cifar100_test_00047,47,58,9,pickup_truck,near,0.04904985170277598,-6.572547435760498,-6.622841073868583,1868.1048680595968
cifar100_test_00058,58,42,3,leopard,near,0.0017886412914064342,-8.601353645324707,-8.60314388814494,863.7869597424665
cifar100_test_00062,62,15,7,camel,near,0.38616764959859173,-5.6784281730651855,-6.166461606132586,2845.7004642251586
cifar100_test_00085,85,89,9,tractor,near,0.2814823124898119,-3.2506766319274902,-3.5812415884211912,2618.9856612667427
cifar100_test_00094,94,13,9,bus,near,0.00011460054374956563,-10.30311393737793,-10.303228544488823,145.4001910237992
cifar100_test_00149,149,58,1,pickup_truck,near,0.002656003126507045,-8.339837074279785,-8.342496610840525,739.9133751773438
cifar100_test_00150,150,58,9,pickup_truck,near,0.29278282511142906,-5.464842319488525,-5.811259801683397,2912.33433800544
cifar100_test_00156,156,58,9,pickup_truck,near,0.0015777285180001988,-8.499670028686523,-8.501249003128821,422.5701750495997
cifar100_test_00193,193,13,9,bus,near,0.00019778919893131963,-9.809598922729492,-9.809796731491288,232.93571849756196
cifar100_test_00196,196,58,1,pickup_truck,near,0.26945220944326487,-5.338714599609375,-5.652675227833977,3831.2994889896772
cifar100_test_00214,214,97,3,wolf,near,0.0006634029965368882,-9.09704303741455,-9.097706660560226,467.97550566841664
cifar100_test_00230,230,89,8,tractor,near,0.21773828683839125,-4.322229862213135,-4.567795785077837,3531.7337808276743
cifar100_test_00242,242,34,7,fox,near,0.019498192148968196,-6.340123653411865,-6.359814442954067,1512.4513258874472
cifar100_test_00255,255,97,3,wolf,near,0.0008808351579600027,-10.116012573242188,-10.11689379656339,786.2654086999171
cifar100_test_00256,256,58,9,pickup_truck,near,0.0007459124160658082,-8.881908416748047,-8.882654607495194,485.00330202641305
cifar100_test_00259,259,42,3,leopard,near,0.044960386719836154,-6.839662075042725,-6.88566453452988,2113.681700818955
cifar100_test_00262,262,89,9,tractor,near,0.001805154209430504,-8.132360458374023,-8.13416724383772,547.4034896966022
cifar100_test_00274,274,42,6,leopard,near,0.011572868681896331,-6.963109016418457,-6.974749371927846,1032.719234926758
cifar100_test_00283,283,89,9,tractor,near,0.009838649269400368,-6.9404120445251465,-6.950299413122574,1140.6656527316486
cifar100_test_00288,288,42,6,leopard,near,0.14022842248931167,-5.807151794433594,-5.95824032699382,2783.7860417485545
cifar100_test_00299,299,89,1,tractor,near,0.4858171921289248,-6.986227989196777,-7.651404408618106,4219.5099078365965
cifar100_test_00313,313,42,3,leopard,near,0.43866166035383436,-5.813968658447266,-6.391400112725452,3203.2683527106306
cifar100_test_00317,317,15,2,camel,near,0.07395056741100581,-6.5998311042785645,-6.67665876711386,2304.317183676464
cifar100_test_00321,321,89,9,tractor,near,0.002885897763931,-7.724428653717041,-7.727318723712948,876.6295195317363
cifar100_test_00338,338,34,5,fox,near,0.10769735490091892,-7.386105537414551,-7.500055453134244,2151.190404879893
cifar100_test_00351,351,34,3,fox,near,0.0024592792085429416,-9.15208625793457,-9.15454856613734,1174.5984840488131
cifar100_test_00353,353,58,1,pickup_truck,near,9.875802900183306e-05,-10.754961967468262,-10.75506073037416,694.0510404489777
cifar100_test_00354,354,48,1,motorcycle,near,0.0662767904782744,-5.60764217376709,-5.676217407989062,3155.687686036653
cifar100_test_00366,366,89,3,tractor,near,0.12092384846496174,-5.014110088348389,-5.1429938391145615,3480.6643921484774
cifar100_test_00409,409,89,9,tractor,near,0.1960657509463587,-4.2653117179870605,-4.483549510918408,3147.7941449025825
cifar100_test_00425,425,42,6,leopard,near,0.41317739575186585,-4.354588031768799,-4.887620744010443,4541.812178343835
cifar100_test_00460,460,58,1,pickup_truck,near,0.009352999372682969,-7.123966217041016,-7.133363230368973,1169.8763712249608
cifar100_test_00471,471,97,3,wolf,near,0.052584533769054476,-5.790667533874512,-5.844685097578413,2075.958625594185
cifar100_test_00477,477,42,3,leopard,near,0.03482938128541335,-6.594784736633301,-6.630235122946839,2105.573659118858
cifar100_test_00498,498,89,6,tractor,near,0.6317079857766986,-2.2712767124176025,-3.2701558509877557,3780.9539674464104
cifar100_test_00507,507,58,9,pickup_truck,near,0.19159848932018297,-6.543850421905518,-6.756546846631808,2821.1263833235325
cifar100_test_00540,540,15,2,camel,near,0.0027994880799144806,-8.355104446411133,-8.357907860386513,1046.8596741220522
cifar100_test_00555,555,42,3,leopard,near,0.3058803473136119,-5.995227813720703,-6.3603387368460345,3416.30767874598
cifar100_test_00578,578,58,1,pickup_truck,near,0.06541325702685852,-6.610995292663574,-6.678646126186664,1912.6952489859027
cifar100_test_00615,615,48,6,motorcycle,near,0.23018981073048472,-4.623793601989746,-4.885404903954295,4061.5751409036584
cifar100_test_00619,619,13,1,bus,near,0.0019169115124512137,-8.3612699508667,-8.363188702005333,700.7993339408087
cifar100_test_00626,626,48,0,motorcycle,near,0.14118991185685104,-6.0109052658081055,-6.16311273206473,2831.952117484402
cifar100_test_00632,632,97,3,wolf,near,0.2784642818990135,-7.235479831695557,-7.561853228351644,2831.968233568643
cifar100_test_00650,650,15,4,camel,near,0.6641976547183642,-3.5087573528289795,-4.599989903029957,4742.2256363355145
cifar100_test_00652,652,89,9,tractor,near,0.005097923172512453,-7.8734846115112305,-7.8785955734266295,1023.4831570422334
cifar100_test_00653,653,97,4,wolf,near,0.07098326569843794,-5.517050266265869,-5.590678793354679,2337.5285875511518
cifar100_test_00669,669,34,4,fox,near,0.09544320598780887,-6.708982467651367,-6.809292653263933,2280.3153140331174
cifar100_test_00684,684,97,5,wolf,near,0.3543507384171254,-4.276540756225586,-4.714039617595923,3808.5825478355214
cifar100_test_00702,702,42,2,leopard,near,0.283414373003652,-3.7370903491973877,-4.070347880729541,3197.423559522823
cifar100_test_00712,712,97,5,wolf,near,0.013630246336318264,-7.517120838165283,-7.530844829125403,1171.7028722139844
cifar100_test_00717,717,15,7,camel,near,0.08825657811812271,-5.1210808753967285,-5.21347753954267,2102.661293197144
cifar100_test_00720,720,97,5,wolf,near,0.0002992688353257167,-12.147109985351562,-12.147409298976742,1342.9883117585764
cifar100_test_00751,751,15,3,camel,near,0.6551189575878322,-3.2027480602264404,-4.267303786238405,4878.024967755205
cifar100_test_00752,752,48,1,motorcycle,near,0.47812208970101056,-3.469304323196411,-4.1196259299681595,4389.036875207135
cifar100_test_00766,766,13,9,bus,near,0.00029598486661397416,-9.435212135314941,-9.435508163993722,150.12349202223834
cifar100_test_00769,769,15,0,camel,near,0.004837307634199761,-7.7412590980529785,-7.746108143327435,1308.118746049845
cifar100_test_00790,790,48,0,motorcycle,near,0.5036591000662003,-3.779947280883789,-4.480439570968649,4393.1266698651325
cifar100_test_00796,796,58,9,pickup_truck,near,0.010613248146075005,-8.121525764465332,-8.132195734824442,1227.4870330547667
cifar100_test_00803,803,58,1,pickup_truck,near,0.0007510177732542589,-9.050593376159668,-9.051344676088048,339.95148404841683
cifar100_test_00809,809,97,5,wolf,near,0.002415999679337588,-8.173166275024414,-8.175585197940284,713.2380312921047
cifar100_test_00811,811,15,2,camel,near,0.06485261362733785,-6.664086818695068,-6.731137948327082,2468.5155797605776
cifar100_test_00822,822,13,9,bus,near,0.0003063212438025875,-9.987090110778809,-9.987396478948547,656.587812547838
cifar100_test_00897,897,97,3,wolf,near,0.0002892596395444036,-9.56452751159668,-9.564816813079863,159.26811198332354
cifar100_test_00900,900,15,6,camel,near,0.5476720980476959,-3.2028539180755615,-3.9962018334376705,3486.234882080982
cifar100_test_00902,902,15,7,camel,near,0.15083726902473504,-5.5822272300720215,-5.745731667405199,2273.460484761891
cifar100_test_00915,915,15,5,camel,near,0.016366606637985726,-7.598001480102539,-7.61450349917455,1529.2375292753018
cifar100_test_00921,921,89,9,tractor,near,0.0028116920854668326,-7.61578893661499,-7.618604588931691,618.8993781590914
cifar100_test_00923,923,48,0,motorcycle,near,0.36462343751433257,-4.1147661209106445,-4.568303564973645,4964.133772513016
cifar100_test_00939,939,97,5,wolf,near,0.15601994567656918,-6.203585624694824,-6.373212041678462,2431.7161578739365
cifar100_test_00945,945,42,6,leopard,near,0.006647260367384722,-7.214908123016357,-7.221577574815089,911.649754647651
cifar100_test_00952,952,42,3,leopard,near,0.0013610293874085633,-9.321776390075684,-9.32313834650484,1310.3601058515465
cifar100_test_00957,957,13,9,bus,near,0.000400058153030014,-9.72453498840332,-9.724935126600963,523.7081749630222
cifar100_test_00959,959,34,5,fox,near,0.003381020856332295,-9.916223526000977,-9.919610275424239,2072.4501926263997
cifar100_test_00969,969,34,3,fox,near,0.004656776342811031,-8.763270378112793,-8.767938031018174,808.5055025828492
cifar100_test_00992,992,15,3,camel,near,0.22341583092463158,-4.961861610412598,-5.214711857219482,3481.9519780230257
cifar100_test_00995,995,89,9,tractor,near,0.013927324338587121,-6.238219738006592,-6.252244957535007,1179.5558115549456
cifar100_test_01023,1023,48,9,motorcycle,near,0.005990453737604873,-7.347799301147461,-7.353807769633431,1113.6154165621952
cifar100_test_01026,1026,97,5,wolf,near,0.003673704069673822,-8.159576416015625,-8.163256884708659,729.0611158571949
cifar100_test_01034,1034,13,9,bus,near,0.0025548027317250366,-8.050155639648438,-8.052713711457747,781.0093128008498
cifar100_test_01060,1060,15,7,camel,near,0.0006275125484177524,-9.675314903259277,-9.6759426127761,712.4002314457798
cifar100_test_01081,1081,89,9,tractor,near,0.41015965922443953,-5.882815837860107,-6.410719225418645,3883.256536579659
cifar100_test_01084,1084,42,3,leopard,near,0.17060171724492623,-5.120290756225586,-5.307345557864099,3210.7835011643942
cifar100_test_01085,1085,15,5,camel,near,0.499219101941187,-3.9026737213134766,-4.59426032409099,4066.701535622573
cifar100_test_01096,1096,48,3,motorcycle,near,0.11648109538700935,-5.159045219421387,-5.282887809461273,2671.651772316567
cifar100_test_01133,1133,34,4,fox,near,0.002709959118498917,-8.06844425201416,-8.071157889719254,673.085020100403
cifar100_test_01143,1143,13,9,bus,near,0.08424063682557414,-5.691620349884033,-5.77962200266282,3267.417732564992
cifar100_test_01145,1145,58,1,pickup_truck,near,0.022894916161835144,-7.332054615020752,-7.35521569007957,1494.3931552359666
cifar100_test_01155,1155,58,9,pickup_truck,near,0.015005440859533703,-8.359644889831543,-8.374764051372109,1495.0244134235663
cifar100_test_01181,1181,89,3,tractor,near,0.2900569181468804,-4.223470211029053,-4.566040689593383,3998.535987443909
cifar100_test_01184,1184,15,7,camel,near,0.2504885943536831,-5.153995990753174,-5.4423297346349075,2914.0004806279408
cifar100_test_01212,1212,58,1,pickup_truck,near,0.0008178648986024717,-8.981671333312988,-8.982489532845557,336.8546605107096
cifar100_test_01218,1218,48,1,motorcycle,near,0.006461936133399515,-7.3609418869018555,-7.367424791725588,1604.7238629260382
cifar100_test_01227,1227,34,4,fox,near,0.2908228159179469,-5.407896518707275,-5.751546395351971,3063.617697226432
cifar100_test_01260,1260,89,9,tractor,near,0.0004404984465685713,-9.458051681518555,-9.458492277013065,795.3086151174562
cifar100_test_01261,1261,89,8,tractor,near,0.03762273894528434,-6.398376941680908,-6.4367256836147115,1996.656098573867
cifar100_test_01271,1271,13,9,bus,near,0.0004008972040626668,-9.210343360900879,-9.210744338485709,102.7188260444398
cifar100_test_01320,1320,34,5,fox,near,0.017937140571631538,-7.4986748695373535,-7.516774830575832,1681.5087245711734
cifar100_test_01321,1321,48,6,motorcycle,near,0.38169312932068633,-4.8500447273254395,-5.3308151175950025,5425.927434225267
cifar100_test_01324,1324,42,6,leopard,near,0.0972387511261169,-5.541065692901611,-5.643362851129339,1898.0833139156641
cifar100_test_01327,1327,58,1,pickup_truck,near,0.004091890171608381,-7.986835479736328,-7.990935764598452,828.8805636694118
cifar100_test_01328,1328,42,5,leopard,near,0.034347241990811295,-7.158319473266602,-7.193270446417408,2437.5335511484427
cifar100_test_01345,1345,97,3,wolf,near,0.0001366262726240075,-10.701741218566895,-10.701877854173738,557.1291259506777
cifar100_test_01403,1403,34,3,fox,near,0.19068974369667513,-5.189284324645996,-5.400857254151886,3481.042435325875
cifar100_test_01404,1404,48,3,motorcycle,near,0.14317408178292723,-5.913455486297607,-6.067975996583802,3059.393422535587
cifar100_test_01423,1423,15,5,camel,near,0.4828822754293518,-4.269300937652588,-4.928785660947723,3163.119055688593
cifar100_test_01425,1425,34,4,fox,near,0.09227357157041671,-6.037446022033691,-6.134258258087359,2043.6046489365833
cifar100_test_01427,1427,13,1,bus,near,0.0016076310300777719,-8.554594993591309,-8.556203918246785,465.46544214176004
cifar100_test_01432,1432,34,5,fox,near,0.010955917882172317,-8.685136795043945,-8.696153170982305,1460.0314382057522
cifar100_test_01445,1445,13,9,bus,near,0.027923280085182967,-7.156540870666504,-7.184861418349492,1625.8159112269348
cifar100_test_01463,1463,48,1,motorcycle,near,0.015387940993866867,-7.671635627746582,-7.687143191860147,2740.8758358830382
cifar100_test_01464,1464,48,9,motorcycle,near,0.05383256454452512,-5.574463367462158,-5.629799099971947,2237.2634480000097
cifar100_test_01478,1478,13,9,bus,near,0.00034982851059239817,-9.51194953918457,-9.51229942889943,272.70011544512874
cifar100_test_01489,1489,13,9,bus,near,0.0009940557430483388,-8.604249954223633,-8.60524450436776,331.10141467971596
cifar100_test_01491,1491,58,1,pickup_truck,near,0.001429974655807853,-8.381024360656738,-8.382455358702035,373.6409467808692
cifar100_test_01498,1498,34,3,fox,near,0.13395514068985803,-5.276354789733887,-5.420173360906114,2804.149241396939
cifar100_test_01510,1510,15,4,camel,near,0.00690376084197597,-8.072816848754883,-8.07974455080696,1652.7145333091958
cifar100_test_01519,1519,97,5,wolf,near,0.017763781530180656,-8.996914863586426,-9.014838314801272,1726.463669199025
cifar100_test_01568,1568,58,1,pickup_truck,near,0.0011108329526766658,-9.042145729064941,-9.043257179449828,459.56676854541246
cifar100_test_01570,1570,42,6,leopard,near,0.38329250386388725,-4.979862213134766,-5.463222654953971,2964.6479893359365
cifar100_test_01572,1572,15,4,camel,near,0.00011820731866940548,-10.420172691345215,-10.42029090565092,199.46263709794266
cifar100_test_01573,1573,15,0,camel,near,0.35898289821037277,-4.348797798156738,-4.793496940715094,3057.347210313722
cifar100_test_01588,1588,15,5,camel,near,0.04661896359862561,-7.442631721496582,-7.4903723484015385,2861.3660013792723
cifar100_test_01607,1607,42,3,leopard,near,0.1521708472132991,-5.590039253234863,-5.7551153874934595,2865.195678709964
cifar100_test_01616,1616,13,7,bus,near,0.5655056642735659,-2.8510375022888184,-3.6846098729532804,4272.343290886163
cifar100_test_01620,1620,42,3,leopard,near,0.37793300365402116,-4.627735137939453,-5.102442618815673,3708.5905874656028
cifar100_test_01645,1645,34,4,fox,near,0.04279417839465394,-6.631824016571045,-6.675560857626316,1779.2745869469304
cifar100_test_01662,1662,13,9,bus,near,0.0004273492585215033,-9.129898071289062,-9.130325511887301,63.83390702828794
cifar100_test_01671,1671,48,1,motorcycle,near,0.07697759569494411,-5.698112487792969,-5.77821425921359,2169.719753644201
cifar100_test_01687,1687,15,5,camel,near,0.0139051190101519,-7.443739891052246,-7.457742591876952,1760.517701671645
cifar100_test_01698,1698,34,3,fox,near,0.6803636079338146,-2.9940202236175537,-4.134591427648731,5049.88894628269
cifar100_test_01752,1752,97,3,wolf,near,0.0013151685810659508,-8.156502723693848,-8.15781875786813,402.0098652829239
cifar100_test_01753,1753,89,0,tractor,near,0.335412892868329,-3.7365989685058594,-4.145188291196434,4037.4467054014713
cifar100_test_01771,1771,42,4,leopard,near,0.19231553903627374,-6.431178092956543,-6.644761908299084,3768.8040719833916
cifar100_test_01783,1783,34,3,fox,near,0.1023201841361544,-4.837947368621826,-4.9458891953718656,2439.57367488645
cifar100_test_01799,1799,34,3,fox,near,0.0704474983163903,-6.505350589752197,-6.578402579377119,2675.2932899146845
cifar100_test_01812,1812,48,1,motorcycle,near,0.1903547587213118,-4.4150166511535645,-4.626175752137739,3028.834177330169
cifar100_test_01829,1829,48,9,motorcycle,near,0.09312225498190907,-5.4601287841796875,-5.557876412629989,2480.5750205978243
cifar100_test_01843,1843,42,4,leopard,near,0.002460326893049425,-8.213098526000977,-8.215561884471706,830.7606078683035
cifar100_test_01864,1864,89,9,tractor,near,0.010672626651605843,-6.694915771484375,-6.705645759109033,1330.0683339745467
cifar100_test_01881,1881,89,4,tractor,near,0.4563043196508656,-3.1816365718841553,-3.7910021716620452,3711.6100786570055
cifar100_test_01882,1882,15,5,camel,near,0.053344509020594844,-7.00303840637207,-7.057858448240194,2456.730815222106
cifar100_test_01889,1889,13,9,bus,near,0.5005459335178941,-3.412818670272827,-4.107058314389627,3638.739641181212
cifar100_test_01913,1913,58,9,pickup_truck,near,0.0006643547544598061,-9.102869987487793,-9.103534563023663,395.22402169368695
cifar100_test_01937,1937,97,3,wolf,near,0.09029250208668571,-6.442216396331787,-6.536848558337491,2092.0964256355114
cifar100_test_01976,1976,89,9,tractor,near,0.002585495433990892,-8.12741470336914,-8.130003546968808,879.734660912913
cifar100_test_01985,1985,13,1,bus,near,0.0007092478805494906,-9.023177146911621,-9.023886646427437,234.3799255984418
cifar100_test_01994,1994,42,6,leopard,near,0.00018190148944474682,-10.076960563659668,-10.077142481695196,227.11547562094
cifar100_test_02012,2012,58,9,pickup_truck,near,0.0005322628938407847,-9.209112167358398,-9.209644571954417,414.0782280000333
cifar100_test_02019,2019,13,9,bus,near,0.05040398364519805,-7.082515239715576,-7.134233870488138,1948.6670574558111
cifar100_test_02029,2029,89,9,tractor,near,0.0045614579673779465,-7.420288562774658,-7.424860455936656,1181.18429664906
cifar100_test_02033,2033,48,0,motorcycle,near,0.5291404592592873,-4.230648040771484,-4.983843485200007,4524.833695302335
cifar100_test_02051,2051,15,5,camel,near,0.4824793885438904,-4.588281154632568,-5.246987080367636,3363.7032190707932
cifar100_test_02064,2064,97,5,wolf,near,0.0024602619743194776,-9.18017864227295,-9.182641935664835,1211.5608333527346
cifar100_test_02066,2066,48,9,motorcycle,near,0.41372157462710224,-3.4590530395507812,-3.993013513171077,3332.7350534552543
cifar100_test_02072,2072,48,6,motorcycle,near,0.41346875936281413,-3.856041669845581,-4.389571015934222,3753.5028580977014
cifar100_test_02082,2082,48,1,motorcycle,near,0.05408990812911918,-7.2807159423828125,-7.33632369713531,2268.1092962872626
cifar100_test_02100,2100,58,1,pickup_truck,near,0.0003796036556743543,-9.268155097961426,-9.268534773684806,97.44026367354084
cifar100_test_02101,2101,89,9,tractor,near,0.4041668280714852,-3.434835433959961,-3.9526299979312873,3612.7723168080875
cifar100_test_02102,2102,97,2,wolf,near,0.00133791002922945,-9.1221923828125,-9.123531188642442,1332.6265947964762
cifar100_test_02123,2123,89,9,tractor,near,0.0011914405830952823,-8.350363731384277,-8.35155588229697,449.90849432926956
cifar100_test_02131,2131,34,7,fox,near,0.39154904066739227,-4.9926862716674805,-5.4895252341853205,4407.387254722397
cifar100_test_02144,2144,89,9,tractor,near,0.0016990770385090226,-8.071870803833008,-8.073571325939996,308.14051560695907
cifar100_test_02145,2145,15,4,camel,near,0.09154866914068538,-5.663626670837402,-5.759640634294107,2539.7263339785914
cifar100_test_02148,2148,48,3,motorcycle,near,0.3116771892097404,-5.789844512939453,-6.16334186229893,5297.731614549458
cifar100_test_02171,2171,89,9,tractor,near,0.05426649651807447,-5.178675174713135,-5.23446963312366,1974.6928965113116
cifar100_test_02203,2203,13,1,bus,near,0.00017888553724054734,-10.21408462524414,-10.214263526783308,255.99811462662285
cifar100_test_02211,2211,42,7,leopard,near,0.47947378921664574,-4.770143508911133,-5.423058544173637,4032.5524970798565
cifar100_test_02219,2219,97,5,wolf,near,0.00037042628634254005,-9.515926361083984,-9.51629685599509,328.78094402254527
cifar100_test_02242,2242,48,6,motorcycle,near,0.15481332210187426,-5.384200096130371,-5.552397851565196,3447.3557271706886
cifar100_test_02267,2267,15,7,camel,near,0.3637222410755826,-3.9275166988372803,-4.379636781948573,3143.510150428412
cifar100_test_02315,2315,15,7,camel,near,0.01847654231277962,-6.670891284942627,-6.689540650659692,1381.0003537955652
cifar100_test_02321,2321,58,1,pickup_truck,near,0.0003687160054635097,-9.34877872467041,-9.349147508668334,74.83360396515587
cifar100_test_02336,2336,34,4,fox,near,0.03656843552069078,-6.606833457946777,-6.644087279641412,1895.1500105582566
cifar100_test_02337,2337,97,7,wolf,near,0.0027379778532592436,-8.627655982971191,-8.630397715941665,961.0446097358197
cifar100_test_02340,2340,97,3,wolf,near,0.00037368710587970533,-10.08796215057373,-10.088335907518037,697.8228346403157
cifar100_test_02349,2349,34,4,fox,near,0.018070764047983467,-6.917092323303223,-6.935328357676083,1476.1704607669453
cifar100_test_02356,2356,34,4,fox,near,0.04821093004809762,-6.386013984680176,-6.435425818596711,1989.2878506743273
cifar100_test_02396,2396,58,1,pickup_truck,near,0.005782261086048623,-8.306684494018555,-8.312483537099423,1017.9832969301842
cifar100_test_02415,2415,15,4,camel,near,0.016281482904263456,-6.91826057434082,-6.934676057055687,1503.5367060455915
cifar100_test_02421,2421,58,1,pickup_truck,near,0.29558546593366497,-6.355508327484131,-6.705896596799931,3091.9723376006323
cifar100_test_02435,2435,34,3,fox,near,0.004826348246666612,-9.176875114440918,-9.18171314711686,1251.748004701673
cifar100_test_02484,2484,13,9,bus,near,0.004038817683735152,-8.069343566894531,-8.073390562629607,755.170784409459
cifar100_test_02503,2503,89,4,tractor,near,0.3799185282661547,-3.7730658054351807,-4.250970208988864,3922.717987275564
cifar100_test_02518,2518,34,4,fox,near,0.36260262334208593,-5.453333854675293,-5.903695847374672,2895.3582371927696
cifar100_test_02544,2544,34,4,fox,near,0.0035918276506325952,-9.087234497070312,-9.090832790821938,1743.5161115489382
cifar100_test_02556,2556,58,9,pickup_truck,near,0.06608306000848208,-6.288234233856201,-6.356602007909214,2054.919960533212
cifar100_test_02569,2569,89,9,tractor,near,0.05486946289212724,-5.9886555671691895,-6.04508779369159,1585.3291138036207
cifar100_test_02570,2570,42,3,leopard,near,0.04447751882004014,-7.178025245666504,-7.223522233060942,2407.358801058453
cifar100_test_02591,2591,13,9,bus,near,0.003248440095194427,-8.781723976135254,-8.784977703866124,1070.311079430978
cifar100_test_02603,2603,58,1,pickup_truck,near,0.0003845582134329728,-9.282337188720703,-9.282721820895608,118.36474298533176
cifar100_test_02618,2618,97,5,wolf,near,0.007729850519517134,-7.1045403480529785,-7.112300228719485,1096.5289332435354
cifar100_test_02624,2624,89,0,tractor,near,0.4189570712161972,-5.619653224945068,-6.162583862053047,3854.1795327615355
cifar100_test_02647,2647,42,6,leopard,near,0.011232503422599738,-8.469284057617188,-8.480580122020525,1470.0047640733287
cifar100_test_02665,2665,13,9,bus,near,0.00012200414761764922,-10.304203987121582,-10.304325998712311,255.74920791538906
cifar100_test_02675,2675,89,9,tractor,near,0.29739839464693796,-3.602051258087158,-3.9550165123653396,3421.0705886979817
cifar100_test_02678,2678,42,3,leopard,near,0.006915122063571477,-7.862929344177246,-7.869868486496778,1306.4192984559388
cifar100_test_02698,2698,13,9,bus,near,0.022114442986482352,-7.708396911621094,-7.730759544784071,1446.7944620592789
cifar100_test_02712,2712,15,7,camel,near,0.07530441988743664,-6.613577365875244,-6.691868064092107,1934.695308500801
cifar100_test_02719,2719,13,9,bus,near,0.00027337535107951894,-9.500256538391113,-9.500529951116045,101.43108414357917
cifar100_test_02756,2756,34,3,fox,near,0.010839945469493628,-8.065990447998047,-8.076889573738955,1453.383879834942
cifar100_test_02774,2774,15,6,camel,near,0.41823638697190835,-4.238710403442383,-4.780401480381662,3344.0142315342478
cifar100_test_02826,2826,97,4,wolf,near,0.005825964720512444,-7.997378349304199,-8.003221351161239,1067.1121886544806
cifar100_test_02828,2828,34,3,fox,near,0.01362601770855365,-7.613064289093018,-7.626783993000858,2493.8928743744855
cifar100_test_02832,2832,13,9,bus,near,0.0003595163444289895,-9.439556121826172,-9.439915702812096,291.1761212659762
cifar100_test_02834,2834,15,7,camel,near,0.020441943021291764,-7.443343639373779,-7.463997410671986,2046.8284901517895
cifar100_test_02835,2835,97,5,wolf,near,0.06428518051589072,-6.875394821166992,-6.941839350134275,1571.3891569209404
cifar100_test_02842,2842,97,3,wolf,near,0.0024678303665203183,-8.5925931930542,-8.59506407353322,1124.1673215238866
cifar100_test_02843,2843,13,9,bus,near,0.0007349123576825267,-9.181760787963867,-9.182495970502018,511.56042691208995
cifar100_test_02871,2871,89,9,tractor,near,0.003972872704425812,-7.905292987823486,-7.909273773351388,946.8690013018684
cifar100_test_02882,2882,58,1,pickup_truck,near,0.0006252690364383362,-9.571660041809082,-9.572285506407727,531.3211223743576
cifar100_test_02891,2891,34,3,fox,near,0.2277544119361038,-4.576450347900391,-4.834903008193201,2644.4119652893814
cifar100_test_02911,2911,89,8,tractor,near,0.00319048274307443,-7.590336322784424,-7.593531905969035,910.0577213017084
cifar100_test_02933,2933,97,5,wolf,near,0.2566102662612998,-6.69337272644043,-6.989907557530074,2508.392962265589
cifar100_test_02946,2946,15,5,camel,near,0.0020036831881646844,-9.602089881896973,-9.60409557514376,767.4692324009603
cifar100_test_02948,2948,15,4,camel,near,0.027881666739407174,-6.573068618774414,-6.601346358668426,1554.648059508004
cifar100_test_02956,2956,89,9,tractor,near,0.01650082169510969,-6.969354152679443,-6.985992629313354,1757.053020800061
cifar100_test_02986,2986,97,5,wolf,near,0.0031016694886635277,-8.66191291809082,-8.665019407725874,945.7851388332316
cifar100_test_02992,2992,89,8,tractor,near,0.41150482698650936,-5.658257961273193,-6.188444515774719,3497.2685352826197
cifar100_test_03009,3009,42,4,leopard,near,0.08155422469041285,-6.164292812347412,-6.249365224552522,2853.8785451553204
cifar100_test_03026,3026,13,9,bus,near,0.0003027974371078157,-9.432662010192871,-9.432964853482378,62.999854311175625
cifar100_test_03027,3027,48,2,motorcycle,near,0.45593225688249106,-3.277371883392334,-3.8860533954819316,3927.594999319927
cifar100_test_03054,3054,48,0,motorcycle,near,0.003326030432801441,-7.978759765625,-7.982091339592411,1342.999833581875
cifar100_test_03074,3074,42,3,leopard,near,0.08291395840433458,-6.417513847351074,-6.504067829039341,2336.64355764952
cifar100_test_03104,3104,42,3,leopard,near,0.0001150215312903935,-10.358429908752441,-10.358544936899216,167.95398502288765
cifar100_test_03106,3106,13,9,bus,near,0.044217796107846374,-6.229166507720947,-6.2743917198031385,2381.24864374528
cifar100_test_03111,3111,48,6,motorcycle,near,0.2422117523239148,-5.556256294250488,-5.833607583245441,4709.774344327723
cifar100_test_03136,3136,34,3,fox,near,0.528155739515713,-4.093780040740967,-4.844886345186292,4499.46911264437
cifar100_test_03153,3153,15,9,camel,near,0.0501944895376788,-5.253696441650391,-5.30519448282627,1809.8510932329514
cifar100_test_03177,3177,89,9,tractor,near,0.004134690183865919,-7.168445110321045,-7.172588371971433,629.808326819327
cifar100_test_03197,3197,13,9,bus,near,0.0016846391132344651,-8.564316749572754,-8.566002809286148,520.0730702053636
cifar100_test_03200,3200,42,3,leopard,near,0.4785721581449667,-4.409933567047119,-5.061117947691139,3620.0294739280744
cifar100_test_03219,3219,97,5,wolf,near,0.0012041657631022273,-9.659053802490234,-9.660258693843474,512.978730180629
cifar100_test_03236,3236,13,9,bus,near,0.00825741477203612,-8.002616882324219,-8.010908578392637,1112.35211474594
cifar100_test_03240,3240,48,1,motorcycle,near,0.3716181549893053,-4.641172409057617,-5.1057796728924805,3531.1131820021037
cifar100_test_03256,3256,48,1,motorcycle,near,0.03352968714175064,-5.995476245880127,-6.029580942817807,1874.9053035491672
cifar100_test_03276,3276,13,9,bus,near,0.0004903363618061762,-9.030596733093262,-9.031087189709254,202.26597665856048
cifar100_test_03291,3291,42,2,leopard,near,0.15708552304534862,-6.958298206329346,-7.129187983280961,3661.4037763018573
cifar100_test_03319,3319,15,5,camel,near,0.0026598866688436473,-8.39034652709961,-8.393009957552437,925.8481447983277
cifar100_test_03338,3338,42,3,leopard,near,0.45488507692927205,-4.98746919631958,-5.594227834848325,3251.707331057253
cifar100_test_03346,3346,42,3,leopard,near,0.00967386404736581,-7.358996391296387,-7.368717351144935,3063.5746953101825
cifar100_test_03368,3368,34,4,fox,near,0.07680002428876598,-6.733376502990723,-6.813285912528347,2388.7881927362378
cifar100_test_03376,3376,48,1,motorcycle,near,0.002107248767599934,-9.348822593688965,-9.350932065829264,1658.8647822432706
cifar100_test_03379,3379,42,2,leopard,near,0.024373843457872746,-6.992855548858643,-7.017531351134628,1779.8229813770604
cifar100_test_03412,3412,89,9,tractor,near,0.4346329199982151,-4.114656925201416,-4.684936984882011,3557.4760612769023
cifar100_test_03478,3478,13,9,bus,near,0.03720447244975089,-7.493932247161865,-7.531846465499044,2049.111392643322
cifar100_test_03484,3484,89,9,tractor,near,0.009975881137055498,-7.425142765045166,-7.435168738707605,1724.4964312482175
cifar100_test_03487,3487,97,5,wolf,near,0.011758650209925392,-8.728780746459961,-8.740609076361972,1248.7264787173003
cifar100_test_03525,3525,48,0,motorcycle,near,0.012751648714302566,-6.782570838928223,-6.7954044877518855,2567.5429097099727
cifar100_test_03532,3532,89,9,tractor,near,0.00015716893802497633,-10.104701042175293,-10.10485822346565,298.47449607638214
cifar100_test_03537,3537,58,9,pickup_truck,near,0.44651512434553764,-5.51024055480957,-6.101761406940535,3077.6511572121094
cifar100_test_03538,3538,97,5,wolf,near,0.00679894500471534,-9.353561401367188,-9.360383564497507,1303.4481603030865
cifar100_test_03549,3549,42,3,leopard,near,0.003181045499127233,-7.93842077255249,-7.9416068883322355,1020.5986657252415
cifar100_test_03558,3558,48,1,motorcycle,near,0.0020049023347727957,-7.883899688720703,-7.885906603562532,552.6556968250748
cifar100_test_03564,3564,13,9,bus,near,0.02920981471409234,-6.484001636505127,-6.513646551609793,1965.8675993800193
cifar100_test_03567,3567,42,3,leopard,near,0.1665054841384377,-6.816938877105713,-6.999067033568842,2521.93668202373
cifar100_test_03605,3605,34,3,fox,near,0.02372673942730763,-6.595388889312744,-6.61940164097393,1579.637026804357
cifar100_test_03606,3606,48,3,motorcycle,near,0.1689603372591686,-5.625270843505859,-5.810348599841536,4280.78464033833
cifar100_test_03607,3607,34,4,fox,near,0.19948114530142735,-6.442352294921875,-6.664847488092442,2797.8450735501847
cifar100_test_03608,3608,34,3,fox,near,0.041732428034910285,-6.26331090927124,-6.305939146602702,1968.0649533482656
cifar100_test_03613,3613,97,5,wolf,near,0.0006979937449682616,-9.289960861206055,-9.29065909866207,485.3635387840815
cifar100_test_03630,3630,58,9,pickup_truck,near,0.1267720048527028,-5.821231365203857,-5.956789959617239,2062.955843590519
cifar100_test_03644,3644,34,4,fox,near,0.0005859582536978936,-9.151017189025879,-9.151603319020206,341.153317511143
cifar100_test_03655,3655,58,9,pickup_truck,near,0.49723494343028773,-5.6850056648254395,-6.372637967180163,3383.5811393174804
cifar100_test_03663,3663,97,3,wolf,near,0.24363478871364774,-4.749393463134766,-5.028624398872634,2868.869142140658
cifar100_test_03701,3701,13,9,bus,near,0.2678790679396681,-5.239940166473389,-5.551749737406815,3176.5115317938366
cifar100_test_03715,3715,48,0,motorcycle,near,0.0033635504539935024,-7.784795761108398,-7.788164981014782,1417.1676395419631
cifar100_test_03731,3731,97,5,wolf,near,0.0002892760188315524,-9.607595443725586,-9.607884761592796,422.90558381958044
cifar100_test_03732,3732,48,9,motorcycle,near,0.0033581493577773402,-7.7953996658325195,-7.798763466429201,958.8559573793419
cifar100_test_03747,3747,97,3,wolf,near,0.0764606968070467,-5.388222694396973,-5.467764615692576,2852.4503426960027
cifar100_test_03748,3748,48,3,motorcycle,near,0.1979336840391338,-6.171577453613281,-6.39214143991688,3616.2385987396246
cifar100_test_03755,3755,13,9,bus,near,0.0004935604520541759,-9.126867294311523,-9.12736097660463,204.14688827850634
cifar100_test_03760,3760,34,3,fox,near,0.002152532753953995,-8.136030197143555,-8.138185049926026,1060.2601625912012
cifar100_test_03817,3817,97,5,wolf,near,0.175244119327279,-4.694277763366699,-4.886945602016738,3457.6711263630295
cifar100_test_03823,3823,34,3,fox,near,0.08959798070802816,-6.520062446594238,-6.613931444179559,2061.3293176750635
cifar100_test_03831,3831,15,7,camel,near,0.0042009191623975095,-7.6474127769470215,-7.651622544760664,793.6227842785888
cifar100_test_03840,3840,89,9,tractor,near,0.0021349823055443196,-7.906647205352783,-7.908784469982109,665.7701972285929
cifar100_test_03849,3849,97,3,wolf,near,0.018393979031217866,-7.059361457824707,-7.077926709597676,2078.206742558974
cifar100_test_03857,3857,48,1,motorcycle,near,0.144048908280199,-5.576105117797852,-5.731647158111914,3111.221398704456
cifar100_test_03868,3868,13,1,bus,near,0.04900563527076374,-6.67347526550293,-6.723722407583693,1824.3962295608258
cifar100_test_03877,3877,97,3,wolf,near,0.006652963857238348,-7.454838752746582,-7.461513946217933,1266.475511659833
cifar100_test_03884,3884,15,5,camel,near,0.18095055475330535,-5.394175052642822,-5.593785876887662,2771.27351132978
cifar100_test_03886,3886,97,4,wolf,near,0.6364505128721507,-2.876024007797241,-3.8878638584177714,3883.3568527666407
cifar100_test_03887,3887,13,9,bus,near,0.0005009054049881501,-9.243000984191895,-9.243502015091904,402.8350637416194
cifar100_test_03893,3893,48,2,motorcycle,near,0.12970145061663907,-5.899410247802734,-6.038329213791481,3142.52853801064
cifar100_test_03908,3908,34,4,fox,near,0.06821626381982704,-5.897904396057129,-5.96855893000489,2011.2514891532264
cifar100_test_03913,3913,89,9,tractor,near,0.18794579866010275,-4.858322620391846,-5.0665108110214225,3295.68371874371
cifar100_test_03927,3927,97,3,wolf,near,0.1933356337063078,-4.542292594909668,-4.757140195115283,3289.419427860743
cifar100_test_03930,3930,15,8,camel,near,0.48910354556663016,-3.1091294288635254,-3.780717771377638,5202.159220419625
cifar100_test_03933,3933,58,1,pickup_truck,near,0.00825811446717839,-7.7777838706970215,-7.78607627228661,1294.7804050905947
cifar100_test_03947,3947,13,9,bus,near,0.014136849303771126,-7.439238548278809,-7.4534762746882,1496.5819149695044
cifar100_test_03985,3985,15,4,camel,near,0.46252542819566,-4.99022102355957,-5.611094851929956,2995.946665278013
cifar100_test_04003,4003,34,4,fox,near,0.0032369430972835067,-8.225831031799316,-8.229073225129772,1042.7765673182807
cifar100_test_04004,4004,34,3,fox,near,0.3594122203563467,-5.829901695251465,-6.2752708136631465,2861.3128075560708
cifar100_test_04027,4027,89,9,tractor,near,0.014628604275757406,-6.9602460861206055,-6.974982743500013,1128.525689445664
cifar100_test_04028,4028,48,0,motorcycle,near,0.5395943888975473,-3.4349968433380127,-4.210644258095662,4331.515906523972
cifar100_test_04049,4049,34,3,fox,near,0.3604814496805583,-5.492321968078613,-5.939361618926298,3400.649278253796
cifar100_test_04104,4104,13,0,bus,near,0.0001341414747733083,-10.349654197692871,-10.349788348165417,561.426137847904
cifar100_test_04109,4109,89,0,tractor,near,0.16544620355931627,-5.320022106170654,-5.500880178651559,4148.816157963349
cifar100_test_04118,4118,42,6,leopard,near,0.014776177525538725,-7.189172267913818,-7.204058700598367,1601.8539985966815
cifar100_test_04128,4128,48,1,motorcycle,near,0.2860247087251435,-4.424988746643066,-4.761895669942047,3850.9978913132645
cifar100_test_04129,4129,13,8,bus,near,0.18278890341686194,-4.914804458618164,-5.116662295963981,2882.436135379535
cifar100_test_04147,4147,48,1,motorcycle,near,0.284330962161758,-5.275430679321289,-5.609968135863625,3717.0321359165755
cifar100_test_04153,4153,97,3,wolf,near,0.013249051434817471,-7.283957004547119,-7.2972946076843215,2039.1837040191435
cifar100_test_04173,4173,13,9,bus,near,0.00024666889515179147,-10.105730056762695,-10.105976756085623,573.3521620327687
cifar100_test_04182,4182,34,4,fox,near,0.06797582427895699,-6.6344990730285645,-6.704895598046683,2134.716330109626
cifar100_test_04185,4185,13,9,bus,near,0.0006272482468449025,-8.981063842773438,-8.981691287822764,172.7997502393422
cifar100_test_04201,4201,13,9,bus,near,0.002525648935672309,-8.086474418640137,-8.089003262407564,602.3641978810454
cifar100_test_04225,4225,97,6,wolf,near,0.08974513836970943,-6.301399230957031,-6.395429881914323,2573.4437725805947
cifar100_test_04234,4234,15,4,camel,near,0.0018830773789130228,-8.954747200012207,-8.956632052610262,852.1966887431331
cifar100_test_04238,4238,42,5,leopard,near,0.0036504650356972146,-8.487595558166504,-8.491252702409453,730.2478183805156
cifar100_test_04255,4255,34,4,fox,near,0.016419000876238377,-7.318906784057617,-7.335462070570599,1988.037622379192
cifar100_test_04264,4264,34,4,fox,near,0.0005936160630586329,-9.188047409057617,-9.188641201380449,606.104125172624
cifar100_test_04277,4277,34,3,fox,near,0.5372914015225103,-3.5614864826202393,-4.332144282595416,3839.88760948917
cifar100_test_04278,4278,42,2,leopard,near,0.025171147259342552,-6.032337188720703,-6.057830547763786,1561.8453048909726
cifar100_test_04283,4283,97,3,wolf,near,0.026142304529246596,-6.4443678855896,-6.470857974816094,1491.5014356156858
cifar100_test_04285,4285,97,5,wolf,near,0.0021795509950299774,-8.161989212036133,-8.164171141709362,960.9850256079326
cifar100_test_04294,4294,97,4,wolf,near,0.0797453838387655,-5.660109996795654,-5.743214887327781,2086.6517166828276
cifar100_test_04296,4296,13,9,bus,near,0.0004830133465244524,-9.897729873657227,-9.898213003692273,455.6531900944093
cifar100_test_04307,4307,13,9,bus,near,0.00017480189849961025,-9.884553909301758,-9.88472872647989,131.82104754770643
cifar100_test_04313,4313,34,3,fox,near,0.0239839132650721,-6.835590362548828,-6.859866572943328,1653.2800423503859
cifar100_test_04316,4316,58,9,pickup_truck,near,0.0026209422225472734,-7.978936672210693,-7.981561055115509,582.0056164537382
cifar100_test_04320,4320,42,3,leopard,near,0.34917404719788836,-5.844478607177734,-6.273991633303236,3522.756839398939
cifar100_test_04335,4335,58,9,pickup_truck,near,0.00038170515637236946,-9.265223503112793,-9.265605281137121,260.06068027146296
cifar100_test_04341,4341,34,0,fox,near,0.00505577005240887,-8.920744895935059,-8.92581348963341,2241.188485033435
cifar100_test_04345,4345,15,5,camel,near,0.03405023987357381,-6.558516025543213,-6.593159479816,2405.4077915180383
cifar100_test_04378,4378,97,5,wolf,near,0.11092909967438913,-7.31697940826416,-7.434557702015286,2095.7390915817978
cifar100_test_04387,4387,58,9,pickup_truck,near,0.037380024300134096,-6.346846103668213,-6.384942674178803,1942.045337342422
cifar100_test_04404,4404,89,9,tractor,near,0.014808885278554618,-6.463096618652344,-6.478016250184913,1183.547221774411
cifar100_test_04415,4415,15,0,camel,near,0.36624082856173323,-4.4570112228393555,-4.913097475323351,2920.9981524549976
cifar100_test_04426,4426,13,1,bus,near,0.011969255086548003,-7.164847373962402,-7.176888837347383,1479.3278139933382
cifar100_test_04434,4434,13,9,bus,near,0.013421784110472457,-6.987565517425537,-7.001078187834037,1119.7080003886838
cifar100_test_04435,4435,15,5,camel,near,0.0002987237000222631,-9.852693557739258,-9.852992326066092,347.4440757265587
cifar100_test_04441,4441,34,5,fox,near,0.025054095920365116,-6.620156764984131,-6.6455300575029055,1340.2006536914398
cifar100_test_04461,4461,48,0,motorcycle,near,0.003612812137407495,-8.330057144165039,-8.333676498269568,2013.223994603583
cifar100_test_04463,4463,58,1,pickup_truck,near,0.0004390269496460375,-9.379658699035645,-9.380097822385837,334.6796325989412
cifar100_test_04464,4464,13,9,bus,near,0.0019353295053979869,-8.42341423034668,-8.425351435021996,588.8749699926365
cifar100_test_04468,4468,13,9,bus,near,0.014072539183643928,-8.130960464477539,-8.145132960715152,1892.6468088050124
cifar100_test_04470,4470,97,3,wolf,near,0.018746512846244623,-6.7967000007629395,-6.815624456867506,1571.3098413798402
cifar100_test_04487,4487,48,1,motorcycle,near,0.10346517026043278,-5.255209922790527,-5.364428058685086,2838.6504788882203
cifar100_test_04506,4506,58,1,pickup_truck,near,0.00013536571435845968,-10.469882011413574,-10.470017386290698,222.8609341977426
cifar100_test_04515,4515,58,1,pickup_truck,near,0.00019030730398439388,-10.047562599182129,-10.047752924596846,91.41060569188753
cifar100_test_04517,4517,89,2,tractor,near,0.09142732440209012,-5.0359907150268555,-5.131871114217657,2481.2753518288637
cifar100_test_04519,4519,15,2,camel,near,0.0012717864259029765,-9.139163970947266,-9.14043656677986,1314.571313705111
cifar100_test_04586,4586,13,1,bus,near,4.3220500276941465e-05,-11.810209274291992,-11.810252495726301,899.0458242693967
cifar100_test_04588,4588,58,1,pickup_truck,near,0.0006547952042605942,-9.24672794342041,-9.247382953096679,277.78615945072
cifar100_test_04602,4602,97,5,wolf,near,0.0003060081843132556,-9.566848754882812,-9.567154809897184,268.8820032408323
cifar100_test_04609,4609,42,6,leopard,near,0.4480463728540254,-3.649076223373413,-4.2433674684009155,3579.3267905050357
cifar100_test_04610,4610,89,9,tractor,near,0.01872201543350016,-7.159718036651611,-7.178617527640358,1348.5233186070272
cifar100_test_04611,4611,42,6,leopard,near,0.10352708253318021,-6.439298629760742,-6.548585825337691,2317.6082277147716
cifar100_test_04621,4621,34,4,fox,near,5.5822271495364895e-05,-11.188281059265137,-11.188336883094752,400.88602275730796
cifar100_test_04663,4663,89,9,tractor,near,0.03367502521916932,-7.035012245178223,-7.06926733370535,1577.3863242767966
cifar100_test_04677,4677,42,3,leopard,near,0.0007742660374705501,-9.835272789001465,-9.836047354937694,580.3556430505282
cifar100_test_04691,4691,89,9,tractor,near,0.009614990349998243,-6.706431865692139,-6.716093378510749,825.1070369333845
cifar100_test_04693,4693,58,1,pickup_truck,near,0.007713348446502399,-7.386826038360596,-7.3945692885401275,958.1590349608298
cifar100_test_04703,4703,34,4,fox,near,0.3462673291192676,-4.615584850311279,-5.040641621522613,3339.4932760650386
cifar100_test_04706,4706,34,3,fox,near,0.00806187499613431,-8.066853523254395,-8.074948070885036,1700.5845551231057
cifar100_test_04731,4731,89,9,tractor,near,0.0011489402700545215,-8.523880004882812,-8.525029605690733,390.340471049617
cifar100_test_04736,4736,15,2,camel,near,0.217686581283136,-5.646658897399902,-5.892158724934031,2529.22227780668
cifar100_test_04740,4740,13,8,bus,near,0.5329779836138918,-3.469666004180908,-4.2310448823096705,4307.1401197927025
cifar100_test_04754,4754,34,4,fox,near,0.04982546559142065,-6.327016830444336,-6.378126421276335,1926.713140054443
cifar100_test_04756,4756,13,7,bus,near,0.24241560393068784,-5.369027614593506,-5.646647948445305,4988.333836022354
cifar100_test_04788,4788,13,1,bus,near,0.3903386116677374,-6.186994552612305,-6.681846129647388,3245.7256567054087
cifar100_test_04808,4808,13,8,bus,near,0.48745463621050333,-4.510669708251953,-5.17903576542751,3677.9033427143577
cifar100_test_04821,4821,58,1,pickup_truck,near,0.0010062445470497838,-8.817181587219238,-8.818188338370206,566.4243392701646
cifar100_test_04870,4870,58,1,pickup_truck,near,7.194449936032132e-05,-11.21894359588623,-11.21901554297372,424.89958247857567
cifar100_test_04878,4878,34,3,fox,near,0.14526090031199734,-4.407403945922852,-4.564362949098654,2514.1578470528148
cifar100_test_04881,4881,58,1,pickup_truck,near,0.0021160035148951595,-8.66561222076416,-8.667730466177629,1056.3488501297388
cifar100_test_04889,4889,34,7,fox,near,0.0008104774786387159,-8.621658325195312,-8.62246913128839,268.42377000270545
cifar100_test_04892,4892,48,7,motorcycle,near,0.5552804664655376,-2.7925915718078613,-3.602903029042478,4438.77457709802
cifar100_test_04894,4894,15,5,camel,near,0.6401977942666319,-2.786256790161133,-3.808457617202693,4220.893216321847
cifar100_test_04927,4927,48,9,motorcycle,near,0.45991253171717217,-4.662893772125244,-5.278917946364596,3470.68224058082
cifar100_test_04943,4943,42,4,leopard,near,0.35107713964490694,-5.117159843444824,-5.549601272024335,3362.3230151470707
cifar100_test_04960,4960,48,7,motorcycle,near,0.3313321039544834,-4.327615261077881,-4.73008302165532,4121.836052971027
cifar100_test_04971,4971,42,3,leopard,near,0.044747414216428694,-6.758543491363525,-6.804322977104158,2159.51528566867
cifar100_test_04991,4991,34,5,fox,near,0.030673957606677016,-6.41126823425293,-6.442422484880541,1911.1421627810066
cifar100_test_04992,4992,42,3,leopard,near,0.03942657324414289,-7.627931594848633,-7.668156448155844,2847.936297852212
cifar100_test_04998,4998,13,9,bus,near,0.0011170948583767437,-8.843233108520508,-8.84435082779441,395.09069124547887
cifar100_test_05003,5003,48,1,motorcycle,near,0.12371050087110036,-4.909795761108398,-5.041854525292473,3178.289094995106
cifar100_test_05008,5008,58,1,pickup_truck,near,0.0006000574360415234,-8.959409713745117,-8.960009951287676,122.76016314052156
cifar100_test_05009,5009,58,1,pickup_truck,near,0.0002702285202111909,-9.761822700500488,-9.762092965539004,140.00974121589283
cifar100_test_05015,5015,13,9,bus,near,0.0009062922468091594,-9.276084899902344,-9.276991603080273,684.1396600774352
cifar100_test_05016,5016,42,3,leopard,near,0.3278661328733713,-4.502982139587402,-4.900279890851802,3665.4057592996714
cifar100_test_05020,5020,13,9,bus,near,0.0024329584973715734,-8.320131301879883,-8.322567224830015,1171.1666802207399
cifar100_test_05025,5025,89,9,tractor,near,0.030686004918634158,-7.863748073577881,-7.894914752827334,2394.7909494515907
cifar100_test_05029,5029,15,4,camel,near,0.012992754178349997,-8.157666206359863,-8.170744104677462,1490.8145297152178
cifar100_test_05031,5031,97,3,wolf,near,0.44373481190572417,-3.3179500102996826,-3.9044601517349813,4075.7100061546344
cifar100_test_05032,5032,15,2,camel,near,0.22304658299606628,-6.0733442306518555,-6.32571911343945,3904.1197414883854
cifar100_test_05064,5064,13,9,bus,near,0.02967785366523401,-6.459891319274902,-6.490018472272334,1413.602834450199
cifar100_test_05078,5078,97,5,wolf,near,0.00012053525371613638,-10.245582580566406,-10.24570312308508,209.96654767523347
cifar100_test_05084,5084,34,3,fox,near,0.0688727485995464,-7.504307270050049,-7.575666598602888,2663.7831878938264
cifar100_test_05109,5109,42,3,leopard,near,0.026637467946270643,-6.608700752258301,-6.6356994264108335,2069.750025835797
cifar100_test_05110,5110,58,1,pickup_truck,near,0.004021618839788466,-8.09992504119873,-8.10395476849428,727.3090723336962
cifar100_test_05112,5112,48,0,motorcycle,near,0.45982994927749576,-3.6767778396606445,-4.2926491199124355,5416.36645285313
cifar100_test_05113,5113,15,5,camel,near,0.011624724497570238,-8.060523986816406,-8.072216806664676,2430.1960421386443
cifar100_test_05114,5114,48,3,motorcycle,near,0.519544167540454,-4.183701038360596,-4.9167210131166055,4898.355867970155
cifar100_test_05119,5119,15,0,camel,near,0.017742832632968275,-6.374309539794922,-6.39221166347834,1653.117896119741
cifar100_test_05129,5129,58,1,pickup_truck,near,0.4259249322193376,-6.301328659057617,-6.856323770165477,3501.881245183192
cifar100_test_05141,5141,89,1,tractor,near,0.032052853159149075,-6.291727542877197,-6.324305336444434,2526.5410595311673
cifar100_test_05142,5142,42,3,leopard,near,0.0037737419872921896,-7.869502544403076,-7.873283424919633,1065.9675156386595
cifar100_test_05149,5149,58,9,pickup_truck,near,0.0010833291372885911,-8.40726375579834,-8.408347672160781,255.7536299584424
cifar100_test_05162,5162,48,3,motorcycle,near,0.4765118523991748,-4.417022228240967,-5.064263117854919,3811.0721788007013
cifar100_test_05163,5163,13,9,bus,near,0.0023094298726256124,-8.217681884765625,-8.2199939854843,716.2104659969218
cifar100_test_05175,5175,48,9,motorcycle,near,0.006771386286448244,-6.981934070587158,-6.988728486731312,905.8622637731701
cifar100_test_05182,5182,89,8,tractor,near,0.20578986622991358,-4.178365230560303,-4.408772431206111,2726.1870785707642
cifar100_test_05184,5184,13,9,bus,near,0.0007515098048521685,-9.63125991821289,-9.632011710542791,843.7986538696111
cifar100_test_05185,5185,42,6,leopard,near,0.6036372239667143,-3.626856803894043,-4.5522821898920505,3949.109800744173
cifar100_test_05189,5189,89,1,tractor,near,0.2754704092023199,-4.614163398742676,-4.936396073737151,3177.3388464020363
cifar100_test_05201,5201,13,9,bus,near,0.0007054410440991976,-10.468514442443848,-10.469220132428562,1497.118580394921
cifar100_test_05210,5210,42,6,leopard,near,0.12781849284751312,-4.657853126525879,-4.794610852855098,2585.7030922304757
cifar100_test_05216,5216,48,7,motorcycle,near,0.005536122439408042,-7.470610618591309,-7.476162122150658,1690.857898803797
cifar100_test_05218,5218,15,6,camel,near,0.004475968626436955,-8.0241060256958,-8.028592041461472,1245.3019853693934
cifar100_test_05231,5231,42,6,leopard,near,0.01760936088735121,-6.51607084274292,-6.533837092968121,1305.7052618316839
cifar100_test_05249,5249,15,5,camel,near,0.004021761839274829,-7.999993324279785,-8.004023195152241,1010.580339984713
cifar100_test_05253,5253,15,5,camel,near,0.01550620922743251,-6.6930952072143555,-6.7087228951229125,1664.4342754060308
cifar100_test_05285,5285,15,5,camel,near,0.0016917520209250858,-8.77644157409668,-8.77813475874605,972.8295709194372
cifar100_test_05287,5287,89,9,tractor,near,0.5404984758976981,-4.205482006072998,-4.983095026393726,4069.788070205433
cifar100_test_05291,5291,97,5,wolf,near,0.0027777418009525823,-8.24363899230957,-8.246420599194408,522.1770061304212
cifar100_test_05293,5293,15,7,camel,near,0.0006124881417253203,-9.757200241088867,-9.757812916878079,655.027652990942
cifar100_test_05311,5311,48,0,motorcycle,near,0.4941234226152724,-3.131971836090088,-3.8134343937496458,4704.520232623276
cifar100_test_05314,5314,89,9,tractor,near,0.25385647860811744,-4.027119159698486,-4.319956469056271,2814.780664409327
cifar100_test_05316,5316,42,3,leopard,near,0.016484428903943193,-8.172049522399902,-8.188671331348763,2669.9770000415688
cifar100_test_05317,5317,58,9,pickup_truck,near,0.17985751512995451,-7.043309688568115,-7.241586880350186,2791.5892650445694
cifar100_test_05327,5327,89,9,tractor,near,0.0337303709993334,-6.408473491668701,-6.442785856336486,1931.6123671973032
cifar100_test_05328,5328,42,4,leopard,near,0.25950219569491173,-5.14247989654541,-5.442912506975895,3156.7032907646403
cifar100_test_05342,5342,48,6,motorcycle,near,0.5068455936219478,-2.8055832386016846,-3.512516195055833,4458.826754770742
cifar100_test_05350,5350,48,9,motorcycle,near,0.2776011860742543,-4.474849224090576,-4.800027142823797,3439.457106764532
cifar100_test_05399,5399,42,3,leopard,near,0.003945067143728775,-7.811618328094482,-7.815571197542766,1130.3268696635926
cifar100_test_05408,5408,97,3,wolf,near,0.41595476685230126,-4.434279441833496,-4.972056286966781,4780.437255303919
cifar100_test_05425,5425,97,5,wolf,near,0.005869251916154838,-7.418479919433594,-7.424366463101738,872.7563713217303
cifar100_test_05430,5430,48,1,motorcycle,near,0.05495419292480408,-5.686929225921631,-5.743451105489362,2772.343024294674
cifar100_test_05437,5437,58,9,pickup_truck,near,0.012333203728249642,-7.9177727699279785,-7.9301826587811615,1583.5502725307065
cifar100_test_05445,5445,89,9,tractor,near,0.0001660052822104463,-10.399953842163086,-10.400119861225699,541.810224465246
cifar100_test_05449,5449,42,6,leopard,near,0.013268315680797116,-6.688641548156738,-6.70199867439048,1523.4221052707285
cifar100_test_05455,5455,15,7,camel,near,0.002185667552217496,-8.606940269470215,-8.609128329079887,848.7375943058692
cifar100_test_05458,5458,42,3,leopard,near,0.3978802949922604,-4.485531806945801,-4.992830814858461,3929.1458338878983
cifar100_test_05460,5460,48,1,motorcycle,near,0.5224367473897804,-3.6160812377929688,-4.355139899427781,4773.405179973632
cifar100_test_05465,5465,13,9,bus,near,0.05484937923671007,-6.074375629425049,-6.13078660656311,2096.3140914814476
cifar100_test_05469,5469,48,9,motorcycle,near,0.11573353437029132,-5.725745677947998,-5.848742508006087,3986.198747643287
cifar100_test_05472,5472,42,6,leopard,near,0.3439993977234037,-5.384786605834961,-5.806380177768863,3256.9886393946254
cifar100_test_05478,5478,42,6,leopard,near,0.28079196582831867,-4.147731781005859,-4.477336405908996,3080.034437763042
cifar100_test_05486,5486,48,1,motorcycle,near,0.025991835533615393,-6.4096503257751465,-6.435985918740862,2232.167850414204
cifar100_test_05494,5494,15,4,camel,near,0.5115737998212644,-4.315156936645508,-5.031723829910327,3782.902819662141
cifar100_test_05495,5495,89,9,tractor,near,0.020281374041803635,-7.201300621032715,-7.221790485945218,1416.000296782277
cifar100_test_05516,5516,15,2,camel,near,0.24171708300711914,-3.7830328941345215,-4.059731615696126,2815.5932955377907
cifar100_test_05519,5519,15,4,camel,near,0.09184334310136433,-6.207010269165039,-6.303348654803359,2180.9897969350027
cifar100_test_05532,5532,15,4,camel,near,0.3676744722172326,-3.867438316345215,-4.325789258180757,3388.8679182016926
cifar100_test_05550,5550,89,9,tractor,near,0.0021320376973360533,-8.342386245727539,-8.344520559452874,1061.6130784040352
cifar100_test_05568,5568,58,9,pickup_truck,near,0.22523458450797063,-6.044803619384766,-6.299998604521029,2522.4567672585245
cifar100_test_05572,5572,48,1,motorcycle,near,0.0061421382819893955,-7.723155975341797,-7.7293170541518466,1114.1953686234745
cifar100_test_05612,5612,48,0,motorcycle,near,0.2844586677008465,-3.962925434112549,-4.297641348751741,3632.8296239037536
cifar100_test_05619,5619,34,5,fox,near,0.30063039405557546,-4.615199089050293,-4.972775001675984,3234.433886931986
cifar100_test_05634,5634,13,9,bus,near,0.0005406485392281946,-9.432580947875977,-9.433121742618326,349.78946011099686
cifar100_test_05650,5650,48,1,motorcycle,near,0.016959165916666574,-6.323854446411133,-6.3409590658409885,1812.69713713219
cifar100_test_05654,5654,13,1,bus,near,0.00044950853425795856,-9.273642539978027,-9.274092149571532,99.73490170381469
cifar100_test_05664,5664,15,5,camel,near,0.011407706213623858,-7.864195823669434,-7.875669096886601,1361.2817271627005
cifar100_test_05691,5691,48,0,motorcycle,near,0.12137087857700513,-5.8335981369018555,-5.962990539634384,2810.918157799045
cifar100_test_05696,5696,89,9,tractor,near,0.003341863266121292,-7.692928791046143,-7.696276250809272,1113.4215480378161
cifar100_test_05698,5698,42,6,leopard,near,0.00068603262635758,-9.027593612670898,-9.028279880725318,695.8628369440969
cifar100_test_05715,5715,58,1,pickup_truck,near,0.2888224535110333,-5.832660675048828,-6.173493841633132,3097.3001801696096
cifar100_test_05726,5726,34,2,fox,near,0.1352820510945295,-6.10648250579834,-6.251834401650698,2185.602398355337
cifar100_test_05732,5732,58,1,pickup_truck,near,0.004883688187300006,-7.633975028991699,-7.638870681352912,940.2127161220349
cifar100_test_05736,5736,58,1,pickup_truck,near,0.25560055574470275,-5.815740585327148,-6.110918086108775,2874.403474339573
cifar100_test_05738,5738,58,1,pickup_truck,near,0.004580997050450231,-7.571945667266846,-7.576537189239677,826.5413878329607
cifar100_test_05748,5748,13,9,bus,near,0.0018156133231068683,-8.77051830291748,-8.772335566464205,701.825535949728
cifar100_test_05756,5756,58,1,pickup_truck,near,0.0003402233209595096,-9.650008201599121,-9.650348482809164,136.00790745585653
cifar100_test_05762,5762,15,2,camel,near,0.00011050820223801328,-10.842214584350586,-10.842325098659305,839.9232114270159
cifar100_test_05781,5781,97,3,wolf,near,0.0023260686636853434,-9.056004524230957,-9.058333302394828,1065.14232117642
cifar100_test_05818,5818,89,7,tractor,near,0.12214033694415871,-4.7948832511901855,-4.925151786378751,2610.503410356876
cifar100_test_05819,5819,42,3,leopard,near,0.00025717497099142506,-9.949007987976074,-9.94926519602222,1697.337397249046
cifar100_test_05832,5832,34,4,fox,near,0.014060872302176008,-7.545962333679199,-7.560122996579267,1511.5812866137235
cifar100_test_05853,5853,13,9,bus,near,0.00016031023331686267,-10.168859481811523,-10.1690198048959,404.9320527092152
cifar100_test_05889,5889,34,5,fox,near,0.3763689535131134,-6.0618438720703125,-6.534040229208672,3758.4187500448006
cifar100_test_05893,5893,58,1,pickup_truck,near,0.011186376538634746,-7.560183525085449,-7.571432939686656,1115.366205119195
cifar100_test_05896,5896,34,4,fox,near,0.03756486139493087,-5.918429851531982,-5.95671845508515,1862.2681279651297
cifar100_test_05905,5905,42,6,leopard,near,0.005214415524573579,-7.723505020141602,-7.728733078176617,1171.7583252977943
cifar100_test_05911,5911,97,3,wolf,near,0.5404750447087191,-2.8926570415496826,-3.67021907054533,4509.296742189409
cifar100_test_05912,5912,97,4,wolf,near,0.20302123641361636,-4.369617938995361,-4.59654518497969,2741.7185475361675
cifar100_test_05920,5920,13,9,bus,near,0.007620468341438813,-7.631131649017334,-7.638781301486664,999.1842640327648
cifar100_test_05932,5932,58,1,pickup_truck,near,0.17680133167840528,-6.594350814819336,-6.788908526968079,2562.111892185907
cifar100_test_05945,5945,34,5,fox,near,0.022949192447378586,-6.710150718688965,-6.733367343344206,1839.9615336558272
cifar100_test_06010,6010,97,4,wolf,near,0.009357758908176361,-7.297407150268555,-7.306808968079768,1424.8498731284126
cifar100_test_06022,6022,48,9,motorcycle,near,0.08087318855284553,-6.105787754058838,-6.190118931687794,2899.78187290256
cifar100_test_06037,6037,15,3,camel,near,0.4804214491322466,-4.515006065368652,-5.1697433404915465,4584.3310483797195
cifar100_test_06044,6044,15,2,camel,near,0.40902930825576767,-3.765594005584717,-4.291582859347733,3741.3470739485647
cifar100_test_06055,6055,42,3,leopard,near,0.00018294521883333026,-10.367362022399902,-10.367544984355254,527.5274236558337
cifar100_test_06061,6061,42,3,leopard,near,0.07968305378774432,-7.604567527770996,-7.687604689286421,2437.0978033542424
cifar100_test_06063,6063,89,9,tractor,near,0.1722671284717211,-4.679840564727783,-4.868905360304542,3554.596378018673
cifar100_test_06075,6075,58,1,pickup_truck,near,0.0007523435344577445,-8.854832649230957,-8.85558527591784,176.2561999406268
cifar100_test_06080,6080,34,4,fox,near,0.37342633435669403,-5.82975959777832,-6.2972485265061575,3661.6025353109726
cifar100_test_06116,6116,13,9,bus,near,0.003923979683784329,-8.077670097351074,-8.081601796042575,770.1933537489431
cifar100_test_06132,6132,97,3,wolf,near,0.058412923572394915,-7.0102434158325195,-7.0704318640821455,1796.3620073348566
cifar100_test_06144,6144,48,0,motorcycle,near,0.49276652252570585,-3.72768235206604,-4.406466225619343,4497.162718481297
cifar100_test_06160,6160,97,3,wolf,near,0.36349718644572016,-5.434820652008057,-5.886587092650138,3664.2362447388614
cifar100_test_06162,6162,34,3,fox,near,0.007782521020892608,-8.342217445373535,-8.350030408256965,1335.4997540981658
cifar100_test_06163,6163,34,4,fox,near,0.0053166777989740455,-8.79190731048584,-8.797238172112454,1803.3663234440091
cifar100_test_06176,6176,13,9,bus,near,0.002611740025558973,-8.63563060760498,-8.638245764173565,1063.3440376292451
cifar100_test_06178,6178,97,5,wolf,near,0.4996250903026336,-3.862744092941284,-4.555141735080615,3675.424485759596
cifar100_test_06279,6279,48,1,motorcycle,near,0.08822426268293326,-4.729269027709961,-4.821630248921257,2259.6039793727177
cifar100_test_06293,6293,42,6,leopard,near,0.4128988940833844,-5.008851051330566,-5.5414092835505615,2793.5587671440812
cifar100_test_06303,6303,13,9,bus,near,0.05662883803582763,-5.691498279571533,-5.74979375636643,1787.7973097949507
cifar100_test_06324,6324,97,5,wolf,near,0.44913590979949247,-4.643833160400391,-5.240100320908419,4343.634571950107
cifar100_test_06339,6339,13,9,bus,near,0.00020776006669565028,-10.221200942993164,-10.221408724644972,296.6901045973971
cifar100_test_06343,6343,48,3,motorcycle,near,0.5288730597293689,-3.5808022022247314,-4.333429911250483,4774.714142343542
cifar100_test_06360,6360,89,1,tractor,near,0.13968593022455666,-6.379875183105469,-6.53033294209509,3324.5341299382935
cifar100_test_06379,6379,89,8,tractor,near,0.3110577266076556,-3.7764267921447754,-4.149024586798377,3373.6310729989937
cifar100_test_06382,6382,48,1,motorcycle,near,0.0783731945117645,-5.864502429962158,-5.946117333609425,3328.762087976099
cifar100_test_06395,6395,42,6,leopard,near,0.0035097945103588213,-8.162796974182129,-8.16631294247127,773.0699164372861
cifar100_test_06398,6398,89,9,tractor,near,0.0061980006395406795,-6.850992679595947,-6.857209967578059,888.2694993322366
cifar100_test_06401,6401,42,6,leopard,near,0.00851347882535547,-7.520586013793945,-7.529135939286201,1384.943167724798
cifar100_test_06409,6409,42,3,leopard,near,0.04389314983613335,-5.9033966064453125,-5.948282210667785,2505.5271383249465
cifar100_test_06411,6411,13,9,bus,near,0.0867253601248913,-5.813490390777588,-5.904209024021133,1943.7191880192008
cifar100_test_06416,6416,48,0,motorcycle,near,0.10096573654812557,-5.984900951385498,-6.091335083772598,3012.7260473380784
cifar100_test_06417,6417,15,2,camel,near,0.0018487833241834783,-9.47338581085205,-9.47523630528543,1509.8790942484945
cifar100_test_06418,6418,15,4,camel,near,0.0002363604199872027,-9.77236557006836,-9.772601958425874,170.1327932050563
cifar100_test_06430,6430,89,8,tractor,near,0.22160884141568193,-6.057864665985107,-6.3083907726076465,3015.431313359969
cifar100_test_06433,6433,97,3,wolf,near,0.2095241637541546,-6.156054496765137,-6.391174687248888,2364.2113577160762
cifar100_test_06447,6447,97,3,wolf,near,0.013010301356983556,-7.640128135681152,-7.653223812322758,1595.3740401283362
cifar100_test_06449,6449,48,7,motorcycle,near,0.30611879235494555,-4.204879283905029,-4.570333787571978,3619.6015238843192
cifar100_test_06469,6469,34,6,fox,near,0.5131436228341526,-4.719157695770264,-5.438943808582476,4043.4007720208665
cifar100_test_06475,6475,15,7,camel,near,0.010628787658500616,-7.5781168937683105,-7.588802570457054,1948.2063106510732
cifar100_test_06505,6505,34,6,fox,near,0.3674523901454443,-5.872867584228516,-6.330867372944488,3745.9691478901505
cifar100_test_06528,6528,97,3,wolf,near,0.03113146275582035,-8.27999496459961,-8.31162130937344,2139.5965719372816
cifar100_test_06545,6545,34,4,fox,near,0.38910307125843824,-4.837499141693115,-5.330326168464544,3233.0114604946643
cifar100_test_06546,6546,89,0,tractor,near,0.3542845274082739,-4.263606548309326,-4.701002865437657,3208.1556078656067
cifar100_test_06547,6547,48,1,motorcycle,near,0.2453214576985565,-4.086522102355957,-4.36798549454178,3053.3380119236936
cifar100_test_06552,6552,97,3,wolf,near,0.10217182062094732,-6.284237384796143,-6.392013950777711,2134.350793131683
cifar100_test_06561,6561,97,3,wolf,near,0.005672180604259225,-7.69020938873291,-7.69589771724509,1277.6060614282258
cifar100_test_06574,6574,58,1,pickup_truck,near,0.00011471823654396474,-10.514182090759277,-10.514296815576461,217.84774058064465
cifar100_test_06616,6616,15,5,camel,near,0.0019079479119885612,-9.224518775939941,-9.22642854630301,516.5084612437591
cifar100_test_06652,6652,97,7,wolf,near,0.34659254862351385,-5.939093112945557,-6.364647488821332,2845.276518964306
cifar100_test_06653,6653,58,1,pickup_truck,near,0.00019295637527239062,-10.397104263305664,-10.397297238299412,332.5255117668895
cifar100_test_06693,6693,34,3,fox,near,0.4495244271058876,-5.987056255340576,-6.584028951725556,3546.8175500382577
cifar100_test_06712,6712,13,9,bus,near,0.003175517913417636,-7.950602054595947,-7.9537826251657435,882.0920218200513
cifar100_test_06730,6730,48,0,motorcycle,near,0.010432851896361672,-6.800529479980469,-6.811017135582052,1696.6917970092677
cifar100_test_06735,6735,42,4,leopard,near,0.19034102874968029,-4.716093063354492,-4.9272352064730285,2326.9802107465025
cifar100_test_06746,6746,97,5,wolf,near,0.1330275145189037,-6.198758602142334,-6.341506640163426,2914.67936560404
cifar100_test_06767,6767,42,6,leopard,near,0.0005311586501394183,-9.406060218811035,-9.406591518575903,500.36425451028566
cifar100_test_06778,6778,15,5,camel,near,0.015792233790344445,-6.816902160644531,-6.8328204203402745,1766.6132990321294
cifar100_test_06791,6791,13,0,bus,near,0.11036216836291757,-5.506997108459473,-5.6239379382790595,2950.2516329537175
cifar100_test_06807,6807,89,9,tractor,near,0.004372638506251136,-7.183577060699463,-7.1879592871494165,682.0107607094138
cifar100_test_06816,6816,34,5,fox,near,0.008221065356021295,-7.5030364990234375,-7.5112915436961885,894.9891003612428
cifar100_test_06866,6866,89,9,tractor,near,0.33599923085833316,-4.918513298034668,-5.327985269195159,2786.6867608745006
cifar100_test_06914,6914,48,9,motorcycle,near,0.09624514109060311,-4.973544597625732,-5.07474172676274,2853.899371541654
cifar100_test_06924,6924,42,6,leopard,near,0.002336753525645996,-8.369185447692871,-8.371524935687722,1103.541318351447
cifar100_test_06930,6930,89,9,tractor,near,0.0013208073393755626,-8.285442352294922,-8.286764032669137,883.9169611541098
cifar100_test_06954,6954,48,1,motorcycle,near,0.027558146497443703,-7.0105180740356445,-7.038463070055591,2173.6973160174402
cifar100_test_06967,6967,97,5,wolf,near,0.0002835633153427386,-10.270246505737305,-10.270530109264326,465.66717780234455
cifar100_test_07006,7006,89,9,tractor,near,0.09175103164915821,-5.874397277832031,-5.970634021578251,2312.0014612055916
cifar100_test_07021,7021,34,3,fox,near,0.2754079256970319,-4.333538055419922,-4.6556844940315845,3635.2062159469056
cifar100_test_07028,7028,97,3,wolf,near,0.00044832264710070735,-9.838627815246582,-9.839076238420327,521.5288732464281
cifar100_test_07078,7078,42,3,leopard,near,0.008021706571300302,-7.623316287994385,-7.63137034155535,1482.5888265882943
cifar100_test_07086,7086,89,9,tractor,near,0.11130586759714234,-5.041867733001709,-5.159869893711019,2920.8147866152276
cifar100_test_07087,7087,97,3,wolf,near,0.0013183116035297981,-9.441307067871094,-9.44262624921184,1042.4134693387618
cifar100_test_07109,7109,48,1,motorcycle,near,0.4482545594619777,-4.864790439605713,-5.4594589371226245,5052.807728915674
cifar100_test_07110,7110,48,0,motorcycle,near,0.002827131540559469,-7.92145299911499,-7.924284134540043,1017.2393575873475
cifar100_test_07119,7119,58,9,pickup_truck,near,0.004209904955309596,-7.797248363494873,-7.801467155049979,740.5089021535173
cifar100_test_07125,7125,97,3,wolf,near,0.16665628664987242,-7.180290699005127,-7.362599799856504,2298.5585219875006
cifar100_test_07128,7128,15,7,camel,near,0.07319423209065223,-5.923323154449463,-5.999334417425602,2272.3815721011983
cifar100_test_07131,7131,58,9,pickup_truck,near,0.10896795823952654,-6.399215221405029,-6.51459011199116,2296.1834803841793
cifar100_test_07133,7133,13,9,bus,near,0.0001505841291865595,-10.141292572021484,-10.1414431674896,307.1571736307353
cifar100_test_07135,7135,97,5,wolf,near,0.32838767570299077,-6.877557754516602,-7.275631757813025,2906.191853074023
cifar100_test_07141,7141,34,4,fox,near,0.36600926478388973,-4.074257850646973,-4.529978788522459,3002.3591472363237
cifar100_test_07146,7146,89,9,tractor,near,0.6131943308700853,-3.0151560306549072,-3.964988889676389,4946.864945792741
cifar100_test_07160,7160,48,1,motorcycle,near,0.010651324910880944,-6.606472015380859,-6.617180471698518,1468.2845751629206
cifar100_test_07194,7194,15,4,camel,near,0.00705554552781773,-7.75919246673584,-7.766273020324771,980.347887810682
cifar100_test_07200,7200,15,2,camel,near,0.03730469199254882,-7.105281829833984,-7.143300145828796,2030.9035677457384
cifar100_test_07207,7207,58,1,pickup_truck,near,0.00044379810945383014,-9.433953285217285,-9.434397181834266,188.80590733120775
cifar100_test_07209,7209,48,0,motorcycle,near,0.4713129261212793,-4.24489688873291,-4.882255453649539,5746.420953416949
cifar100_test_07225,7225,34,3,fox,near,0.0005567360837482882,-9.940049171447754,-9.94060606256658,1881.6783386997017
cifar100_test_07248,7248,34,5,fox,near,0.0003181888275035627,-10.10832405090332,-10.10864229036363,315.6397835255792
cifar100_test_07249,7249,48,1,motorcycle,near,0.09565853732548202,-5.402045249938965,-5.5025935156512755,2763.405328308183
cifar100_test_07279,7279,34,3,fox,near,0.10147952679808547,-5.112421035766602,-5.219426822805963,2564.043749848126
cifar100_test_07283,7283,42,6,leopard,near,0.10415757471124165,-5.865077018737793,-5.97506776484408,2878.154038774964
cifar100_test_07289,7289,48,9,motorcycle,near,0.29570731725928645,-3.682374954223633,-4.0329362209152855,3384.8240934921896
cifar100_test_07298,7298,15,2,camel,near,0.28497856234803476,-5.158790588378906,-5.4942333423864875,3709.9310819496786
cifar100_test_07308,7308,97,5,wolf,near,0.003150539934091645,-9.120835304260254,-9.12399081759396,662.0934440290634
cifar100_test_07317,7317,34,4,fox,near,0.003433929955707349,-8.239813804626465,-8.243253644051991,1053.9361560749235
cifar100_test_07333,7333,15,5,camel,near,0.2970923128163936,-4.365687370300293,-4.7182170787773785,2955.973602788533
cifar100_test_07367,7367,42,3,leopard,near,0.0054012928241575775,-8.080687522888184,-8.08610345543384,1645.9372223302148
cifar100_test_07373,7373,34,3,fox,near,0.1095489302435777,-5.915214538574219,-6.031241663268987,3091.46053472048
cifar100_test_07375,7375,97,5,wolf,near,0.0709303752065481,-6.2694549560546875,-6.343026553074941,1936.4430494243397
cifar100_test_07376,7376,13,9,bus,near,0.0011103705362058847,-8.32633113861084,-8.327442126065124,267.14382271458817
cifar100_test_07379,7379,15,7,camel,near,0.16983904416017725,-4.6812825202941895,-4.867418194587677,3005.892180614843
cifar100_test_07388,7388,89,0,tractor,near,0.03893219970764994,-6.917287349700928,-6.956997670388375,2339.1131809773096
cifar100_test_07389,7389,58,1,pickup_truck,near,5.6094332965161975e-05,-11.180880546569824,-11.180936642476135,397.3777231356605
cifar100_test_07407,7407,42,3,leopard,near,0.16008741618839728,-5.952908992767334,-6.1273664522183955,3099.2734141222536
cifar100_test_07412,7412,42,6,leopard,near,0.004072977869159611,-8.573023796081543,-8.5771050911165,1243.5393899792111
cifar100_test_07417,7417,42,6,leopard,near,0.10766936451081,-5.675718307495117,-5.789636854988727,2121.1236539488746
cifar100_test_07427,7427,42,2,leopard,near,0.29934580105234554,-4.791929244995117,-5.147670055447201,3608.05958815933
cifar100_test_07441,7441,13,9,bus,near,0.002022250063673847,-8.552290916442871,-8.554315214015054,532.1077472484251
cifar100_test_07445,7445,15,4,camel,near,0.0010907830580494382,-8.74714183807373,-8.74823321646858,419.2491283164089
cifar100_test_07471,7471,48,3,motorcycle,near,0.08680337161614149,-5.110492706298828,-5.201296762721651,2606.999177726327
cifar100_test_07472,7472,97,7,wolf,near,0.1149752482275389,-5.282988548278809,-5.405128214539641,2152.8466063232972
cifar100_test_07489,7489,48,9,motorcycle,near,0.21794273817800047,-4.487114429473877,-4.732941745755194,4069.2884398034385
cifar100_test_07495,7495,42,4,leopard,near,0.2464607498503909,-4.585567474365234,-4.868541646193409,3142.0768192812534
cifar100_test_07503,7503,34,5,fox,near,0.01859514837895826,-8.204744338989258,-8.22351455075634,1617.2600491262601
cifar100_test_07507,7507,89,9,tractor,near,0.007334132813702543,-7.611753940582275,-7.61911510037543,2264.3018758979297
cifar100_test_07508,7508,13,9,bus,near,0.0009037473350339553,-8.943031311035156,-8.943935466996027,322.08641426760977
cifar100_test_07559,7559,58,1,pickup_truck,near,0.0005040314452511296,-9.732794761657715,-9.733298920169513,717.9740359230273
cifar100_test_07561,7561,97,2,wolf,near,0.47724467624627886,-4.107786178588867,-4.756427935184571,3704.157861675161
cifar100_test_07564,7564,34,5,fox,near,0.1509349419149083,-7.457162380218506,-7.620781846749662,2625.5050694489073
cifar100_test_07567,7567,13,0,bus,near,0.3388326720300565,-4.049696922302246,-4.463445249791988,3984.52221406083
cifar100_test_07569,7569,48,1,motorcycle,near,0.04261988916571979,-6.679267406463623,-6.722822182847403,2851.6034922371964
cifar100_test_07570,7570,58,9,pickup_truck,near,0.030289839524353268,-8.254990577697754,-8.285748633466516,1812.795109081592
cifar100_test_07582,7582,97,4,wolf,near,0.0013996006280055928,-8.68986988067627,-8.691270461660078,620.265932346641
cifar100_test_07590,7590,89,9,tractor,near,0.0075735722921782545,-7.855984210968018,-7.863586608390528,1247.7692501017914
cifar100_test_07609,7609,42,3,leopard,near,0.042724369448404964,-6.794700622558594,-6.838364536350765,2235.5184224716886
cifar100_test_07621,7621,34,4,fox,near,0.05123161335738602,-7.648721694946289,-7.701312265545911,2640.1737691960616
cifar100_test_07640,7640,48,3,motorcycle,near,0.6348862867351046,-2.954355239868164,-3.961901670595818,5160.452563597919
cifar100_test_07643,7643,89,9,tractor,near,0.5983235792394852,-2.775615692138672,-3.6877241301079415,4403.720441315816
cifar100_test_07650,7650,97,3,wolf,near,0.05324447057677684,-5.325015544891357,-5.379729916682743,2245.552493641053
cifar100_test_07658,7658,58,1,pickup_truck,near,6.282876183261177e-05,-11.003090858459473,-11.003153689195114,279.09727055525616
cifar100_test_07660,7660,89,0,tractor,near,0.5773646029784818,-2.968465566635132,-3.8297109838352847,3938.878742659309
cifar100_test_07736,7736,89,9,tractor,near,0.3871292776044736,-4.589726448059082,-5.079327706665011,2936.8352142913036
cifar100_test_07750,7750,15,2,camel,near,0.020989497453987704,-6.666252136230469,-6.687465044909186,1406.274298292112
cifar100_test_07752,7752,97,3,wolf,near,0.13882753358571653,-6.670464515686035,-6.819925000875441,2343.985794636468
cifar100_test_07772,7772,42,4,leopard,near,0.2685443148981437,-6.668214321136475,-6.980932962352234,3362.394363522162
cifar100_test_07799,7799,34,5,fox,near,0.23445647211391896,-5.806331157684326,-6.073500361152544,3153.683891663546
cifar100_test_07800,7800,15,5,camel,near,0.08397660226183923,-6.266961097717285,-6.354674468969247,2562.747682236951
cifar100_test_07806,7806,48,9,motorcycle,near,0.3714313951975069,-3.8173937797546387,-4.281703880255497,3849.4602569867684
cifar100_test_07812,7812,13,9,bus,near,0.0004303974835174751,-9.40506362915039,-9.405494119281489,256.0002998803808
cifar100_test_07816,7816,13,9,bus,near,0.03493281640701518,-6.975660800933838,-7.011218360696759,1606.9582770893367
cifar100_test_07823,7823,58,1,pickup_truck,near,0.03573902597166856,-6.51195764541626,-6.548350946479482,1592.8886608936155
cifar100_test_07829,7829,89,4,tractor,near,0.06518077614841666,-5.462985038757324,-5.530387150618275,2388.7604959962155
cifar100_test_07866,7866,58,8,pickup_truck,near,0.3474592357642362,-4.939568042755127,-5.366449710567288,3671.2487900869137
cifar100_test_07871,7871,48,1,motorcycle,near,0.10260735151589939,-5.22398042678833,-5.332242204278964,3318.5780679410573
cifar100_test_07875,7875,97,3,wolf,near,0.0003120639790649138,-9.912668228149414,-9.912980340830575,364.57006272528247
cifar100_test_07884,7884,89,8,tractor,near,0.02135343488618424,-6.794948101043701,-6.816532818904324,1778.8885911027946
cifar100_test_07900,7900,58,1,pickup_truck,near,0.00037594797890827536,-9.8356351852417,-9.836011203906766,416.297569842634
cifar100_test_07912,7912,15,3,camel,near,0.059436108270325416,-6.886373519897461,-6.947649218655718,2140.55397373124
cifar100_test_07924,7924,34,3,fox,near,0.0021112732759974717,-8.75688362121582,-8.758997126371199,1142.5531424655242
cifar100_test_07950,7950,42,5,leopard,near,0.02867141097947623,-6.877981185913086,-6.907071651150388,1299.43208460561
cifar100_test_07962,7962,58,9,pickup_truck,near,0.007868915496136997,-7.464762210845947,-7.47266224963619,1520.60332291472
cifar100_test_07973,7973,34,3,fox,near,0.006518146241916045,-7.668374538421631,-7.674914020542886,1181.4732633812964
cifar100_test_07974,7974,42,3,leopard,near,0.12897316669431347,-4.454401016235352,-4.592483511370311,3029.209952120452
cifar100_test_07980,7980,97,5,wolf,near,0.0002782794368081376,-9.923337936401367,-9.923616254565083,646.9271235926128
cifar100_test_07994,7994,58,0,pickup_truck,near,0.4161225506253562,-5.632040023803711,-6.170104188939802,3555.6723758396492
cifar100_test_07999,7999,58,0,pickup_truck,near,0.17014525113147272,-4.950060844421387,-5.136565439290625,3334.3301779179883
cifar100_test_08023,8023,13,9,bus,near,0.04310464889602639,-5.925590991973877,-5.969652236470848,3721.802293181893
cifar100_test_08026,8026,89,7,tractor,near,0.6668724284451819,-3.310783624649048,-4.410013389251736,4293.499032570933
cifar100_test_08082,8082,58,1,pickup_truck,near,0.0008827139992561017,-8.560556411743164,-8.56143951556384,194.16445093418102
cifar100_test_08085,8085,13,9,bus,near,0.00040594081768208223,-9.199836730957031,-9.200242754190992,373.5597571609587
cifar100_test_08100,8100,34,5,fox,near,0.016508548002101997,-7.962984085083008,-7.979630417684175,2066.225569807979
cifar100_test_08101,8101,97,3,wolf,near,0.08023288549074847,-6.085464954376221,-6.169099731762686,2143.173380097693
cifar100_test_08109,8109,34,4,fox,near,0.0013950160790916488,-8.441048622131348,-8.44244461215125,567.0048071546339
cifar100_test_08126,8126,13,1,bus,near,0.0015663667255649827,-8.778351783752441,-8.779919378512902,620.734192547453
cifar100_test_08132,8132,34,3,fox,near,0.4439853818543307,-3.935878038406372,-4.522838731854644,3873.4702488610988
cifar100_test_08141,8141,89,8,tractor,near,0.013227507947691786,-6.903597354888916,-6.916913125514092,1431.1790845377516
cifar100_test_08143,8143,15,3,camel,near,0.002662377282862005,-9.651860237121582,-9.654526164833964,1564.9782209882183
cifar100_test_08150,8150,34,3,fox,near,0.0002992433453662402,-10.109185218811035,-10.109484506938625,637.4126341731128
cifar100_test_08165,8165,58,1,pickup_truck,near,0.07906306687807108,-7.348511695861816,-7.430875417456692,2611.762481463945
cifar100_test_08169,8169,89,0,tractor,near,0.08085172195768942,-4.8384246826171875,-4.922732505096221,2465.7326061346675
cifar100_test_08183,8183,48,3,motorcycle,near,0.3944583148475501,-3.65282940864563,-4.154461282821861,3373.488805538728
cifar100_test_08185,8185,34,4,fox,near,0.2478161708302019,-5.445239067077637,-5.730013598300625,2891.897084753331
cifar100_test_08187,8187,34,3,fox,near,0.0014274052197225107,-8.217249870300293,-8.218678295233325,563.1736655158143
cifar100_test_08219,8219,58,1,pickup_truck,near,0.0010523699154426636,-8.58212661743164,-8.583179541477103,522.4933955214523
cifar100_test_08231,8231,15,7,camel,near,0.05055621680630917,-5.980850696563721,-6.03272965379334,2401.288978419322
cifar100_test_08257,8257,48,5,motorcycle,near,0.04106305894430551,-5.667013645172119,-5.708943606327766,2194.4614723739332
cifar100_test_08258,8258,89,9,tractor,near,0.16423952154977395,-5.319648265838623,-5.499061481818442,3140.439241010945
cifar100_test_08300,8300,48,1,motorcycle,near,0.32970765409174774,-4.854082107543945,-5.254123432131958,4966.166570123194
cifar100_test_08310,8310,42,6,leopard,near,0.027308019793185312,-5.916831016540527,-5.944518830559623,1718.770076470746
cifar100_test_08324,8324,42,3,leopard,near,0.005721245563658051,-8.779871940612793,-8.785609615194783,1489.3321245818838
cifar100_test_08329,8329,89,9,tractor,near,0.016250386307418596,-6.697819232940674,-6.714203104879884,1723.2933434604035
cifar100_test_08334,8334,42,6,leopard,near,0.007149393610912713,-7.768439769744873,-7.775614842738163,1287.356275312447
cifar100_test_08381,8381,34,6,fox,near,0.19069930193783347,-4.7075276374816895,-4.9191123774119845,3526.9918762853904
cifar100_test_08391,8391,58,9,pickup_truck,near,0.14058286294692945,-6.147250652313232,-6.298751519435263,2076.914158080346
cifar100_test_08405,8405,34,4,fox,near,0.2930912955073355,-5.723470687866211,-6.070324440134768,2805.9470940433653
cifar100_test_08407,8407,97,3,wolf,near,0.0023912117807740607,-8.068710327148438,-8.071104402441856,799.4492362142464
cifar100_test_08418,8418,97,3,wolf,near,0.04577449732230199,-6.3442230224609375,-6.391078281954757,2242.8523480803597
cifar100_test_08447,8447,15,5,camel,near,0.42591523792558106,-4.198999881744385,-4.75397810618977,3902.206655611899
cifar100_test_08454,8454,42,3,leopard,near,0.048247778398827434,-6.431495189666748,-6.480945739161346,2214.2581405313126
cifar100_test_08455,8455,58,1,pickup_truck,near,0.0006070021016264526,-8.8738431930542,-8.874450379456185,117.0883615377468
cifar100_test_08457,8457,48,0,motorcycle,near,0.6465886819916941,-2.734233856201172,-3.7743565497542093,5723.215425505275
cifar100_test_08460,8460,48,1,motorcycle,near,0.0277300582614729,-6.479679107666016,-6.507800902906183,2906.3616923533627
cifar100_test_08497,8497,13,3,bus,near,0.07566014551717748,-4.998742580413818,-5.077418047497166,2816.704239746614
cifar100_test_08503,8503,58,1,pickup_truck,near,0.02989097476541469,-8.250605583190918,-8.280952399842656,2098.3028682395848
cifar100_test_08504,8504,42,4,leopard,near,0.4677035702779847,-3.5631089210510254,-4.193663667143495,3259.1588578716514
cifar100_test_08519,8519,58,1,pickup_truck,near,0.01733182969617253,-6.6006317138671875,-6.618115498049445,1495.3112942967755
cifar100_test_08535,8535,97,3,wolf,near,0.4499007800152498,-7.228325843811035,-7.825982460864501,3255.3880641442393
cifar100_test_08580,8580,89,9,tractor,near,0.18790112829047467,-6.563464641571045,-6.771597824614969,2479.8142783782027
cifar100_test_08596,8596,13,9,bus,near,0.006366001822371903,-7.314714431762695,-7.321100782983512,1174.7510287330906
cifar100_test_08598,8598,15,4,camel,near,0.0042780992766331405,-7.862041473388672,-7.866328749915493,1002.5409456427608
cifar100_test_08604,8604,15,4,camel,near,0.022258700097357642,-8.169224739074707,-8.191734902540437,2149.5872151068047
cifar100_test_08609,8609,13,9,bus,near,0.0011945976480856046,-8.14466667175293,-8.14586198350155,276.0417859925353
cifar100_test_08618,8618,34,5,fox,near,0.06378085168697778,-6.552844047546387,-6.618749744642684,2629.5484983910665
cifar100_test_08627,8627,48,1,motorcycle,near,0.004581041933796937,-7.314927577972412,-7.319519145035148,811.82886060579
cifar100_test_08634,8634,97,3,wolf,near,0.06589253616309454,-6.8700103759765625,-6.938174165707253,3322.0895997875396
cifar100_test_08648,8648,15,2,camel,near,0.004420145891580796,-7.752070426940918,-7.756500370559599,1185.3609585875076
cifar100_test_08655,8655,13,9,bus,near,0.00044447163815708457,-10.020160675048828,-10.020605245493783,1185.3613651188743
cifar100_test_08663,8663,13,9,bus,near,0.02012886587819418,-6.848392486572266,-6.868726698330191,2237.0927668359564
cifar100_test_08672,8672,34,7,fox,near,0.08786178075631312,-6.873137474060059,-6.96510121826309,2207.5245883975226
cifar100_test_08693,8693,58,9,pickup_truck,near,0.03637380965306447,-6.432494640350342,-6.469546469273561,1684.1600501727555
cifar100_test_08695,8695,42,6,leopard,near,0.16886210604221996,-6.8728742599487305,-7.057833820467519,3029.331089127085
cifar100_test_08713,8713,97,5,wolf,near,0.00047318514337257866,-9.114161491394043,-9.114634788524834,371.00724743917317
cifar100_test_08715,8715,34,3,fox,near,0.0004625850260568942,-10.294928550720215,-10.295391242771732,753.3329153442814
cifar100_test_08717,8717,13,9,bus,near,0.01698533910403055,-6.461955547332764,-6.479086791837479,1154.0301333962268
cifar100_test_08731,8731,34,5,fox,near,0.0006890453301926502,-10.72140884399414,-10.722098126825172,807.1677436076529
cifar100_test_08732,8732,15,0,camel,near,0.25817882654622193,-4.551823616027832,-4.850470687016216,3074.4190120972567
cifar100_test_08735,8735,34,3,fox,near,0.01543615838833079,-7.117550849914551,-7.133107386183888,1723.7143447703086
cifar100_test_08762,8762,34,3,fox,near,0.12866233376062342,-5.952180862426758,-6.089906563174471,2920.9533524311123
cifar100_test_08763,8763,48,1,motorcycle,near,0.18237493093610868,-4.976540565490723,-5.177891963722578,3386.6042492251736
cifar100_test_08774,8774,42,4,leopard,near,0.0765611709688192,-6.28524923324585,-6.364899952972921,2491.472155839241
cifar100_test_08780,8780,15,7,camel,near,0.0005689701973531358,-9.026432037353516,-9.027001169475835,407.6420489368487
cifar100_test_08800,8800,15,4,camel,near,0.1969765639736204,-5.8047261238098145,-6.024097503684057,3035.463896168816
cifar100_test_08834,8834,15,5,camel,near,0.1798302150111718,-5.524746894836426,-5.7229908001287395,2483.2070018265613
cifar100_test_08904,8904,42,6,leopard,near,0.0029431375142363603,-8.648633003234863,-8.651580480294992,864.1648414109537
cifar100_test_08906,8906,89,0,tractor,near,0.467369779325842,-3.812182903289795,-4.442110768717855,4232.03241310022
cifar100_test_08918,8918,97,5,wolf,near,0.052538387381858453,-6.538795471191406,-6.592764328424877,1881.6037810956095
cifar100_test_08920,8920,13,9,bus,near,0.3201547928337115,-4.426175594329834,-4.812065737575108,4516.62020866352
cifar100_test_08929,8929,48,9,motorcycle,near,0.1663500496456285,-4.474318027496338,-4.656259716024134,2759.0092425495723
cifar100_test_08942,8942,89,9,tractor,near,0.08305596748721533,-5.484855651855469,-5.571564493690436,3072.3763650541705
cifar100_test_08944,8944,58,1,pickup_truck,near,0.03168821168796554,-6.812460899353027,-6.844662047556491,1932.5855273481743
cifar100_test_08947,8947,58,9,pickup_truck,near,0.046043610835155624,-6.471473217010498,-6.518610539252935,1807.0392811678903
cifar100_test_08953,8953,58,1,pickup_truck,near,0.0003494940727040152,-9.31769847869873,-9.318048033858721,146.9768729129442
cifar100_test_08958,8958,13,1,bus,near,0.0007253929979003093,-8.694024085998535,-8.694749742221239,291.97891999589467
cifar100_test_08960,8960,97,2,wolf,near,0.05848512991368626,-5.828115463256836,-5.888380600228983,1984.3306979939912
cifar100_test_08966,8966,58,1,pickup_truck,near,0.0030964219315439134,-8.692063331604004,-8.695164557368964,859.6777370539035
cifar100_test_08981,8981,48,9,motorcycle,near,0.05531550677598762,-6.075821876525879,-6.132726153365358,2647.6384563424326
cifar100_test_08996,8996,89,8,tractor,near,0.006080546507752249,-7.974209308624268,-7.980308416937134,1059.7852285437189
cifar100_test_09007,9007,48,0,motorcycle,near,0.055463486021226194,-5.633495330810547,-5.6905562640125975,3212.793638130195
cifar100_test_09014,9014,15,3,camel,near,0.45516848894485695,-6.170228004455566,-6.777506690599678,3097.4757889779426
cifar100_test_09017,9017,48,1,motorcycle,near,0.014625126020188839,-7.193869113922119,-7.208602241414781,2387.2342639198578
cifar100_test_09019,9019,89,9,tractor,near,0.0018607503454948215,-7.982977390289307,-7.984839873981276,683.6980767596791
cifar100_test_09027,9027,13,9,bus,near,0.56106588583488,-3.0372071266174316,-3.8606130854162,3776.2883771030547
cifar100_test_09030,9030,58,9,pickup_truck,near,0.009026150583701376,-7.627660274505615,-7.636727407582325,1210.2995710751288
cifar100_test_09039,9039,89,9,tractor,near,0.02174045222192078,-5.685061454772949,-5.707041712652823,1098.9406494990576
cifar100_test_09058,9058,42,6,leopard,near,0.05744117826033068,-6.425694465637207,-6.484851416910756,1859.024327137593
cifar100_test_09081,9081,58,1,pickup_truck,near,0.00013894670732594872,-10.385123252868652,-10.385262209229966,248.1864370116869
cifar100_test_09093,9093,15,4,camel,near,0.13732433791484533,-5.762460708618164,-5.910177193246241,3151.817494156954
cifar100_test_09110,9110,15,7,camel,near,0.0020138753278052812,-8.657896995544434,-8.65991290144583,945.0328410108252
cifar100_test_09142,9142,15,7,camel,near,0.0014372071177692902,-8.752554893493652,-8.753993134384187,594.4830745564495
cifar100_test_09148,9148,34,3,fox,near,0.009445509780631411,-7.533954620361328,-7.543445021876649,1313.4841773542564
cifar100_test_09187,9187,42,3,leopard,near,0.0023352152942767157,-9.097760200500488,-9.10009814666227,684.0164314806815
cifar100_test_09203,9203,89,9,tractor,near,0.05606232677516154,-6.365267276763916,-6.422962415906471,2308.0129797534155
cifar100_test_09205,9205,48,1,motorcycle,near,0.00572537768348913,-7.449219226837158,-7.454961057324522,1403.1319950964978
cifar100_test_09231,9231,97,3,wolf,near,3.001924839962644e-05,-11.766223907470703,-11.76625392716969,628.3805696024625
cifar100_test_09232,9232,13,9,bus,near,0.0008595645679878583,-8.816438674926758,-8.817298609132202,599.5747221600936
cifar100_test_09238,9238,42,6,leopard,near,0.012021409242313985,-7.282912254333496,-7.295006505076144,1247.1230965069676
cifar100_test_09252,9252,13,8,bus,near,0.13944457496021434,-6.81488561630249,-6.965062871434438,2853.862641857665
cifar100_test_09259,9259,89,9,tractor,near,0.001728508641934412,-8.142924308776855,-8.144654313013532,651.5004321867171
cifar100_test_09261,9261,42,6,leopard,near,0.0021234823725243546,-8.590012550354004,-8.592138290512032,670.9326584022785
cifar100_test_09266,9266,15,5,camel,near,0.23245653920158937,-6.126241683959961,-6.390801858636522,3267.538376737944
cifar100_test_09276,9276,48,0,motorcycle,near,0.5832128295735687,-3.324770212173462,-4.199949782316795,4566.9376171095955
cifar100_test_09288,9288,89,9,tractor,near,0.0007775622172098151,-8.599740982055664,-8.600518846731172,211.80337614766998
cifar100_test_09317,9317,97,0,wolf,near,0.1347167898109206,-5.24583625793457,-5.390534672948776,2661.5179757399274
cifar100_test_09318,9318,42,3,leopard,near,0.017468383050654346,-7.099614143371582,-7.117236899026956,1533.686332715666
cifar100_test_09345,9345,48,9,motorcycle,near,0.02967481077469125,-7.552026271820068,-7.582150288863341,2104.806647737344
cifar100_test_09346,9346,97,5,wolf,near,0.11495954971519473,-5.643110275268555,-5.765232203750771,3647.177287253985
cifar100_test_09362,9362,15,7,camel,near,0.012310054939675852,-7.127997398376465,-7.140383849651928,1323.3472425782388
cifar100_test_09368,9368,58,9,pickup_truck,near,0.01086273939446214,-6.847915172576904,-6.858837342300933,986.3484882492392
cifar100_test_09377,9377,58,1,pickup_truck,near,0.0022163299964014227,-8.923590660095215,-8.925809449785945,739.8937917267084
cifar100_test_09388,9388,58,1,pickup_truck,near,0.0005068161622406864,-9.111540794372559,-9.11204773900952,166.57471230704363
cifar100_test_09395,9395,89,9,tractor,near,0.6295804477164364,-2.9667916297912598,-3.959910620451888,5147.488045685689
cifar100_test_09406,9406,42,3,leopard,near,0.013051337674765628,-7.191502571105957,-7.204639825862259,1639.78819881246
cifar100_test_09412,9412,15,5,camel,near,0.1948650323454213,-5.652660846710205,-5.869406200644722,2989.3893342311394
cifar100_test_09429,9429,58,1,pickup_truck,near,0.0013916035214923683,-9.143176078796387,-9.144568651497305,702.769102555463
cifar100_test_09447,9447,58,1,pickup_truck,near,0.0005839349990373055,-9.126362800598145,-9.126946906153623,175.06854898381886
cifar100_test_09453,9453,34,3,fox,near,0.0029060853492612893,-8.080849647521973,-8.083759963736087,800.6459608940354
cifar100_test_09496,9496,34,5,fox,near,0.44474391963807536,-3.921874523162842,-4.510200388756065,3803.653661176083
cifar100_test_09504,9504,58,9,pickup_truck,near,0.5625705004377259,-3.4442529678344727,-4.271092697861667,3685.4613402077766
cifar100_test_09531,9531,15,5,camel,near,0.3340070564612184,-3.7944185733795166,-4.2008947771645095,3126.4294816782785
cifar100_test_09546,9546,13,8,bus,near,0.4340916767214499,-4.609796047210693,-5.179119234114786,3634.3039044404763
cifar100_test_09572,9572,13,9,bus,near,0.002236629028006254,-8.112215042114258,-8.114454176132822,574.0548866812665
cifar100_test_09575,9575,42,6,leopard,near,0.0004242374980405472,-9.162336349487305,-9.162760676999532,151.32879668564132
cifar100_test_09587,9587,97,3,wolf,near,0.00019376226505962713,-9.877379417419434,-9.877573198458826,95.0772907405981
cifar100_test_09611,9611,15,4,camel,near,0.16661238643980447,-4.697996616363525,-4.88025303900652,2920.7766053361806
cifar100_test_09612,9612,42,6,leopard,near,0.03730696920358956,-5.97354793548584,-6.011568616937007,2116.830402374371
cifar100_test_09647,9647,15,0,camel,near,0.3883664833290337,-3.7383933067321777,-4.230015311540677,3805.024021424517
cifar100_test_09654,9654,48,3,motorcycle,near,0.037942626824980175,-6.505722999572754,-6.544404190192474,2793.948716812517
cifar100_test_09662,9662,58,1,pickup_truck,near,0.0012169977411586874,-9.014513969421387,-9.01573170830567,635.2424902585249
cifar100_test_09673,9673,89,5,tractor,near,0.4877252225561126,-4.473201751708984,-5.142095874914881,4364.735146668425
cifar100_test_09676,9676,58,9,pickup_truck,near,0.23501025714015278,-5.811830997467041,-6.0797238507388744,2437.5637093431674
cifar100_test_09686,9686,34,2,fox,near,0.2757479737802069,-3.8792190551757812,-4.201834899832299,3047.4233014411316
cifar100_test_09704,9704,89,9,tractor,near,0.001954637214839572,-9.022401809692383,-9.024358359703498,740.0456614680661
cifar100_test_09708,9708,89,9,tractor,near,0.009318771742521936,-7.122046947479248,-7.131409410620452,1991.4868133878645
cifar100_test_09743,9743,15,5,camel,near,0.11041290619253274,-5.108796119689941,-5.225793983141312,2311.9863906670043
cifar100_test_09768,9768,97,3,wolf,near,0.03155806943241968,-6.5695719718933105,-6.601638727938935,1748.885584993284
cifar100_test_09790,9790,97,3,wolf,near,0.0005138301066257567,-9.482552528381348,-9.483066490543901,375.05714128395283
cifar100_test_09807,9807,89,9,tractor,near,0.48631020989306484,-5.232047080993652,-5.898182797905581,3824.535373229163
cifar100_test_09815,9815,13,1,bus,near,0.012271885279054762,-8.29733657836914,-8.309684385003854,1449.047299329678
cifar100_test_09833,9833,48,1,motorcycle,near,0.23088943998686207,-4.000998497009277,-4.263519045671428,3362.8292499015433
cifar100_test_09835,9835,13,9,bus,near,0.00026462350492595377,-9.57493782043457,-9.575202478958474,87.91006316604395
cifar100_test_09842,9842,34,4,fox,near,0.008501167016741862,-7.960601329803467,-7.96913883784787,1379.757188615566
cifar100_test_09871,9871,58,9,pickup_truck,near,0.4094004940457743,-4.177302837371826,-4.7039199835595165,3472.320438185824
cifar100_test_09878,9878,58,1,pickup_truck,near,0.0006547164779261427,-8.853239059448242,-8.853893990346597,129.14377080689445
cifar100_test_09880,9880,58,9,pickup_truck,near,0.00036991932719043774,-9.409930229187012,-9.410300216951235,111.08312912897611
cifar100_test_09886,9886,97,5,wolf,near,0.010697252314243455,-7.141058444976807,-7.151813324229645,1750.7371568418575
cifar100_test_09914,9914,42,6,leopard,near,0.24960992152397898,-3.9524476528167725,-4.2396097558413945,2855.2277540843174
cifar100_test_09922,9922,89,9,tractor,near,0.28117694497620227,-3.747002601623535,-4.077142651887047,2996.9238525646547
cifar100_test_09927,9927,58,1,pickup_truck,near,0.0002447837317693935,-9.661992073059082,-9.662236886755279,103.21660310890186
cifar100_test_09930,9930,13,9,bus,near,0.08866731961217311,-7.052659511566162,-7.145506778405529,2511.6026816017948
cifar100_test_09936,9936,42,3,leopard,near,0.010806174379985212,-7.426328659057617,-7.437193644203305,1347.0228894464008
cifar100_test_09942,9942,97,5,wolf,near,0.009086048607233166,-6.620273590087891,-6.629401168587924,1015.9147431850654
cifar100_test_09948,9948,97,5,wolf,near,0.5714855499058373,-3.602282762527466,-4.449713581533562,3828.357755160521
cifar100_test_09965,9965,97,5,wolf,near,0.004754183359686803,-7.685125350952148,-7.689890871388176,897.2635784734491
cifar100_test_09969,9969,89,9,tractor,near,0.013273355386487107,-6.2396650314331055,-6.253027265153149,1008.6711767484079
cifar100_test_09998,9998,42,6,leopard,near,0.02395730001350116,-7.535342693328857,-7.5595916368687375,1632.9437293464753
