image_identifier,content_label_index,content_class,style_label_index,style_class,output_file,resnet50_linear_prediction_index,resnet50_linear_prediction_class,resnet50_linear_confidence,vit_b_16_linear_prediction_index,vit_b_16_linear_prediction_class,vit_b_16_linear_confidence,clip_linear_prediction_index,clip_linear_prediction_class,clip_linear_confidence,clip_zero_shot_prediction_index,clip_zero_shot_prediction_class,clip_zero_shot_confidence,resnet50_linear_cue,vit_b_16_linear_cue,clip_linear_cue,clip_zero_shot_cue
shape_airplane_texture_cat_000,0,airplane,3,cat,Data/task1_cache/cue_conflicts/candidates/shape_airplane_texture_cat_000.png,4,deer,0.7153403623570043,0,airplane,0.5041387337381853,0,airplane,0.20898544047359532,0,airplane,0.7755990504429844,other,shape,shape,shape
shape_airplane_texture_cat_003,0,airplane,3,cat,Data/task1_cache/cue_conflicts/candidates/shape_airplane_texture_cat_003.png,4,deer,0.6102536183971575,1,bird,0.24481288006955298,6,horse,0.11971271987999033,6,horse,0.356574380365108,other,other,other,other
shape_airplane_texture_cat_004,0,airplane,3,cat,Data/task1_cache/cue_conflicts/candidates/shape_airplane_texture_cat_004.png,4,deer,0.6792897424125456,0,airplane,0.9863164421368882,0,airplane,0.3330302699381031,0,airplane,0.9778777712389938,other,shape,shape,shape
shape_airplane_texture_cat_005,0,airplane,3,cat,Data/task1_cache/cue_conflicts/candidates/shape_airplane_texture_cat_005.png,1,bird,0.8849203635837231,0,airplane,0.9995464271637352,0,airplane,0.3004652717871972,0,airplane,0.915543704931947,other,shape,shape,shape
shape_airplane_texture_cat_006,0,airplane,3,cat,Data/task1_cache/cue_conflicts/candidates/shape_airplane_texture_cat_006.png,1,bird,0.8718182180737856,0,airplane,0.8107991414028344,0,airplane,0.14709592722600673,1,bird,0.36013610144550756,other,shape,shape,other
shape_airplane_texture_cat_008,0,airplane,3,cat,Data/task1_cache/cue_conflicts/candidates/shape_airplane_texture_cat_008.png,1,bird,0.9987606611604698,1,bird,0.5124847855647344,1,bird,0.19725525187292536,1,bird,0.8531209763336198,other,other,other,other
shape_airplane_texture_cat_009,0,airplane,3,cat,Data/task1_cache/cue_conflicts/candidates/shape_airplane_texture_cat_009.png,6,horse,0.39419113444578396,0,airplane,0.995163342677832,0,airplane,0.30648260082331896,0,airplane,0.8818262354775116,other,shape,shape,shape
shape_airplane_texture_cat_010,0,airplane,3,cat,Data/task1_cache/cue_conflicts/candidates/shape_airplane_texture_cat_010.png,8,ship,0.5747641897885906,0,airplane,0.9816499730314631,0,airplane,0.21961169990250454,0,airplane,0.6776132763742952,other,shape,shape,shape
shape_airplane_texture_cat_011,0,airplane,3,cat,Data/task1_cache/cue_conflicts/candidates/shape_airplane_texture_cat_011.png,1,bird,0.8190914691586106,0,airplane,0.9800199258238641,0,airplane,0.3544300948351426,0,airplane,0.8494577475751245,other,shape,shape,shape
shape_airplane_texture_cat_012,0,airplane,3,cat,Data/task1_cache/cue_conflicts/candidates/shape_airplane_texture_cat_012.png,1,bird,0.7412880759523368,1,bird,0.571989190242746,0,airplane,0.28549707612353004,0,airplane,0.932905213553952,other,other,shape,shape
shape_airplane_texture_cat_017,0,airplane,3,cat,Data/task1_cache/cue_conflicts/candidates/shape_airplane_texture_cat_017.png,1,bird,0.8893422257646065,0,airplane,0.9421038603974794,0,airplane,0.11850451747713413,8,ship,0.38931160130526843,other,shape,shape,other
shape_airplane_texture_cat_018,0,airplane,3,cat,Data/task1_cache/cue_conflicts/candidates/shape_airplane_texture_cat_018.png,0,airplane,0.6153886864418336,0,airplane,0.94840758193874,0,airplane,0.24395942623603456,0,airplane,0.946634410543414,shape,shape,shape,shape
shape_airplane_texture_cat_019,0,airplane,3,cat,Data/task1_cache/cue_conflicts/candidates/shape_airplane_texture_cat_019.png,4,deer,0.7747722468169652,0,airplane,0.5165927188081424,0,airplane,0.16041588545835614,9,truck,0.26726946149159175,other,shape,shape,other
shape_airplane_texture_cat_021,0,airplane,3,cat,Data/task1_cache/cue_conflicts/candidates/shape_airplane_texture_cat_021.png,1,bird,0.7345716192525222,7,monkey,0.6252659180326007,0,airplane,0.1965527776557361,0,airplane,0.7837275356400495,other,other,shape,shape
shape_airplane_texture_cat_022,0,airplane,3,cat,Data/task1_cache/cue_conflicts/candidates/shape_airplane_texture_cat_022.png,4,deer,0.7520540946008762,1,bird,0.497567129668629,0,airplane,0.1683699516934822,0,airplane,0.2972646033832858,other,other,shape,shape
shape_airplane_texture_cat_023,0,airplane,3,cat,Data/task1_cache/cue_conflicts/candidates/shape_airplane_texture_cat_023.png,0,airplane,0.986332862268538,0,airplane,0.951433364352579,0,airplane,0.30115238382022835,0,airplane,0.9375515768959507,shape,shape,shape,shape
shape_airplane_texture_cat_024,0,airplane,3,cat,Data/task1_cache/cue_conflicts/candidates/shape_airplane_texture_cat_024.png,1,bird,0.8357596942583498,0,airplane,0.9933937844655595,0,airplane,0.30293559003270937,0,airplane,0.8929677895725822,other,shape,shape,shape
shape_airplane_texture_cat_025,0,airplane,3,cat,Data/task1_cache/cue_conflicts/candidates/shape_airplane_texture_cat_025.png,4,deer,0.7079222415102047,0,airplane,0.967144218744645,0,airplane,0.20303363316376247,0,airplane,0.7145940332874431,other,shape,shape,shape
shape_airplane_texture_cat_027,0,airplane,3,cat,Data/task1_cache/cue_conflicts/candidates/shape_airplane_texture_cat_027.png,1,bird,0.6720130206153889,0,airplane,0.9971936165895747,0,airplane,0.26919597986745214,0,airplane,0.9231850867666465,other,shape,shape,shape
shape_cat_texture_airplane_000,3,cat,0,airplane,Data/task1_cache/cue_conflicts/candidates/shape_cat_texture_airplane_000.png,1,bird,0.4462214689014927,0,airplane,0.5187579465536962,1,bird,0.14374066356138104,1,bird,0.7770993892822351,other,texture,other,other
shape_cat_texture_airplane_001,3,cat,0,airplane,Data/task1_cache/cue_conflicts/candidates/shape_cat_texture_airplane_001.png,1,bird,0.643948544495125,0,airplane,0.5845573034053495,0,airplane,0.12735808179858818,0,airplane,0.2722844637933049,other,texture,texture,texture
shape_cat_texture_airplane_002,3,cat,0,airplane,Data/task1_cache/cue_conflicts/candidates/shape_cat_texture_airplane_002.png,8,ship,0.4537169580910952,3,cat,0.5304842698118012,3,cat,0.12643539913593302,1,bird,0.33385703105756465,other,shape,shape,other
shape_cat_texture_airplane_004,3,cat,0,airplane,Data/task1_cache/cue_conflicts/candidates/shape_cat_texture_airplane_004.png,1,bird,0.9283709773153788,1,bird,0.2558165299516365,1,bird,0.11967677093677932,1,bird,0.4113126636603074,other,other,other,other
shape_cat_texture_airplane_005,3,cat,0,airplane,Data/task1_cache/cue_conflicts/candidates/shape_cat_texture_airplane_005.png,1,bird,0.8254427388860158,3,cat,0.8260468607239152,1,bird,0.1581641396711899,1,bird,0.7796192551796324,other,shape,other,other
shape_cat_texture_airplane_006,3,cat,0,airplane,Data/task1_cache/cue_conflicts/candidates/shape_cat_texture_airplane_006.png,3,cat,0.9364403666187843,3,cat,0.9999883728842247,3,cat,0.31995878895592417,3,cat,0.9598066865471193,shape,shape,shape,shape
shape_cat_texture_airplane_007,3,cat,0,airplane,Data/task1_cache/cue_conflicts/candidates/shape_cat_texture_airplane_007.png,1,bird,0.9274385870127001,6,horse,0.27898224505058433,1,bird,0.11826218433926097,1,bird,0.34836058920870766,other,other,other,other
shape_cat_texture_airplane_008,3,cat,0,airplane,Data/task1_cache/cue_conflicts/candidates/shape_cat_texture_airplane_008.png,3,cat,0.9962109567854033,3,cat,0.969244093010355,3,cat,0.20337319560620618,7,monkey,0.49520828571111103,shape,shape,shape,other
shape_cat_texture_airplane_009,3,cat,0,airplane,Data/task1_cache/cue_conflicts/candidates/shape_cat_texture_airplane_009.png,3,cat,0.7073374406007077,3,cat,0.8602567625073719,3,cat,0.2440114506071781,3,cat,0.9474134959030363,shape,shape,shape,shape
shape_cat_texture_airplane_012,3,cat,0,airplane,Data/task1_cache/cue_conflicts/candidates/shape_cat_texture_airplane_012.png,3,cat,0.40616219339650017,3,cat,0.28045604328868934,3,cat,0.21498780264864362,3,cat,0.6793361368556086,shape,shape,shape,shape
shape_cat_texture_airplane_015,3,cat,0,airplane,Data/task1_cache/cue_conflicts/candidates/shape_cat_texture_airplane_015.png,1,bird,0.865994031941658,9,truck,0.24971499873508043,1,bird,0.11890076844866167,8,ship,0.34389658591890365,other,other,other,other
shape_cat_texture_airplane_017,3,cat,0,airplane,Data/task1_cache/cue_conflicts/candidates/shape_cat_texture_airplane_017.png,3,cat,0.9957477770579359,3,cat,0.9953962933428869,3,cat,0.22703544666893455,3,cat,0.9265825952400107,shape,shape,shape,shape
shape_cat_texture_airplane_018,3,cat,0,airplane,Data/task1_cache/cue_conflicts/candidates/shape_cat_texture_airplane_018.png,1,bird,0.6624425988489997,1,bird,0.8957859911215463,1,bird,0.18365343841865503,1,bird,0.9131847161506219,other,other,other,other
shape_cat_texture_airplane_021,3,cat,0,airplane,Data/task1_cache/cue_conflicts/candidates/shape_cat_texture_airplane_021.png,3,cat,0.9961501901120945,3,cat,0.8786900786476073,3,cat,0.22440472456270308,3,cat,0.8938843351588334,shape,shape,shape,shape
shape_cat_texture_airplane_023,3,cat,0,airplane,Data/task1_cache/cue_conflicts/candidates/shape_cat_texture_airplane_023.png,9,truck,0.5430911376000533,0,airplane,0.8489358166596209,3,cat,0.14828217191597534,6,horse,0.2292574048114296,other,texture,shape,other
shape_cat_texture_airplane_026,3,cat,0,airplane,Data/task1_cache/cue_conflicts/candidates/shape_cat_texture_airplane_026.png,8,ship,0.7990350732224288,0,airplane,0.5796674039915977,3,cat,0.11481151941699154,7,monkey,0.33266323635694595,other,texture,shape,other
shape_cat_texture_airplane_028,3,cat,0,airplane,Data/task1_cache/cue_conflicts/candidates/shape_cat_texture_airplane_028.png,3,cat,0.9961320915628835,3,cat,0.4759262862188434,3,cat,0.15117705100069867,7,monkey,0.49453615287178276,shape,shape,shape,other
shape_cat_texture_airplane_029,3,cat,0,airplane,Data/task1_cache/cue_conflicts/candidates/shape_cat_texture_airplane_029.png,8,ship,0.6048090986174316,0,airplane,0.8543908168937223,3,cat,0.12224618344239373,7,monkey,0.2058363770006134,other,texture,shape,other
shape_bird_texture_car_000,1,bird,2,car,Data/task1_cache/cue_conflicts/candidates/shape_bird_texture_car_000.png,1,bird,0.7986637876312689,0,airplane,0.9581914389721536,1,bird,0.1872163394692165,1,bird,0.9103506722041381,shape,other,shape,shape
shape_bird_texture_car_001,1,bird,2,car,Data/task1_cache/cue_conflicts/candidates/shape_bird_texture_car_001.png,1,bird,0.9983664096900924,1,bird,0.9976793864621024,1,bird,0.2150758657792546,1,bird,0.9833410982434566,shape,shape,shape,shape
shape_bird_texture_car_002,1,bird,2,car,Data/task1_cache/cue_conflicts/candidates/shape_bird_texture_car_002.png,1,bird,0.9999758179305023,1,bird,0.9999396856583134,1,bird,0.33991693354559577,1,bird,0.9971553125294316,shape,shape,shape,shape
shape_bird_texture_car_003,1,bird,2,car,Data/task1_cache/cue_conflicts/candidates/shape_bird_texture_car_003.png,1,bird,0.998092862351143,1,bird,0.9999784183367734,1,bird,0.3551026754877279,1,bird,0.9849778714287529,shape,shape,shape,shape
shape_bird_texture_car_004,1,bird,2,car,Data/task1_cache/cue_conflicts/candidates/shape_bird_texture_car_004.png,1,bird,0.9708863967867963,1,bird,0.7655016792134901,1,bird,0.2978549431544219,1,bird,0.9972754663209015,shape,shape,shape,shape
shape_bird_texture_car_005,1,bird,2,car,Data/task1_cache/cue_conflicts/candidates/shape_bird_texture_car_005.png,1,bird,0.997497254317959,1,bird,0.9999662391894463,1,bird,0.29636957743381787,1,bird,0.9887593405654338,shape,shape,shape,shape
shape_bird_texture_car_007,1,bird,2,car,Data/task1_cache/cue_conflicts/candidates/shape_bird_texture_car_007.png,1,bird,0.9431829116941629,1,bird,0.9971120402493084,1,bird,0.2757730616692245,1,bird,0.994520950331371,shape,shape,shape,shape
shape_bird_texture_car_008,1,bird,2,car,Data/task1_cache/cue_conflicts/candidates/shape_bird_texture_car_008.png,1,bird,0.9885491605354508,1,bird,0.46313218487110736,1,bird,0.16649552252422825,1,bird,0.6794557710958916,shape,shape,shape,shape
shape_bird_texture_car_009,1,bird,2,car,Data/task1_cache/cue_conflicts/candidates/shape_bird_texture_car_009.png,1,bird,0.9896331457147423,1,bird,0.8320341947776093,1,bird,0.19870815952054752,1,bird,0.932640628851872,shape,shape,shape,shape
shape_bird_texture_car_011,1,bird,2,car,Data/task1_cache/cue_conflicts/candidates/shape_bird_texture_car_011.png,1,bird,0.9977603000470889,1,bird,0.9582440024915346,1,bird,0.20200033909824225,1,bird,0.8828784682819051,shape,shape,shape,shape
shape_bird_texture_car_013,1,bird,2,car,Data/task1_cache/cue_conflicts/candidates/shape_bird_texture_car_013.png,1,bird,0.9991145480122954,1,bird,0.9998188784186609,1,bird,0.32979099790598415,1,bird,0.9963580418013167,shape,shape,shape,shape
shape_bird_texture_car_014,1,bird,2,car,Data/task1_cache/cue_conflicts/candidates/shape_bird_texture_car_014.png,8,ship,0.7262719748354722,1,bird,0.9961066122327412,1,bird,0.18609605934734164,1,bird,0.8850264438703725,other,shape,shape,shape
shape_bird_texture_car_019,1,bird,2,car,Data/task1_cache/cue_conflicts/candidates/shape_bird_texture_car_019.png,1,bird,0.9957210374121461,1,bird,0.9974026398167329,1,bird,0.2730186942034925,1,bird,0.9806697136583735,shape,shape,shape,shape
shape_bird_texture_car_020,1,bird,2,car,Data/task1_cache/cue_conflicts/candidates/shape_bird_texture_car_020.png,1,bird,0.9973986874815016,1,bird,0.9995159180085437,1,bird,0.32901426368262493,1,bird,0.9923272135953158,shape,shape,shape,shape
shape_bird_texture_car_023,1,bird,2,car,Data/task1_cache/cue_conflicts/candidates/shape_bird_texture_car_023.png,1,bird,0.8297530060134143,1,bird,0.9826542297059254,1,bird,0.3053228672854399,1,bird,0.9951712183049803,shape,shape,shape,shape
shape_bird_texture_car_024,1,bird,2,car,Data/task1_cache/cue_conflicts/candidates/shape_bird_texture_car_024.png,1,bird,0.9834635617654262,1,bird,0.807566038489224,1,bird,0.2461224482357427,1,bird,0.9929262960100409,shape,shape,shape,shape
shape_bird_texture_car_025,1,bird,2,car,Data/task1_cache/cue_conflicts/candidates/shape_bird_texture_car_025.png,1,bird,0.9658946456178528,1,bird,0.6591929755740953,1,bird,0.12213655928809487,1,bird,0.3578179859970707,shape,shape,shape,shape
shape_bird_texture_car_026,1,bird,2,car,Data/task1_cache/cue_conflicts/candidates/shape_bird_texture_car_026.png,0,airplane,0.6896155784368831,1,bird,0.8803964878861219,1,bird,0.24521774151273543,1,bird,0.9918271258725152,other,shape,shape,shape
shape_bird_texture_car_027,1,bird,2,car,Data/task1_cache/cue_conflicts/candidates/shape_bird_texture_car_027.png,3,cat,0.621217128906448,6,horse,0.31271606749668357,3,cat,0.17920404490283606,1,bird,0.3602087159120752,other,other,other,shape
shape_bird_texture_car_028,1,bird,2,car,Data/task1_cache/cue_conflicts/candidates/shape_bird_texture_car_028.png,1,bird,0.9935515289870335,1,bird,0.9947122328593411,1,bird,0.21630119082489355,1,bird,0.9626707712925335,shape,shape,shape,shape
shape_bird_texture_car_029,1,bird,2,car,Data/task1_cache/cue_conflicts/candidates/shape_bird_texture_car_029.png,1,bird,0.9887994013609802,1,bird,0.9681708604374126,1,bird,0.14499239725271026,1,bird,0.7290540976655479,shape,shape,shape,shape
shape_car_texture_bird_000,2,car,1,bird,Data/task1_cache/cue_conflicts/candidates/shape_car_texture_bird_000.png,1,bird,0.9759183548050503,2,car,0.5933095195519996,2,car,0.2367144526357254,2,car,0.9719237894364976,texture,shape,shape,shape
shape_car_texture_bird_001,2,car,1,bird,Data/task1_cache/cue_conflicts/candidates/shape_car_texture_bird_001.png,1,bird,0.5329408530052683,2,car,0.9943431304545637,2,car,0.22793290496423096,2,car,0.972544120409837,texture,shape,shape,shape
shape_car_texture_bird_002,2,car,1,bird,Data/task1_cache/cue_conflicts/candidates/shape_car_texture_bird_002.png,4,deer,0.3202323939350302,6,horse,0.49583003404558973,9,truck,0.1217635329212213,9,truck,0.38511170283642465,other,other,other,other
shape_car_texture_bird_003,2,car,1,bird,Data/task1_cache/cue_conflicts/candidates/shape_car_texture_bird_003.png,1,bird,0.6762640240987516,2,car,0.9349748808164348,2,car,0.20167304965996374,2,car,0.9506549165496265,texture,shape,shape,shape
shape_car_texture_bird_004,2,car,1,bird,Data/task1_cache/cue_conflicts/candidates/shape_car_texture_bird_004.png,1,bird,0.3109250012367741,2,car,0.9560669250822956,2,car,0.23430242124158276,2,car,0.9606032617799439,texture,shape,shape,shape
shape_car_texture_bird_005,2,car,1,bird,Data/task1_cache/cue_conflicts/candidates/shape_car_texture_bird_005.png,1,bird,0.9161184515511265,2,car,0.9819916486648584,2,car,0.19011653707716974,2,car,0.8884389353955544,texture,shape,shape,shape
shape_car_texture_bird_006,2,car,1,bird,Data/task1_cache/cue_conflicts/candidates/shape_car_texture_bird_006.png,1,bird,0.5471743710448295,2,car,0.9938608998846327,2,car,0.2190986510648674,2,car,0.8950502757575548,texture,shape,shape,shape
shape_car_texture_bird_007,2,car,1,bird,Data/task1_cache/cue_conflicts/candidates/shape_car_texture_bird_007.png,1,bird,0.6612017058121374,2,car,0.9988149706783647,2,car,0.3064013427457891,2,car,0.9775570868807957,texture,shape,shape,shape
shape_car_texture_bird_008,2,car,1,bird,Data/task1_cache/cue_conflicts/candidates/shape_car_texture_bird_008.png,2,car,0.38589726102446603,2,car,0.7392999498821243,2,car,0.17050748202623872,2,car,0.8453409311873952,shape,shape,shape,shape
shape_car_texture_bird_010,2,car,1,bird,Data/task1_cache/cue_conflicts/candidates/shape_car_texture_bird_010.png,1,bird,0.9771107356136817,2,car,0.9246513025899167,2,car,0.19738723797415078,2,car,0.8789523042495503,texture,shape,shape,shape
shape_car_texture_bird_011,2,car,1,bird,Data/task1_cache/cue_conflicts/candidates/shape_car_texture_bird_011.png,1,bird,0.9762077789441984,2,car,0.2909703817169044,2,car,0.15668921820658055,2,car,0.5149158151552307,texture,shape,shape,shape
shape_car_texture_bird_012,2,car,1,bird,Data/task1_cache/cue_conflicts/candidates/shape_car_texture_bird_012.png,2,car,0.6494119020473705,2,car,0.9984690407547274,2,car,0.226718290875559,2,car,0.9759443381285037,shape,shape,shape,shape
shape_car_texture_bird_013,2,car,1,bird,Data/task1_cache/cue_conflicts/candidates/shape_car_texture_bird_013.png,1,bird,0.7242349504950713,2,car,0.9883439643001802,2,car,0.23500408978913562,2,car,0.9697238750905836,texture,shape,shape,shape
shape_car_texture_bird_014,2,car,1,bird,Data/task1_cache/cue_conflicts/candidates/shape_car_texture_bird_014.png,1,bird,0.9022046824445978,2,car,0.9956838428312377,2,car,0.1943097344747684,2,car,0.9167818007124982,texture,shape,shape,shape
shape_car_texture_bird_015,2,car,1,bird,Data/task1_cache/cue_conflicts/candidates/shape_car_texture_bird_015.png,1,bird,0.9854786398453075,2,car,0.939630347387557,2,car,0.23345201695182738,2,car,0.9717781721933783,texture,shape,shape,shape
shape_car_texture_bird_016,2,car,1,bird,Data/task1_cache/cue_conflicts/candidates/shape_car_texture_bird_016.png,1,bird,0.9053463638556949,2,car,0.9611296168852053,2,car,0.2540953795264088,2,car,0.9700355954116022,texture,shape,shape,shape
shape_car_texture_bird_017,2,car,1,bird,Data/task1_cache/cue_conflicts/candidates/shape_car_texture_bird_017.png,2,car,0.9750445106836666,2,car,0.9999266671481235,2,car,0.2646296836356296,2,car,0.9683178016729117,shape,shape,shape,shape
shape_car_texture_bird_018,2,car,1,bird,Data/task1_cache/cue_conflicts/candidates/shape_car_texture_bird_018.png,1,bird,0.474315185587002,2,car,0.7143255621967037,2,car,0.19488747251791647,2,car,0.9420173961583967,texture,shape,shape,shape
shape_car_texture_bird_019,2,car,1,bird,Data/task1_cache/cue_conflicts/candidates/shape_car_texture_bird_019.png,2,car,0.8807837657017848,2,car,0.9828636082382896,2,car,0.27409239609751557,2,car,0.9521418715661546,shape,shape,shape,shape
shape_car_texture_bird_020,2,car,1,bird,Data/task1_cache/cue_conflicts/candidates/shape_car_texture_bird_020.png,2,car,0.965245517053447,2,car,0.9974899641113854,2,car,0.2978476233816425,2,car,0.9662622738987978,shape,shape,shape,shape
shape_car_texture_bird_021,2,car,1,bird,Data/task1_cache/cue_conflicts/candidates/shape_car_texture_bird_021.png,2,car,0.8985060351497085,2,car,0.9954323150113826,2,car,0.2243460750443598,2,car,0.93375400554242,shape,shape,shape,shape
shape_car_texture_bird_022,2,car,1,bird,Data/task1_cache/cue_conflicts/candidates/shape_car_texture_bird_022.png,1,bird,0.6456393083142877,2,car,0.3744863765776143,9,truck,0.10888268845594244,2,car,0.23235073019764835,texture,shape,other,shape
shape_car_texture_bird_023,2,car,1,bird,Data/task1_cache/cue_conflicts/candidates/shape_car_texture_bird_023.png,1,bird,0.3087101421410915,2,car,0.9925623791660637,2,car,0.24984379602942577,2,car,0.9710487823367077,texture,shape,shape,shape
shape_car_texture_bird_024,2,car,1,bird,Data/task1_cache/cue_conflicts/candidates/shape_car_texture_bird_024.png,2,car,0.7897922509657272,2,car,0.9991250559945986,2,car,0.2586213011718721,2,car,0.9594565622990386,shape,shape,shape,shape
shape_car_texture_bird_025,2,car,1,bird,Data/task1_cache/cue_conflicts/candidates/shape_car_texture_bird_025.png,1,bird,0.9902176109143725,2,car,0.22498978282108487,9,truck,0.1275663124422446,9,truck,0.19828714772066686,texture,shape,other,other
shape_car_texture_bird_026,2,car,1,bird,Data/task1_cache/cue_conflicts/candidates/shape_car_texture_bird_026.png,6,horse,0.36028810434461384,2,car,0.9967720353409005,2,car,0.22437967159692385,2,car,0.9740424016068814,other,shape,shape,shape
shape_car_texture_bird_027,2,car,1,bird,Data/task1_cache/cue_conflicts/candidates/shape_car_texture_bird_027.png,2,car,0.41505587650989284,2,car,0.8856815341956132,2,car,0.20493681040181555,2,car,0.9352784244159005,shape,shape,shape,shape
shape_car_texture_bird_029,2,car,1,bird,Data/task1_cache/cue_conflicts/candidates/shape_car_texture_bird_029.png,2,car,0.7153958746980413,2,car,0.9497307520757525,2,car,0.19096961681068328,2,car,0.8471231151403861,shape,shape,shape,shape
shape_deer_texture_ship_000,4,deer,8,ship,Data/task1_cache/cue_conflicts/candidates/shape_deer_texture_ship_000.png,8,ship,0.8668960096530078,1,bird,0.4460934692636769,3,cat,0.10982046894602907,6,horse,0.39697369639109253,texture,other,other,other
shape_deer_texture_ship_001,4,deer,8,ship,Data/task1_cache/cue_conflicts/candidates/shape_deer_texture_ship_001.png,4,deer,0.7252043065189231,4,deer,0.5926147519272492,4,deer,0.1349146233069863,4,deer,0.3695816674975175,shape,shape,shape,shape
shape_deer_texture_ship_002,4,deer,8,ship,Data/task1_cache/cue_conflicts/candidates/shape_deer_texture_ship_002.png,4,deer,0.9323895270725818,4,deer,0.9971785109321192,4,deer,0.3506809145379642,4,deer,0.9976993572572814,shape,shape,shape,shape
shape_deer_texture_ship_003,4,deer,8,ship,Data/task1_cache/cue_conflicts/candidates/shape_deer_texture_ship_003.png,8,ship,0.781675845464879,4,deer,0.6144376613562184,4,deer,0.2656006033066586,4,deer,0.9798118623890182,texture,shape,shape,shape
shape_deer_texture_ship_004,4,deer,8,ship,Data/task1_cache/cue_conflicts/candidates/shape_deer_texture_ship_004.png,4,deer,0.9664514016527791,4,deer,0.8373795488683404,4,deer,0.23978339514690855,4,deer,0.9966493202863077,shape,shape,shape,shape
shape_deer_texture_ship_005,4,deer,8,ship,Data/task1_cache/cue_conflicts/candidates/shape_deer_texture_ship_005.png,8,ship,0.48350142480813196,0,airplane,0.8296432596965867,0,airplane,0.14099386333150993,8,ship,0.2751052580065704,texture,other,other,texture
shape_deer_texture_ship_007,4,deer,8,ship,Data/task1_cache/cue_conflicts/candidates/shape_deer_texture_ship_007.png,4,deer,0.9403005441506728,4,deer,0.9967918100152665,4,deer,0.33844013707747894,4,deer,0.9979176893699493,shape,shape,shape,shape
shape_deer_texture_ship_008,4,deer,8,ship,Data/task1_cache/cue_conflicts/candidates/shape_deer_texture_ship_008.png,1,bird,0.981137605378025,1,bird,0.5229893154139836,4,deer,0.38503928719635966,4,deer,0.9976724471622436,other,other,shape,shape
shape_deer_texture_ship_009,4,deer,8,ship,Data/task1_cache/cue_conflicts/candidates/shape_deer_texture_ship_009.png,8,ship,0.8513434909903086,9,truck,0.35689910851678935,4,deer,0.16952624650486664,4,deer,0.9626381377848311,texture,other,shape,shape
shape_deer_texture_ship_011,4,deer,8,ship,Data/task1_cache/cue_conflicts/candidates/shape_deer_texture_ship_011.png,4,deer,0.27936610052822064,0,airplane,0.36184888900363893,3,cat,0.1151170613685351,2,car,0.20880206707737692,shape,other,other,other
shape_deer_texture_ship_012,4,deer,8,ship,Data/task1_cache/cue_conflicts/candidates/shape_deer_texture_ship_012.png,4,deer,0.921555488355715,4,deer,0.861162075704083,4,deer,0.304643963307345,4,deer,0.9886613427773984,shape,shape,shape,shape
shape_deer_texture_ship_013,4,deer,8,ship,Data/task1_cache/cue_conflicts/candidates/shape_deer_texture_ship_013.png,4,deer,0.8520477029691883,4,deer,0.992298763615364,4,deer,0.3139015720748948,4,deer,0.9931867067366018,shape,shape,shape,shape
shape_deer_texture_ship_014,4,deer,8,ship,Data/task1_cache/cue_conflicts/candidates/shape_deer_texture_ship_014.png,0,airplane,0.7612612832100929,0,airplane,0.8374732450626586,4,deer,0.11987004538187603,4,deer,0.5767140993421296,other,other,shape,shape
shape_deer_texture_ship_015,4,deer,8,ship,Data/task1_cache/cue_conflicts/candidates/shape_deer_texture_ship_015.png,4,deer,0.5179702448562098,4,deer,0.971466957961013,4,deer,0.2092170670023294,4,deer,0.9216764338396152,shape,shape,shape,shape
shape_deer_texture_ship_016,4,deer,8,ship,Data/task1_cache/cue_conflicts/candidates/shape_deer_texture_ship_016.png,6,horse,0.3983078486027517,0,airplane,0.8987029157443513,4,deer,0.11920273632034135,4,deer,0.3529587138023568,other,other,shape,shape
shape_deer_texture_ship_017,4,deer,8,ship,Data/task1_cache/cue_conflicts/candidates/shape_deer_texture_ship_017.png,8,ship,0.941060346853268,8,ship,0.46949414305487425,3,cat,0.12513276549343672,3,cat,0.2446197370262415,texture,texture,other,other
shape_deer_texture_ship_018,4,deer,8,ship,Data/task1_cache/cue_conflicts/candidates/shape_deer_texture_ship_018.png,4,deer,0.643543536115988,0,airplane,0.5936968347363787,4,deer,0.19102411012144688,4,deer,0.9766487202360735,shape,other,shape,shape
shape_deer_texture_ship_019,4,deer,8,ship,Data/task1_cache/cue_conflicts/candidates/shape_deer_texture_ship_019.png,6,horse,0.7174800076158798,4,deer,0.7127003737574781,4,deer,0.21649779187626506,4,deer,0.9895310445936863,other,shape,shape,shape
shape_deer_texture_ship_020,4,deer,8,ship,Data/task1_cache/cue_conflicts/candidates/shape_deer_texture_ship_020.png,8,ship,0.5555947597993326,4,deer,0.3871399281971921,3,cat,0.15614832668689976,4,deer,0.9018110808898973,texture,shape,other,shape
shape_deer_texture_ship_021,4,deer,8,ship,Data/task1_cache/cue_conflicts/candidates/shape_deer_texture_ship_021.png,4,deer,0.9264926796514317,4,deer,0.884655305642748,4,deer,0.3383728597022766,4,deer,0.9993458160974689,shape,shape,shape,shape
shape_deer_texture_ship_022,4,deer,8,ship,Data/task1_cache/cue_conflicts/candidates/shape_deer_texture_ship_022.png,9,truck,0.5426788506188515,4,deer,0.3554030123950657,3,cat,0.11387176041915,4,deer,0.722435122392472,other,shape,other,shape
shape_deer_texture_ship_023,4,deer,8,ship,Data/task1_cache/cue_conflicts/candidates/shape_deer_texture_ship_023.png,8,ship,0.8413906292834027,4,deer,0.9250919941093728,4,deer,0.20694025583256978,4,deer,0.9374939446356211,texture,shape,shape,shape
shape_deer_texture_ship_024,4,deer,8,ship,Data/task1_cache/cue_conflicts/candidates/shape_deer_texture_ship_024.png,8,ship,0.7868522471176851,0,airplane,0.9537690069230875,0,airplane,0.14892816653199878,0,airplane,0.30228309548969884,texture,other,other,other
shape_deer_texture_ship_026,4,deer,8,ship,Data/task1_cache/cue_conflicts/candidates/shape_deer_texture_ship_026.png,1,bird,0.5779391100609073,0,airplane,0.627951638703529,5,dog,0.15487131654408753,4,deer,0.6286158063688444,other,other,other,shape
shape_deer_texture_ship_027,4,deer,8,ship,Data/task1_cache/cue_conflicts/candidates/shape_deer_texture_ship_027.png,3,cat,0.5291200741787209,3,cat,0.6939766131703521,3,cat,0.14282060504812616,4,deer,0.31102773552916135,other,other,other,shape
shape_deer_texture_ship_029,4,deer,8,ship,Data/task1_cache/cue_conflicts/candidates/shape_deer_texture_ship_029.png,8,ship,0.9163219786307151,0,airplane,0.2860756859830991,9,truck,0.13262507502740042,2,car,0.4960776055072718,texture,other,other,other
shape_ship_texture_deer_000,8,ship,4,deer,Data/task1_cache/cue_conflicts/candidates/shape_ship_texture_deer_000.png,4,deer,0.518768038878617,8,ship,0.9793891438404286,9,truck,0.12560933484652576,8,ship,0.4812086742323898,texture,shape,other,shape
shape_ship_texture_deer_001,8,ship,4,deer,Data/task1_cache/cue_conflicts/candidates/shape_ship_texture_deer_001.png,8,ship,0.9724781234066817,8,ship,0.9840081563008348,9,truck,0.13016789804944315,8,ship,0.6386210137777414,shape,shape,other,shape
shape_ship_texture_deer_003,8,ship,4,deer,Data/task1_cache/cue_conflicts/candidates/shape_ship_texture_deer_003.png,6,horse,0.5897265162853488,8,ship,0.43066601740436283,9,truck,0.1637223471036837,9,truck,0.5599191919518881,other,shape,other,other
shape_ship_texture_deer_004,8,ship,4,deer,Data/task1_cache/cue_conflicts/candidates/shape_ship_texture_deer_004.png,8,ship,0.7254309288761945,8,ship,0.30279042197150835,9,truck,0.12178596441774399,8,ship,0.3244733009961946,shape,shape,other,shape
shape_ship_texture_deer_005,8,ship,4,deer,Data/task1_cache/cue_conflicts/candidates/shape_ship_texture_deer_005.png,8,ship,0.992917855776888,8,ship,0.9996834834159952,8,ship,0.2910130017667228,8,ship,0.9962273215773055,shape,shape,shape,shape
shape_ship_texture_deer_006,8,ship,4,deer,Data/task1_cache/cue_conflicts/candidates/shape_ship_texture_deer_006.png,8,ship,0.9828390959968133,8,ship,0.927125633920599,9,truck,0.12226850174051031,8,ship,0.6608753543624123,shape,shape,other,shape
shape_ship_texture_deer_007,8,ship,4,deer,Data/task1_cache/cue_conflicts/candidates/shape_ship_texture_deer_007.png,3,cat,0.4106551868003473,0,airplane,0.3462233198609853,0,airplane,0.12294604332262782,8,ship,0.5326161889598492,other,other,other,shape
shape_ship_texture_deer_008,8,ship,4,deer,Data/task1_cache/cue_conflicts/candidates/shape_ship_texture_deer_008.png,8,ship,0.7192069254135433,8,ship,0.992732417510657,8,ship,0.20128886164768872,8,ship,0.9938679664460166,shape,shape,shape,shape
shape_ship_texture_deer_009,8,ship,4,deer,Data/task1_cache/cue_conflicts/candidates/shape_ship_texture_deer_009.png,8,ship,0.3716688797594873,8,ship,0.9079207843035318,8,ship,0.24817123511652278,8,ship,0.9986801005721729,shape,shape,shape,shape
shape_ship_texture_deer_010,8,ship,4,deer,Data/task1_cache/cue_conflicts/candidates/shape_ship_texture_deer_010.png,8,ship,0.9494309317669556,8,ship,0.9992810986867713,8,ship,0.24524549095686834,8,ship,0.988882393462381,shape,shape,shape,shape
shape_ship_texture_deer_011,8,ship,4,deer,Data/task1_cache/cue_conflicts/candidates/shape_ship_texture_deer_011.png,8,ship,0.4856316068624155,4,deer,0.27569999164188663,8,ship,0.16877512077784265,8,ship,0.9641725210506589,shape,texture,shape,shape
shape_ship_texture_deer_013,8,ship,4,deer,Data/task1_cache/cue_conflicts/candidates/shape_ship_texture_deer_013.png,1,bird,0.5777626872678245,4,deer,0.28779080582512623,6,horse,0.11371632348680889,8,ship,0.28554721518119763,other,texture,other,shape
shape_ship_texture_deer_014,8,ship,4,deer,Data/task1_cache/cue_conflicts/candidates/shape_ship_texture_deer_014.png,4,deer,0.5858949930709131,8,ship,0.9883829055293688,8,ship,0.174351003704329,8,ship,0.9767291091639967,texture,shape,shape,shape
shape_ship_texture_deer_016,8,ship,4,deer,Data/task1_cache/cue_conflicts/candidates/shape_ship_texture_deer_016.png,4,deer,0.7264823308134647,0,airplane,0.39818809012295264,6,horse,0.1392590639388484,6,horse,0.47916012455321993,texture,other,other,other
shape_ship_texture_deer_017,8,ship,4,deer,Data/task1_cache/cue_conflicts/candidates/shape_ship_texture_deer_017.png,8,ship,0.9418452792762629,8,ship,0.3984586992355183,9,truck,0.1256293455675849,8,ship,0.6307704423131046,shape,shape,other,shape
shape_ship_texture_deer_018,8,ship,4,deer,Data/task1_cache/cue_conflicts/candidates/shape_ship_texture_deer_018.png,8,ship,0.8820512143822474,8,ship,0.9637837635369096,3,cat,0.11314419974479943,8,ship,0.7124456383050046,shape,shape,other,shape
shape_ship_texture_deer_019,8,ship,4,deer,Data/task1_cache/cue_conflicts/candidates/shape_ship_texture_deer_019.png,8,ship,0.9168806776447904,8,ship,0.933359169369116,8,ship,0.22331476900362238,8,ship,0.9885570175809132,shape,shape,shape,shape
shape_ship_texture_deer_020,8,ship,4,deer,Data/task1_cache/cue_conflicts/candidates/shape_ship_texture_deer_020.png,8,ship,0.8480886213752824,1,bird,0.4962360738779522,8,ship,0.15446267525080426,8,ship,0.9490878073364958,shape,other,shape,shape
shape_ship_texture_deer_021,8,ship,4,deer,Data/task1_cache/cue_conflicts/candidates/shape_ship_texture_deer_021.png,8,ship,0.9194315054612233,8,ship,0.9763337367286113,8,ship,0.2325266248064408,8,ship,0.98548257270171,shape,shape,shape,shape
shape_ship_texture_deer_023,8,ship,4,deer,Data/task1_cache/cue_conflicts/candidates/shape_ship_texture_deer_023.png,4,deer,0.5496000946483106,8,ship,0.7726243968832545,0,airplane,0.1241855341465251,8,ship,0.7100939589232951,texture,shape,other,shape
shape_ship_texture_deer_026,8,ship,4,deer,Data/task1_cache/cue_conflicts/candidates/shape_ship_texture_deer_026.png,8,ship,0.448540533142295,8,ship,0.7884992722966935,8,ship,0.23936207298743126,8,ship,0.9874607873885282,shape,shape,shape,shape
shape_ship_texture_deer_027,8,ship,4,deer,Data/task1_cache/cue_conflicts/candidates/shape_ship_texture_deer_027.png,1,bird,0.8832672645139835,1,bird,0.7664249174944732,8,ship,0.1377546972637698,8,ship,0.8955099372961068,other,other,shape,shape
shape_ship_texture_deer_028,8,ship,4,deer,Data/task1_cache/cue_conflicts/candidates/shape_ship_texture_deer_028.png,8,ship,0.8714502449105959,8,ship,0.9644457736543649,8,ship,0.15820179266338993,8,ship,0.9236018337098817,shape,shape,shape,shape
shape_ship_texture_deer_029,8,ship,4,deer,Data/task1_cache/cue_conflicts/candidates/shape_ship_texture_deer_029.png,0,airplane,0.6219729899035407,0,airplane,0.926083664372434,8,ship,0.17311831287685553,8,ship,0.9682400254785212,other,other,shape,shape
shape_dog_texture_truck_000,5,dog,9,truck,Data/task1_cache/cue_conflicts/candidates/shape_dog_texture_truck_000.png,6,horse,0.5041885414245822,5,dog,0.8094877852789786,5,dog,0.2861284744750267,5,dog,0.9117525223495333,other,shape,shape,shape
shape_dog_texture_truck_001,5,dog,9,truck,Data/task1_cache/cue_conflicts/candidates/shape_dog_texture_truck_001.png,5,dog,0.39929789980244335,5,dog,0.9920049791110359,5,dog,0.20337164525558793,5,dog,0.7594355149447236,shape,shape,shape,shape
shape_dog_texture_truck_003,5,dog,9,truck,Data/task1_cache/cue_conflicts/candidates/shape_dog_texture_truck_003.png,2,car,0.6344161625204527,3,cat,0.29271152397063394,9,truck,0.12260086911507857,9,truck,0.30847706157839944,other,other,texture,texture
shape_dog_texture_truck_004,5,dog,9,truck,Data/task1_cache/cue_conflicts/candidates/shape_dog_texture_truck_004.png,0,airplane,0.3448541949299045,0,airplane,0.841964376652678,3,cat,0.12444430918448615,5,dog,0.22868963651978774,other,other,other,shape
shape_dog_texture_truck_006,5,dog,9,truck,Data/task1_cache/cue_conflicts/candidates/shape_dog_texture_truck_006.png,6,horse,0.6140339039923131,1,bird,0.2105532884525132,5,dog,0.24167034050224012,5,dog,0.9378569836727977,other,other,shape,shape
shape_dog_texture_truck_007,5,dog,9,truck,Data/task1_cache/cue_conflicts/candidates/shape_dog_texture_truck_007.png,9,truck,0.6328883814179344,2,car,0.7496877445090975,9,truck,0.14531119692904026,2,car,0.4177542062350254,texture,other,texture,other
shape_dog_texture_truck_008,5,dog,9,truck,Data/task1_cache/cue_conflicts/candidates/shape_dog_texture_truck_008.png,9,truck,0.7411926420168763,0,airplane,0.7854968056463095,9,truck,0.1303202566010872,6,horse,0.3588464349853,texture,other,texture,other
shape_dog_texture_truck_009,5,dog,9,truck,Data/task1_cache/cue_conflicts/candidates/shape_dog_texture_truck_009.png,9,truck,0.4978157226585014,5,dog,0.8769989829333177,5,dog,0.18764773437814766,5,dog,0.9064305106542025,texture,shape,shape,shape
shape_dog_texture_truck_010,5,dog,9,truck,Data/task1_cache/cue_conflicts/candidates/shape_dog_texture_truck_010.png,5,dog,0.8757057299542974,5,dog,0.7714511033388372,7,monkey,0.1809892003760329,1,bird,0.4818336696089604,shape,shape,other,other
shape_dog_texture_truck_011,5,dog,9,truck,Data/task1_cache/cue_conflicts/candidates/shape_dog_texture_truck_011.png,4,deer,0.8579517800773911,4,deer,0.6176977505873674,4,deer,0.12615329596980587,4,deer,0.6423300120942976,other,other,other,other
shape_dog_texture_truck_012,5,dog,9,truck,Data/task1_cache/cue_conflicts/candidates/shape_dog_texture_truck_012.png,9,truck,0.9579317178257398,3,cat,0.4326236317270426,3,cat,0.12826587032953807,5,dog,0.306174630398663,texture,other,other,shape
shape_dog_texture_truck_013,5,dog,9,truck,Data/task1_cache/cue_conflicts/candidates/shape_dog_texture_truck_013.png,5,dog,0.9565034528194003,5,dog,0.9193858650978198,5,dog,0.28333263984209545,5,dog,0.9548064600125549,shape,shape,shape,shape
shape_dog_texture_truck_014,5,dog,9,truck,Data/task1_cache/cue_conflicts/candidates/shape_dog_texture_truck_014.png,6,horse,0.6157655038157863,4,deer,0.45472260950229654,7,monkey,0.1689385060812704,4,deer,0.7027150434309519,other,other,other,other
shape_dog_texture_truck_015,5,dog,9,truck,Data/task1_cache/cue_conflicts/candidates/shape_dog_texture_truck_015.png,8,ship,0.9829513572626267,8,ship,0.837463133303314,6,horse,0.21709230065127252,6,horse,0.976728650451467,other,other,other,other
shape_dog_texture_truck_016,5,dog,9,truck,Data/task1_cache/cue_conflicts/candidates/shape_dog_texture_truck_016.png,8,ship,0.7409607396161915,0,airplane,0.6482159195143333,7,monkey,0.18415046586367673,7,monkey,0.9164945642402365,other,other,other,other
shape_dog_texture_truck_017,5,dog,9,truck,Data/task1_cache/cue_conflicts/candidates/shape_dog_texture_truck_017.png,5,dog,0.850062958034985,5,dog,0.8861490057248161,5,dog,0.28711282410355743,5,dog,0.9665848496050979,shape,shape,shape,shape
shape_dog_texture_truck_019,5,dog,9,truck,Data/task1_cache/cue_conflicts/candidates/shape_dog_texture_truck_019.png,6,horse,0.9511775938006862,5,dog,0.700590050785033,3,cat,0.18902888669795476,3,cat,0.3648253361795629,other,shape,other,other
shape_dog_texture_truck_020,5,dog,9,truck,Data/task1_cache/cue_conflicts/candidates/shape_dog_texture_truck_020.png,5,dog,0.8232403365747567,5,dog,0.9356086541052803,5,dog,0.20163468237618162,5,dog,0.766989235531234,shape,shape,shape,shape
shape_dog_texture_truck_021,5,dog,9,truck,Data/task1_cache/cue_conflicts/candidates/shape_dog_texture_truck_021.png,0,airplane,0.5420003062341351,2,car,0.28931425462172466,9,truck,0.11415622905085784,9,truck,0.1585716245740634,other,other,texture,texture
shape_dog_texture_truck_022,5,dog,9,truck,Data/task1_cache/cue_conflicts/candidates/shape_dog_texture_truck_022.png,6,horse,0.7996314905676896,5,dog,0.6719377485315864,6,horse,0.1372047797719765,6,horse,0.6972796572217773,other,shape,other,other
shape_dog_texture_truck_023,5,dog,9,truck,Data/task1_cache/cue_conflicts/candidates/shape_dog_texture_truck_023.png,9,truck,0.5518250458090812,9,truck,0.7519968963379876,9,truck,0.12458246053783767,2,car,0.3131827660949339,texture,texture,texture,other
shape_dog_texture_truck_024,5,dog,9,truck,Data/task1_cache/cue_conflicts/candidates/shape_dog_texture_truck_024.png,6,horse,0.42014918648798416,8,ship,0.2395291467692024,3,cat,0.11773624976238899,2,car,0.21809189578403235,other,other,other,other
shape_dog_texture_truck_025,5,dog,9,truck,Data/task1_cache/cue_conflicts/candidates/shape_dog_texture_truck_025.png,9,truck,0.3307579170590608,6,horse,0.35051113424165187,1,bird,0.16044030944555307,1,bird,0.7453450269367253,texture,other,other,other
shape_dog_texture_truck_027,5,dog,9,truck,Data/task1_cache/cue_conflicts/candidates/shape_dog_texture_truck_027.png,5,dog,0.5476871756899148,5,dog,0.3725583778133899,6,horse,0.13577753208425145,6,horse,0.5062712639756834,shape,shape,other,other
shape_dog_texture_truck_028,5,dog,9,truck,Data/task1_cache/cue_conflicts/candidates/shape_dog_texture_truck_028.png,6,horse,0.5673969615342813,6,horse,0.5344633588330202,4,deer,0.20021085479546885,4,deer,0.9088019661828547,other,other,other,other
shape_dog_texture_truck_029,5,dog,9,truck,Data/task1_cache/cue_conflicts/candidates/shape_dog_texture_truck_029.png,6,horse,0.881471942010207,7,monkey,0.26014885929004894,5,dog,0.18644418796628176,5,dog,0.6005471914928305,other,other,shape,shape
shape_truck_texture_dog_000,9,truck,5,dog,Data/task1_cache/cue_conflicts/candidates/shape_truck_texture_dog_000.png,9,truck,0.6130528122352324,9,truck,0.9784902336853942,9,truck,0.14866089366731983,9,truck,0.3363711863206123,shape,shape,shape,shape
shape_truck_texture_dog_001,9,truck,5,dog,Data/task1_cache/cue_conflicts/candidates/shape_truck_texture_dog_001.png,1,bird,0.9763026399712141,9,truck,0.830803340383034,9,truck,0.26786052903115876,9,truck,0.9793462733367632,other,shape,shape,shape
shape_truck_texture_dog_004,9,truck,5,dog,Data/task1_cache/cue_conflicts/candidates/shape_truck_texture_dog_004.png,1,bird,0.5407200714586216,9,truck,0.2991816147694441,1,bird,0.13692725223351393,4,deer,0.4995198351191172,other,shape,other,other
shape_truck_texture_dog_006,9,truck,5,dog,Data/task1_cache/cue_conflicts/candidates/shape_truck_texture_dog_006.png,6,horse,0.649284389954826,9,truck,0.5458551606023121,9,truck,0.14620004157235386,9,truck,0.6579667575677377,other,shape,shape,shape
shape_truck_texture_dog_007,9,truck,5,dog,Data/task1_cache/cue_conflicts/candidates/shape_truck_texture_dog_007.png,9,truck,0.7534388255696485,9,truck,0.9135029140407606,9,truck,0.2904242267481181,9,truck,0.9827101923598345,shape,shape,shape,shape
shape_truck_texture_dog_008,9,truck,5,dog,Data/task1_cache/cue_conflicts/candidates/shape_truck_texture_dog_008.png,9,truck,0.9738758794718548,9,truck,0.9939453073605153,9,truck,0.3061599837957883,9,truck,0.9821719554427798,shape,shape,shape,shape
shape_truck_texture_dog_009,9,truck,5,dog,Data/task1_cache/cue_conflicts/candidates/shape_truck_texture_dog_009.png,1,bird,0.48779311156661864,2,car,0.43748701021559605,9,truck,0.14208715915820605,9,truck,0.28122959432617034,other,other,shape,shape
shape_truck_texture_dog_010,9,truck,5,dog,Data/task1_cache/cue_conflicts/candidates/shape_truck_texture_dog_010.png,1,bird,0.654163287945185,9,truck,0.9016242555658275,9,truck,0.2824963577604779,9,truck,0.9828193838964449,other,shape,shape,shape
shape_truck_texture_dog_011,9,truck,5,dog,Data/task1_cache/cue_conflicts/candidates/shape_truck_texture_dog_011.png,4,deer,0.47254809458185737,4,deer,0.43537526452026465,3,cat,0.12998306067830695,5,dog,0.2540629906095493,other,other,other,texture
shape_truck_texture_dog_012,9,truck,5,dog,Data/task1_cache/cue_conflicts/candidates/shape_truck_texture_dog_012.png,9,truck,0.48891210503746946,9,truck,0.9948769690464172,9,truck,0.24710022288566558,9,truck,0.9757597419732112,shape,shape,shape,shape
shape_truck_texture_dog_015,9,truck,5,dog,Data/task1_cache/cue_conflicts/candidates/shape_truck_texture_dog_015.png,8,ship,0.32943193155865236,9,truck,0.5676668552002146,9,truck,0.12698040757582374,8,ship,0.36957967056161756,other,shape,shape,other
shape_truck_texture_dog_017,9,truck,5,dog,Data/task1_cache/cue_conflicts/candidates/shape_truck_texture_dog_017.png,9,truck,0.7897107206067072,9,truck,0.9813292637728888,9,truck,0.24774454052049488,9,truck,0.9724785228691378,shape,shape,shape,shape
shape_truck_texture_dog_018,9,truck,5,dog,Data/task1_cache/cue_conflicts/candidates/shape_truck_texture_dog_018.png,8,ship,0.4935883658622096,4,deer,0.8772516808019244,9,truck,0.12319989908803135,4,deer,0.4912960121845913,other,other,shape,other
shape_truck_texture_dog_019,9,truck,5,dog,Data/task1_cache/cue_conflicts/candidates/shape_truck_texture_dog_019.png,9,truck,0.9713378989785016,9,truck,0.9969774244872476,9,truck,0.25740478286898455,9,truck,0.963858760204388,shape,shape,shape,shape
shape_truck_texture_dog_021,9,truck,5,dog,Data/task1_cache/cue_conflicts/candidates/shape_truck_texture_dog_021.png,6,horse,0.6788356863310866,9,truck,0.5833607173585852,9,truck,0.1628650494868087,9,truck,0.492949252026583,other,shape,shape,shape
shape_truck_texture_dog_022,9,truck,5,dog,Data/task1_cache/cue_conflicts/candidates/shape_truck_texture_dog_022.png,1,bird,0.3201240467619451,9,truck,0.6098657957527938,9,truck,0.19713084488884827,9,truck,0.8468400510175303,other,shape,shape,shape
shape_truck_texture_dog_023,9,truck,5,dog,Data/task1_cache/cue_conflicts/candidates/shape_truck_texture_dog_023.png,9,truck,0.7631238206453832,9,truck,0.9977425401435446,9,truck,0.32132190520998444,9,truck,0.9897324847768564,shape,shape,shape,shape
shape_truck_texture_dog_024,9,truck,5,dog,Data/task1_cache/cue_conflicts/candidates/shape_truck_texture_dog_024.png,9,truck,0.5957763501696705,2,car,0.5585903183368532,9,truck,0.23021790523529198,9,truck,0.8673769655941567,shape,other,shape,shape
shape_truck_texture_dog_025,9,truck,5,dog,Data/task1_cache/cue_conflicts/candidates/shape_truck_texture_dog_025.png,1,bird,0.977386560823412,0,airplane,0.43119703127877645,9,truck,0.14928513115784833,9,truck,0.30559213870535873,other,other,shape,shape
shape_truck_texture_dog_026,9,truck,5,dog,Data/task1_cache/cue_conflicts/candidates/shape_truck_texture_dog_026.png,9,truck,0.9101039363062251,9,truck,0.8112956461944328,9,truck,0.2117244019611459,9,truck,0.943392374805752,shape,shape,shape,shape
shape_truck_texture_dog_027,9,truck,5,dog,Data/task1_cache/cue_conflicts/candidates/shape_truck_texture_dog_027.png,9,truck,0.7298725757819303,9,truck,0.6075738090567713,9,truck,0.19167093634897933,9,truck,0.7890626707981006,shape,shape,shape,shape
shape_truck_texture_dog_028,9,truck,5,dog,Data/task1_cache/cue_conflicts/candidates/shape_truck_texture_dog_028.png,9,truck,0.9013621477106878,9,truck,0.927799358292033,9,truck,0.24198134802122973,9,truck,0.9067152117672573,shape,shape,shape,shape
shape_truck_texture_dog_029,9,truck,5,dog,Data/task1_cache/cue_conflicts/candidates/shape_truck_texture_dog_029.png,1,bird,0.4522046281410827,9,truck,0.5919253853482742,6,horse,0.13619419272759853,6,horse,0.44957478895089525,other,shape,other,other
shape_horse_texture_monkey_000,6,horse,7,monkey,Data/task1_cache/cue_conflicts/candidates/shape_horse_texture_monkey_000.png,7,monkey,0.47388754779194475,6,horse,0.8901407227366461,7,monkey,0.1577737191333728,6,horse,0.7630861564583807,texture,shape,texture,shape
shape_horse_texture_monkey_001,6,horse,7,monkey,Data/task1_cache/cue_conflicts/candidates/shape_horse_texture_monkey_001.png,6,horse,0.9993696128308578,6,horse,0.9997030475694193,6,horse,0.35838392602462193,6,horse,0.9927373625415808,shape,shape,shape,shape
shape_horse_texture_monkey_002,6,horse,7,monkey,Data/task1_cache/cue_conflicts/candidates/shape_horse_texture_monkey_002.png,6,horse,0.989036768304442,6,horse,0.9665643311341254,6,horse,0.3668136013685025,6,horse,0.9892833612571083,shape,shape,shape,shape
shape_horse_texture_monkey_003,6,horse,7,monkey,Data/task1_cache/cue_conflicts/candidates/shape_horse_texture_monkey_003.png,1,bird,0.6674377181334351,1,bird,0.58731412923392,4,deer,0.16358140338903449,4,deer,0.7102779064877944,other,other,other,other
shape_horse_texture_monkey_005,6,horse,7,monkey,Data/task1_cache/cue_conflicts/candidates/shape_horse_texture_monkey_005.png,6,horse,0.9497990199631169,6,horse,0.9693842201102657,6,horse,0.3017803467181682,6,horse,0.9903216989224518,shape,shape,shape,shape
shape_horse_texture_monkey_006,6,horse,7,monkey,Data/task1_cache/cue_conflicts/candidates/shape_horse_texture_monkey_006.png,4,deer,0.8159217334214186,6,horse,0.9923568018369171,6,horse,0.31241752794597666,6,horse,0.9161214330069921,other,shape,shape,shape
shape_horse_texture_monkey_007,6,horse,7,monkey,Data/task1_cache/cue_conflicts/candidates/shape_horse_texture_monkey_007.png,4,deer,0.6173383305708703,6,horse,0.8501288728315068,6,horse,0.3519883778588977,6,horse,0.9956150298536318,other,shape,shape,shape
shape_horse_texture_monkey_008,6,horse,7,monkey,Data/task1_cache/cue_conflicts/candidates/shape_horse_texture_monkey_008.png,6,horse,0.766065990211547,4,deer,0.5249590326721525,6,horse,0.24810571546821805,6,horse,0.836337291182502,shape,other,shape,shape
shape_horse_texture_monkey_009,6,horse,7,monkey,Data/task1_cache/cue_conflicts/candidates/shape_horse_texture_monkey_009.png,4,deer,0.8554845356490494,6,horse,0.9921417127128063,6,horse,0.23140532829588537,6,horse,0.9634105823329795,other,shape,shape,shape
shape_horse_texture_monkey_010,6,horse,7,monkey,Data/task1_cache/cue_conflicts/candidates/shape_horse_texture_monkey_010.png,6,horse,0.6929497433876513,6,horse,0.9990894808750036,6,horse,0.29301473706422776,6,horse,0.9697434958049135,shape,shape,shape,shape
shape_horse_texture_monkey_011,6,horse,7,monkey,Data/task1_cache/cue_conflicts/candidates/shape_horse_texture_monkey_011.png,6,horse,0.8358099539150272,6,horse,0.9715234716430732,6,horse,0.2878469686202205,6,horse,0.9972401007556966,shape,shape,shape,shape
shape_horse_texture_monkey_013,6,horse,7,monkey,Data/task1_cache/cue_conflicts/candidates/shape_horse_texture_monkey_013.png,6,horse,0.9865874290920739,6,horse,0.9999569842700128,6,horse,0.3228336803165652,6,horse,0.9754197199524596,shape,shape,shape,shape
shape_horse_texture_monkey_014,6,horse,7,monkey,Data/task1_cache/cue_conflicts/candidates/shape_horse_texture_monkey_014.png,6,horse,0.7157057003632501,5,dog,0.8877602344561403,6,horse,0.31233093344943413,6,horse,0.9926650387157404,shape,other,shape,shape
shape_horse_texture_monkey_015,6,horse,7,monkey,Data/task1_cache/cue_conflicts/candidates/shape_horse_texture_monkey_015.png,4,deer,0.7367603502814499,6,horse,0.9836768957239728,6,horse,0.17397866189373298,6,horse,0.8689873665456626,other,shape,shape,shape
shape_horse_texture_monkey_016,6,horse,7,monkey,Data/task1_cache/cue_conflicts/candidates/shape_horse_texture_monkey_016.png,6,horse,0.9537103657438939,6,horse,0.9744814590326193,6,horse,0.2551340614390149,6,horse,0.9665334368784593,shape,shape,shape,shape
shape_horse_texture_monkey_017,6,horse,7,monkey,Data/task1_cache/cue_conflicts/candidates/shape_horse_texture_monkey_017.png,6,horse,0.545486872284115,5,dog,0.7807114003692373,6,horse,0.22185112360177217,6,horse,0.9864204694530366,shape,other,shape,shape
shape_horse_texture_monkey_018,6,horse,7,monkey,Data/task1_cache/cue_conflicts/candidates/shape_horse_texture_monkey_018.png,4,deer,0.5994547184608947,6,horse,0.6491851865697992,6,horse,0.33376592500966956,6,horse,0.9937779318880837,other,shape,shape,shape
shape_horse_texture_monkey_019,6,horse,7,monkey,Data/task1_cache/cue_conflicts/candidates/shape_horse_texture_monkey_019.png,6,horse,0.9986062773255853,6,horse,0.9966891449075096,6,horse,0.35862076897923206,6,horse,0.9972417755854727,shape,shape,shape,shape
shape_horse_texture_monkey_020,6,horse,7,monkey,Data/task1_cache/cue_conflicts/candidates/shape_horse_texture_monkey_020.png,6,horse,0.9791730055197316,6,horse,0.9925569808369796,6,horse,0.40329672109216896,6,horse,0.9943614662555427,shape,shape,shape,shape
shape_horse_texture_monkey_021,6,horse,7,monkey,Data/task1_cache/cue_conflicts/candidates/shape_horse_texture_monkey_021.png,4,deer,0.8177133259677626,7,monkey,0.9046838304953067,6,horse,0.28836058531959163,6,horse,0.9949137098913561,other,texture,shape,shape
shape_horse_texture_monkey_022,6,horse,7,monkey,Data/task1_cache/cue_conflicts/candidates/shape_horse_texture_monkey_022.png,6,horse,0.9868105214042409,6,horse,0.9977970266335526,6,horse,0.29197203924252396,6,horse,0.9957348096193679,shape,shape,shape,shape
shape_horse_texture_monkey_023,6,horse,7,monkey,Data/task1_cache/cue_conflicts/candidates/shape_horse_texture_monkey_023.png,4,deer,0.48988270114598226,7,monkey,0.4233267708603488,6,horse,0.13474654845775505,6,horse,0.3188273971451547,other,texture,shape,shape
shape_horse_texture_monkey_024,6,horse,7,monkey,Data/task1_cache/cue_conflicts/candidates/shape_horse_texture_monkey_024.png,6,horse,0.6454398530678438,6,horse,0.9980230746694758,6,horse,0.3600564391371457,6,horse,0.9988633986183845,shape,shape,shape,shape
shape_horse_texture_monkey_025,6,horse,7,monkey,Data/task1_cache/cue_conflicts/candidates/shape_horse_texture_monkey_025.png,6,horse,0.92011672808999,6,horse,0.9983944336166465,6,horse,0.3800068052504784,6,horse,0.9988587083986101,shape,shape,shape,shape
shape_horse_texture_monkey_026,6,horse,7,monkey,Data/task1_cache/cue_conflicts/candidates/shape_horse_texture_monkey_026.png,6,horse,0.8497167340800774,6,horse,0.9185450308308825,6,horse,0.3201699638747986,6,horse,0.9966176018169993,shape,shape,shape,shape
shape_horse_texture_monkey_027,6,horse,7,monkey,Data/task1_cache/cue_conflicts/candidates/shape_horse_texture_monkey_027.png,6,horse,0.8989555506606128,6,horse,0.7950594344729764,6,horse,0.31561117873745076,6,horse,0.9954876083635394,shape,shape,shape,shape
shape_horse_texture_monkey_028,6,horse,7,monkey,Data/task1_cache/cue_conflicts/candidates/shape_horse_texture_monkey_028.png,6,horse,0.8980765683811477,6,horse,0.9969454223990709,6,horse,0.3631187901447726,6,horse,0.9952373347941212,shape,shape,shape,shape
shape_horse_texture_monkey_029,6,horse,7,monkey,Data/task1_cache/cue_conflicts/candidates/shape_horse_texture_monkey_029.png,6,horse,0.9774081304727072,6,horse,0.9982820384739273,6,horse,0.37102786512794406,6,horse,0.9973163984214667,shape,shape,shape,shape
shape_monkey_texture_horse_001,7,monkey,6,horse,Data/task1_cache/cue_conflicts/candidates/shape_monkey_texture_horse_001.png,7,monkey,0.9246377747460214,7,monkey,0.999937762603546,7,monkey,0.3644740578361158,7,monkey,0.999438585918254,shape,shape,shape,shape
shape_monkey_texture_horse_002,7,monkey,6,horse,Data/task1_cache/cue_conflicts/candidates/shape_monkey_texture_horse_002.png,7,monkey,0.9794940874124991,7,monkey,0.9996638607712599,3,cat,0.15554674730183035,7,monkey,0.949932613003648,shape,shape,other,shape
shape_monkey_texture_horse_004,7,monkey,6,horse,Data/task1_cache/cue_conflicts/candidates/shape_monkey_texture_horse_004.png,7,monkey,0.9545299745946939,7,monkey,0.9999475121854169,7,monkey,0.2799207431478068,7,monkey,0.965991736466429,shape,shape,shape,shape
shape_monkey_texture_horse_005,7,monkey,6,horse,Data/task1_cache/cue_conflicts/candidates/shape_monkey_texture_horse_005.png,7,monkey,0.545220630746318,7,monkey,0.9995849557313111,7,monkey,0.2204336525006375,7,monkey,0.7854740273961432,shape,shape,shape,shape
shape_monkey_texture_horse_006,7,monkey,6,horse,Data/task1_cache/cue_conflicts/candidates/shape_monkey_texture_horse_006.png,7,monkey,0.7427117297263379,7,monkey,0.9953412007656107,7,monkey,0.15480499507307513,7,monkey,0.9101290092595299,shape,shape,shape,shape
shape_monkey_texture_horse_008,7,monkey,6,horse,Data/task1_cache/cue_conflicts/candidates/shape_monkey_texture_horse_008.png,7,monkey,0.9147762909088574,7,monkey,0.996280492862519,7,monkey,0.21059691736465602,7,monkey,0.6675092414295999,shape,shape,shape,shape
shape_monkey_texture_horse_009,7,monkey,6,horse,Data/task1_cache/cue_conflicts/candidates/shape_monkey_texture_horse_009.png,7,monkey,0.9221788485588993,7,monkey,0.9984756783869964,7,monkey,0.3331938803483045,7,monkey,0.9917849391750461,shape,shape,shape,shape
shape_monkey_texture_horse_011,7,monkey,6,horse,Data/task1_cache/cue_conflicts/candidates/shape_monkey_texture_horse_011.png,7,monkey,0.9127996495134961,7,monkey,0.9962070078903015,1,bird,0.2835866579002053,1,bird,0.962440746382909,shape,shape,other,other
shape_monkey_texture_horse_013,7,monkey,6,horse,Data/task1_cache/cue_conflicts/candidates/shape_monkey_texture_horse_013.png,7,monkey,0.9693598827026829,7,monkey,0.9996450874374041,7,monkey,0.36395283928499816,7,monkey,0.9959906270192437,shape,shape,shape,shape
shape_monkey_texture_horse_014,7,monkey,6,horse,Data/task1_cache/cue_conflicts/candidates/shape_monkey_texture_horse_014.png,7,monkey,0.987240546709365,7,monkey,0.9998681780495502,7,monkey,0.4091175475494401,7,monkey,0.9993982175440626,shape,shape,shape,shape
shape_monkey_texture_horse_017,7,monkey,6,horse,Data/task1_cache/cue_conflicts/candidates/shape_monkey_texture_horse_017.png,7,monkey,0.9475733203316595,7,monkey,0.999849141351206,7,monkey,0.3381460594434139,7,monkey,0.9973078262723177,shape,shape,shape,shape
shape_monkey_texture_horse_019,7,monkey,6,horse,Data/task1_cache/cue_conflicts/candidates/shape_monkey_texture_horse_019.png,7,monkey,0.9309205985436307,7,monkey,0.999364848181234,7,monkey,0.21987645660657998,7,monkey,0.9772408093717455,shape,shape,shape,shape
shape_monkey_texture_horse_021,7,monkey,6,horse,Data/task1_cache/cue_conflicts/candidates/shape_monkey_texture_horse_021.png,7,monkey,0.9737598090775892,7,monkey,0.9994175316253623,7,monkey,0.23449429686720852,7,monkey,0.7534295525862207,shape,shape,shape,shape
shape_monkey_texture_horse_022,7,monkey,6,horse,Data/task1_cache/cue_conflicts/candidates/shape_monkey_texture_horse_022.png,1,bird,0.6077312763668026,7,monkey,0.99926515411249,7,monkey,0.20059083236793604,7,monkey,0.8940582016295774,other,shape,shape,shape
shape_monkey_texture_horse_023,7,monkey,6,horse,Data/task1_cache/cue_conflicts/candidates/shape_monkey_texture_horse_023.png,7,monkey,0.9504060998213456,7,monkey,0.9996724713132346,7,monkey,0.33879588464873955,7,monkey,0.9528303584306951,shape,shape,shape,shape
shape_monkey_texture_horse_024,7,monkey,6,horse,Data/task1_cache/cue_conflicts/candidates/shape_monkey_texture_horse_024.png,7,monkey,0.6751966971952774,7,monkey,0.9974469319871901,7,monkey,0.24724570875689125,7,monkey,0.9280268097894481,shape,shape,shape,shape
shape_monkey_texture_horse_025,7,monkey,6,horse,Data/task1_cache/cue_conflicts/candidates/shape_monkey_texture_horse_025.png,6,horse,0.38235523233971125,7,monkey,0.6258686932020524,3,cat,0.1681654886197214,7,monkey,0.39006910924738275,texture,shape,other,shape
shape_monkey_texture_horse_026,7,monkey,6,horse,Data/task1_cache/cue_conflicts/candidates/shape_monkey_texture_horse_026.png,7,monkey,0.9839489503719785,7,monkey,0.997494765929223,7,monkey,0.3896681606748833,7,monkey,0.9992875499938323,shape,shape,shape,shape
shape_monkey_texture_horse_027,7,monkey,6,horse,Data/task1_cache/cue_conflicts/candidates/shape_monkey_texture_horse_027.png,7,monkey,0.9834447241630351,7,monkey,0.9997544232789569,7,monkey,0.2704396361116888,7,monkey,0.9572872378434066,shape,shape,shape,shape
shape_monkey_texture_horse_029,7,monkey,6,horse,Data/task1_cache/cue_conflicts/candidates/shape_monkey_texture_horse_029.png,7,monkey,0.9887778425800618,7,monkey,0.9978997341673144,7,monkey,0.16426963848176585,7,monkey,0.6345833658007601,shape,shape,shape,shape
