image_identifier,label_index,class_name,resnet50_linear_prediction_index,resnet50_linear_prediction_class,resnet50_linear_confidence,vit_b_16_linear_prediction_index,vit_b_16_linear_prediction_class,vit_b_16_linear_confidence,clip_linear_prediction_index,clip_linear_prediction_class,clip_linear_confidence,clip_zero_shot_prediction_index,clip_zero_shot_prediction_class,clip_zero_shot_confidence
test_00003,0,airplane,0,airplane,0.9138304708544508,0,airplane,0.994401069696269,0,airplane,0.28559657592524756,0,airplane,0.9153182852429307
test_00029,7,monkey,7,monkey,0.9972191952283682,7,monkey,0.999285831324589,7,monkey,0.38425689504856136,7,monkey,0.9998268414767999
test_00035,2,car,2,car,0.9993631451785637,2,car,0.9991786088267954,2,car,0.2316127869654133,2,car,0.8932858087990739
test_00042,0,airplane,0,airplane,0.5421618599989122,0,airplane,0.9995398692388439,0,airplane,0.3449114370832681,0,airplane,0.9250762052386716
test_00049,2,car,2,car,0.9911070319840029,2,car,0.9991643626948636,2,car,0.3545163034102487,2,car,0.9923576522482052
test_00081,0,airplane,0,airplane,0.9968896225307194,0,airplane,0.9979693978170173,0,airplane,0.2943770576290766,0,airplane,0.8088299751395357
test_00095,1,bird,1,bird,0.9918417705918979,1,bird,0.9994840799576958,1,bird,0.3546472278230702,1,bird,0.998187234681011
test_00097,5,dog,5,dog,0.8911502112150913,5,dog,0.957713145805932,5,dog,0.2666552719002722,5,dog,0.8600723607182932
test_00116,1,bird,1,bird,0.9964853602627196,1,bird,0.9996652666182587,1,bird,0.2669424971997746,1,bird,0.9967099897167648
test_00131,9,truck,9,truck,0.9924023227102674,9,truck,0.9740604230986565,9,truck,0.2934675600654714,9,truck,0.9521587066289512
test_00151,8,ship,8,ship,0.8730354073931075,8,ship,0.9999180364237884,8,ship,0.3414062374166648,8,ship,0.9940999367294832
test_00171,4,deer,4,deer,0.9978840323410134,4,deer,0.9994713909950874,4,deer,0.2730386335612927,4,deer,0.9984742207053368
test_00176,3,cat,3,cat,0.9958488176522812,3,cat,0.9927515329744617,3,cat,0.2567287252786216,3,cat,0.6927026752720277
test_00191,9,truck,9,truck,0.7018824705616938,9,truck,0.7401102728973223,2,car,0.23297655881419774,2,car,0.7101036722801511
test_00194,8,ship,8,ship,0.9918312072040186,8,ship,0.9999969090947753,8,ship,0.38889236663704274,8,ship,0.9938549426525772
test_00198,1,bird,1,bird,0.9602373555345354,1,bird,0.9484030974902259,1,bird,0.2879052739977098,1,bird,0.9968229805069757
test_00239,9,truck,9,truck,0.9842091676869291,9,truck,0.9998708877506979,9,truck,0.3020987293908568,9,truck,0.978128540318133
test_00261,1,bird,1,bird,0.9708249263676524,1,bird,0.9949376121483144,1,bird,0.2617959866221984,1,bird,0.9963614278388722
test_00269,7,monkey,7,monkey,0.9821704682033187,7,monkey,0.9982454147840786,7,monkey,0.34148519629150853,7,monkey,0.9991210059527493
test_00276,9,truck,9,truck,0.9661204530390137,9,truck,0.9966409501613994,9,truck,0.2162376649474751,9,truck,0.7608412372732576
test_00303,9,truck,9,truck,0.9890099605449214,9,truck,0.9981302625655919,9,truck,0.3196250295016914,9,truck,0.9870306750101192
test_00304,1,bird,1,bird,0.9903582579090865,1,bird,0.5168708329332821,1,bird,0.18136186579307934,1,bird,0.9559434860445557
test_00317,2,car,2,car,0.9870870799672855,2,car,0.9997693136560974,2,car,0.34484796418771074,2,car,0.9684477299346743
test_00319,5,dog,5,dog,0.9571330932076679,5,dog,0.9868799423070799,5,dog,0.30904011656870733,5,dog,0.9825461118705191
test_00323,7,monkey,7,monkey,0.979910425481724,7,monkey,0.9999096811982255,7,monkey,0.2702062900674173,7,monkey,0.9883015322050702
test_00365,3,cat,3,cat,0.9907012834662705,3,cat,0.9994687128761662,3,cat,0.26681652281377694,3,cat,0.9412785009579784
test_00370,7,monkey,7,monkey,0.942906840606366,7,monkey,0.9995684959692018,7,monkey,0.31232175813394497,7,monkey,0.9953320109848582
test_00372,3,cat,3,cat,0.7768859266657194,3,cat,0.6367654385794532,3,cat,0.14940766612139908,1,bird,0.4716458642367263
test_00378,5,dog,5,dog,0.9448165697578156,5,dog,0.9703732875390149,5,dog,0.3032311254185862,5,dog,0.9626275353095292
test_00391,3,cat,3,cat,0.981929433942114,3,cat,0.9999189868154776,3,cat,0.2790919982305499,3,cat,0.9568533484233953
test_00409,2,car,2,car,0.9983393337827998,2,car,0.9998610009975495,2,car,0.37495512572383793,2,car,0.9625625585639647
test_00419,9,truck,9,truck,0.9803142726748372,9,truck,0.992474721285486,9,truck,0.3296230484711316,9,truck,0.9790722951266625
test_00449,6,horse,6,horse,0.8230123613527037,6,horse,0.9991272595344087,6,horse,0.2659128585814995,6,horse,0.9927006737019723
test_00470,2,car,2,car,0.9793685305855224,2,car,0.9997858908686137,2,car,0.38903923762644904,2,car,0.9910932444858132
test_00483,2,car,2,car,0.9400709273264063,2,car,0.9941368898179223,2,car,0.3351188278684079,2,car,0.9918911645684945
test_00484,0,airplane,0,airplane,0.9683265010261785,0,airplane,0.9996100936036545,0,airplane,0.3737898961258266,0,airplane,0.9812950073232085
test_00506,4,deer,4,deer,0.9774620639402415,4,deer,0.9935824820966261,4,deer,0.23377560831444108,4,deer,0.9469989859608621
test_00545,6,horse,2,car,0.6747010709340435,6,horse,0.8891544907001335,6,horse,0.17979875136530263,6,horse,0.7548572865100467
test_00562,0,airplane,0,airplane,0.998148667698942,0,airplane,0.9998953878142798,0,airplane,0.2521756429537779,0,airplane,0.5730753351669063
test_00568,5,dog,5,dog,0.9234166708412345,5,dog,0.992902645388937,5,dog,0.2555757053967396,5,dog,0.6159744523937355
test_00603,9,truck,9,truck,0.7115955306084002,9,truck,0.9995696740409011,9,truck,0.29453538537147966,9,truck,0.8578391098432382
test_00632,3,cat,3,cat,0.9822336711919855,3,cat,0.9998997839028791,3,cat,0.34360784952324563,3,cat,0.9832059680320429
test_00645,5,dog,5,dog,0.9825551309833747,5,dog,0.8941217005747596,5,dog,0.28421691042868774,5,dog,0.9283434913949609
test_00667,8,ship,8,ship,0.9840029014063811,8,ship,0.9994704108186201,8,ship,0.3820854497597123,8,ship,0.9980369553750332
test_00672,3,cat,3,cat,0.998468395905327,3,cat,0.9999729348831233,3,cat,0.19633609362857735,3,cat,0.44285497664310025
test_00677,3,cat,3,cat,0.9540704757507942,3,cat,0.9982023967311701,3,cat,0.2701035838449445,3,cat,0.9762680132699094
test_00685,5,dog,5,dog,0.9901059092992649,5,dog,0.9943182511559165,5,dog,0.2737747832956749,5,dog,0.9479544813619473
test_00691,4,deer,4,deer,0.9717154723150283,4,deer,0.9999434351409424,4,deer,0.2968803361128064,4,deer,0.9973684990460027
test_00706,8,ship,8,ship,0.9939399575973802,8,ship,0.9999553152691166,8,ship,0.3528193921122846,8,ship,0.999324220752375
test_00714,2,car,2,car,0.9839771732922169,2,car,0.9242344334079381,2,car,0.2232785556897528,2,car,0.917223828338164
test_00716,8,ship,8,ship,0.7702554707036067,8,ship,0.9940662669944864,8,ship,0.3861079145245217,8,ship,0.9633145161256764
test_00738,3,cat,3,cat,0.9590952961421056,5,dog,0.26009679569961197,3,cat,0.2416446939555825,3,cat,0.9744054350868199
test_00739,8,ship,8,ship,0.970659708506489,8,ship,0.9967816388592822,8,ship,0.2877924916737252,8,ship,0.9842535514508225
test_00766,4,deer,6,horse,0.5855228762516403,5,dog,0.6111584665130113,6,horse,0.1875103422017935,4,deer,0.7713641638737663
test_00791,3,cat,3,cat,0.975692627655535,3,cat,0.9987202679450826,3,cat,0.3058260284373913,3,cat,0.9843081873648414
test_00805,9,truck,9,truck,0.9951255198763935,9,truck,0.9967383693478306,9,truck,0.282832796007608,9,truck,0.9763776077829622
test_00825,1,bird,1,bird,0.9997608103309472,1,bird,0.9939751529709436,1,bird,0.2790742109742871,1,bird,0.994610031120861
test_00852,9,truck,9,truck,0.9916502619956837,9,truck,0.9998562815869543,9,truck,0.3511610314844329,9,truck,0.9940729911021363
test_00855,4,deer,4,deer,0.953438779887201,4,deer,0.9983398708716472,4,deer,0.3744657123394835,4,deer,0.9973850464975513
test_00873,6,horse,6,horse,0.9091369854030742,6,horse,0.9992221026318,6,horse,0.22822427019513988,6,horse,0.9536026231668602
test_00890,6,horse,6,horse,0.8796798414438133,6,horse,0.9848552207398156,6,horse,0.3124135085078747,6,horse,0.9969610183006069
test_00920,6,horse,6,horse,0.9222242638885639,6,horse,0.9980600580397916,6,horse,0.3020565953409015,6,horse,0.9965772100538662
test_00929,6,horse,6,horse,0.49913307725435185,6,horse,0.9100967252342653,6,horse,0.3251447118466286,6,horse,0.996153359610011
test_00962,8,ship,8,ship,0.9779290450430759,8,ship,0.9988263437221799,8,ship,0.20464265982530616,8,ship,0.9469352420712529
test_00964,6,horse,6,horse,0.9873176189423766,6,horse,0.9737560112854039,6,horse,0.22791749286167096,6,horse,0.9745128146460966
test_00977,6,horse,6,horse,0.9983319447354293,6,horse,0.9989938163050786,6,horse,0.34237190764718367,6,horse,0.9975058003529369
test_00979,3,cat,3,cat,0.9997944275180034,3,cat,0.9918534205690764,3,cat,0.27302085051334596,3,cat,0.9795348681462793
test_00981,2,car,2,car,0.9828584082227856,2,car,0.9995213706060841,2,car,0.3232193591429752,2,car,0.987478208447557
test_01022,9,truck,9,truck,0.9897133094647249,9,truck,0.8851245752423083,9,truck,0.2245928372438536,9,truck,0.7508525875999352
test_01032,7,monkey,7,monkey,0.9773729885075031,7,monkey,0.9934443397129276,7,monkey,0.1568077700677422,7,monkey,0.4599800717764237
test_01048,7,monkey,7,monkey,0.954208032430604,7,monkey,0.9952143216821477,7,monkey,0.32652352784143973,7,monkey,0.9984074452926123
test_01090,1,bird,1,bird,0.9834399535131081,1,bird,0.9973173400075713,1,bird,0.26765658608107773,1,bird,0.9945651064282035
test_01095,5,dog,5,dog,0.9845661941389344,5,dog,0.9373943188937811,5,dog,0.3027299750488871,5,dog,0.9727470826763499
test_01109,1,bird,1,bird,0.974501162567606,1,bird,0.9828911171062111,1,bird,0.24715989096648416,1,bird,0.9907206365259814
test_01111,4,deer,4,deer,0.9243248446895928,6,horse,0.5201698130582745,4,deer,0.35790048945789,4,deer,0.9881585835016858
test_01115,1,bird,1,bird,0.9738268996633954,5,dog,0.2689792518995014,1,bird,0.19663369306465603,1,bird,0.9446557514228844
test_01124,4,deer,4,deer,0.9856466320366503,4,deer,0.9986386811538406,4,deer,0.28752628703733213,4,deer,0.9994418671523402
test_01129,8,ship,8,ship,0.9936219652156622,8,ship,0.972057807579176,8,ship,0.22721600625123778,8,ship,0.9879034454211474
test_01175,0,airplane,0,airplane,0.9888946867635039,0,airplane,0.9993549141092409,0,airplane,0.3907503868666645,0,airplane,0.9721010213354333
test_01202,2,car,2,car,0.9951653806663203,2,car,0.998891826312996,2,car,0.3937554570043131,2,car,0.9878557661192985
test_01204,3,cat,3,cat,0.996840711362614,3,cat,0.9988260660760492,3,cat,0.1783999555374684,1,bird,0.6684571102671716
test_01211,4,deer,4,deer,0.9707547149082395,4,deer,0.9953927676278216,4,deer,0.27763973437176614,4,deer,0.9693941639453604
test_01220,7,monkey,7,monkey,0.9792466310607639,7,monkey,0.9998292402926571,7,monkey,0.29484122092457954,7,monkey,0.9930554218831923
test_01230,1,bird,1,bird,0.8682955727403832,7,monkey,0.7816791660444444,7,monkey,0.19226974897167548,7,monkey,0.7475769182742358
test_01247,8,ship,8,ship,0.5629456539472916,8,ship,0.9978245147561671,8,ship,0.29226863724044577,8,ship,0.9677043732948019
test_01263,3,cat,3,cat,0.963154294060334,3,cat,0.9919326719034401,4,deer,0.17979050055526274,4,deer,0.9879465881442752
test_01266,4,deer,4,deer,0.9112840424346471,4,deer,0.9997420856118399,4,deer,0.28181526988320665,4,deer,0.994661869157179
test_01287,7,monkey,7,monkey,0.9873635361519439,7,monkey,0.9993289734348737,7,monkey,0.22729906459907784,7,monkey,0.8792211173115205
test_01296,7,monkey,7,monkey,0.8322689996586401,7,monkey,0.9803277430749626,7,monkey,0.15914344146828213,7,monkey,0.8237345977156344
test_01370,3,cat,3,cat,0.9964585157332294,3,cat,0.9990165066147402,3,cat,0.27633699050311716,3,cat,0.9597121522787628
test_01389,0,airplane,0,airplane,0.9894485604069426,0,airplane,0.9994304333391393,0,airplane,0.38490411316509004,0,airplane,0.9886188360868639
test_01401,3,cat,3,cat,0.9961655864767412,3,cat,0.9998469781861938,3,cat,0.32322496090849384,3,cat,0.9453585778044445
test_01403,2,car,2,car,0.9980131831744071,2,car,0.9999191780763076,2,car,0.34301322577208976,2,car,0.990523124404369
test_01411,9,truck,9,truck,0.9879302852780512,9,truck,0.9913734440395363,9,truck,0.2977725184301713,9,truck,0.9637130384183836
test_01429,4,deer,4,deer,0.9458223123290685,4,deer,0.9991197769363104,6,horse,0.13881799040967974,6,horse,0.4824179404794652
test_01430,9,truck,9,truck,0.9956055526277517,9,truck,0.9996468168988109,9,truck,0.2920585277551164,9,truck,0.9748272083281981
test_01431,3,cat,3,cat,0.9966275605910595,3,cat,0.8053861206278493,3,cat,0.2622090202898146,3,cat,0.9459340137608215
test_01436,1,bird,1,bird,0.9994187224111121,1,bird,0.9999911563955658,1,bird,0.32795772782198973,1,bird,0.9976444696810486
test_01440,7,monkey,7,monkey,0.9740811379961478,7,monkey,0.9998206010632835,7,monkey,0.2344016776509086,7,monkey,0.9963285626374396
test_01468,9,truck,9,truck,0.9865176419747806,9,truck,0.9942712185719225,9,truck,0.27565695991793976,9,truck,0.8388691167142671
test_01473,7,monkey,7,monkey,0.9526866218137843,7,monkey,0.9962312238621484,7,monkey,0.33735790688728723,7,monkey,0.9982540520935095
test_01515,9,truck,9,truck,0.9870004904789613,9,truck,0.9994692436254413,9,truck,0.3140825704838431,9,truck,0.9832090432972428
test_01520,2,car,2,car,0.9945454147844922,2,car,0.9822505090595678,2,car,0.2349954331753039,2,car,0.9698548485064078
test_01531,3,cat,5,dog,0.9599147407862872,3,cat,0.9971656241735213,5,dog,0.1760998925558663,5,dog,0.3651251304024928
test_01534,6,horse,6,horse,0.9793498386134986,6,horse,0.9972448630640665,6,horse,0.22438719000640373,6,horse,0.8617147909297488
test_01552,5,dog,5,dog,0.979858416456687,5,dog,0.9737565015469889,7,monkey,0.14688626469141575,4,deer,0.486768408064031
test_01553,0,airplane,0,airplane,0.9817486937056888,0,airplane,0.9974266784912567,0,airplane,0.3456423729468081,0,airplane,0.9757997918870934
test_01563,3,cat,3,cat,0.956937720904801,3,cat,0.985860810798173,3,cat,0.2406541856266087,3,cat,0.6476704822150278
test_01568,1,bird,1,bird,0.8883006327505291,1,bird,0.9328821898715574,1,bird,0.264587528249635,1,bird,0.9938627509991227
test_01579,7,monkey,7,monkey,0.9709404579786255,7,monkey,0.9962881063562851,7,monkey,0.30760535433173747,7,monkey,0.9988579878066314
test_01586,2,car,2,car,0.9934647204771121,2,car,0.9998960788867889,2,car,0.3554176258125683,2,car,0.9900884557950708
test_01596,0,airplane,0,airplane,0.9994197671120276,0,airplane,0.9998896241937076,0,airplane,0.37451696108364846,0,airplane,0.9519496596184185
test_01626,5,dog,5,dog,0.9757972885244204,5,dog,0.5668040127601209,5,dog,0.2527494271461925,5,dog,0.9343703394191906
test_01640,8,ship,8,ship,0.5637302029259311,8,ship,0.9320684440861297,8,ship,0.4206130009373197,8,ship,0.9988759487819435
test_01644,5,dog,5,dog,0.961581091210899,5,dog,0.9853495517025255,5,dog,0.3276718496799928,5,dog,0.9764645852197712
test_01648,0,airplane,0,airplane,0.9906038155544519,0,airplane,0.9985848548427192,0,airplane,0.33403836127924313,0,airplane,0.9835477418643472
test_01654,9,truck,9,truck,0.9796956830931137,9,truck,0.9966594484676407,9,truck,0.36017078755654014,9,truck,0.9796426316019138
test_01667,6,horse,6,horse,0.9837465829729765,6,horse,0.9983936111891953,6,horse,0.35198326231820753,6,horse,0.9644972606450972
test_01703,7,monkey,1,bird,0.5498524181013204,7,monkey,0.7611740508274566,1,bird,0.20379746370487783,1,bird,0.9792625998970722
test_01711,7,monkey,7,monkey,0.9729084709305168,7,monkey,0.9973411018551374,7,monkey,0.301467753522833,7,monkey,0.998066634016259
test_01771,7,monkey,7,monkey,0.4922871825282839,5,dog,0.5356357590040791,7,monkey,0.18832546375392462,7,monkey,0.9556017689172216
test_01783,8,ship,8,ship,0.9904819775919055,8,ship,0.9999196270124387,8,ship,0.40958752951852667,8,ship,0.9981844177834325
test_01814,2,car,2,car,0.9814207806789301,2,car,0.994396867171023,2,car,0.3030933585426885,2,car,0.9621867565575178
test_01833,8,ship,8,ship,0.9358790150377118,8,ship,0.999178880673803,8,ship,0.29626334522054504,8,ship,0.9960793929677954
test_01836,9,truck,9,truck,0.9563552058348348,9,truck,0.9914563505486144,9,truck,0.3662624943274233,9,truck,0.9925518687802153
test_01839,2,car,2,car,0.9942403035655633,2,car,0.9996260872811495,2,car,0.33797390440861175,2,car,0.9731273713242133
test_01852,1,bird,1,bird,0.999962432756452,1,bird,0.9998973261410873,1,bird,0.36660124898911567,1,bird,0.996954845011358
test_01871,1,bird,1,bird,0.98849437880967,1,bird,0.9972457240012207,1,bird,0.273723985872893,1,bird,0.995687094628952
test_01877,5,dog,4,deer,0.4729247948636785,4,deer,0.5863520740412115,4,deer,0.2073146429813447,4,deer,0.9674721872487668
test_01884,7,monkey,7,monkey,0.9210613913392005,7,monkey,0.9993172834811146,7,monkey,0.29206126416859707,7,monkey,0.9902129858504785
test_01927,7,monkey,7,monkey,0.9905947162984775,7,monkey,0.9996374278565741,7,monkey,0.3120402952796497,7,monkey,0.9788407948593726
test_01954,8,ship,0,airplane,0.6635756196820657,8,ship,0.7683386290191524,8,ship,0.23831309976751117,8,ship,0.9778963067254259
test_01956,7,monkey,3,cat,0.9222159034677847,7,monkey,0.32302399266418774,3,cat,0.14769117765859044,7,monkey,0.5509104486969244
test_01960,4,deer,4,deer,0.7583648580982735,4,deer,0.9833037000458894,4,deer,0.22009233456359223,4,deer,0.9791621963607298
test_01977,0,airplane,0,airplane,0.9927171706430663,0,airplane,0.996693984041835,0,airplane,0.3169492934146991,0,airplane,0.8371733794502003
test_01986,1,bird,1,bird,0.9732434010487907,1,bird,0.9953537796620453,1,bird,0.2371113051315431,1,bird,0.9932240909830936
test_01993,1,bird,1,bird,0.997542746094568,1,bird,0.9999821130733999,1,bird,0.3159350792777158,1,bird,0.9975057915464354
test_02003,6,horse,6,horse,0.7972253479156608,6,horse,0.9977621052646467,6,horse,0.3096833939180847,6,horse,0.9567867661259855
test_02011,9,truck,9,truck,0.9885306672934795,9,truck,0.9954005372071866,9,truck,0.2985857383925926,9,truck,0.9804287718207739
test_02024,0,airplane,0,airplane,0.962367479851004,0,airplane,0.9877903861894054,0,airplane,0.3592615158176735,0,airplane,0.982778885992011
test_02028,3,cat,3,cat,0.999906693121426,3,cat,0.9998037143327905,3,cat,0.2841149566517692,3,cat,0.9496892190847773
test_02062,9,truck,9,truck,0.9898104065012865,9,truck,0.9987844988210397,9,truck,0.37447021183706086,9,truck,0.995294379965351
test_02070,1,bird,1,bird,0.824072843466939,1,bird,0.9846898137434639,1,bird,0.17724802175914664,1,bird,0.9247843888277367
test_02082,2,car,2,car,0.9706750741531421,2,car,0.9981060256681029,2,car,0.22463060938419907,2,car,0.8296062651507523
test_02095,1,bird,1,bird,0.9388475705223998,1,bird,0.9979404747794219,1,bird,0.2516560162840445,1,bird,0.9724640922794113
test_02109,8,ship,8,ship,0.9881207977490147,8,ship,0.9998410315601325,8,ship,0.39608993094000117,8,ship,0.9985574784896951
test_02114,9,truck,9,truck,0.9558911844845092,9,truck,0.98118029685388,9,truck,0.26497931077072434,9,truck,0.8540786878411053
test_02116,1,bird,3,cat,0.9759322334822916,3,cat,0.9686026855429974,1,bird,0.2120866430984516,1,bird,0.855769123109551
test_02157,1,bird,1,bird,0.9959401261866542,1,bird,0.9726786951438645,1,bird,0.2630843114001431,1,bird,0.9956653995857403
test_02167,9,truck,9,truck,0.985895095282054,9,truck,0.9987452523733988,9,truck,0.31788606423225657,9,truck,0.989680089846024
test_02178,1,bird,1,bird,0.9998651445395715,1,bird,0.999635800069488,1,bird,0.26365162728439967,1,bird,0.9974524098516194
test_02191,8,ship,8,ship,0.6700423722845835,8,ship,0.9886898638074112,8,ship,0.3847097859488936,8,ship,0.9981697600992334
test_02230,8,ship,8,ship,0.8911130637357625,8,ship,0.5539303382460181,8,ship,0.27387360650010234,8,ship,0.9903426491943675
test_02242,0,airplane,0,airplane,0.9958305688002933,0,airplane,0.9930663032500893,0,airplane,0.35355159831244776,0,airplane,0.9856352163374137
test_02265,5,dog,5,dog,0.8639298848477522,5,dog,0.9642078693386965,5,dog,0.24536203586051236,5,dog,0.6949469001047529
test_02268,5,dog,5,dog,0.9618154648237731,5,dog,0.977774418520593,5,dog,0.37844953969601014,5,dog,0.9896702563038016
test_02291,3,cat,3,cat,0.933366508236153,3,cat,0.9748972230255083,3,cat,0.19818705738632644,7,monkey,0.7197761845994948
test_02334,5,dog,5,dog,0.9991976687822443,5,dog,0.9985832817643244,5,dog,0.34426271991391244,5,dog,0.9636189594236307
test_02340,8,ship,8,ship,0.9957423654741122,8,ship,0.9992475727928326,8,ship,0.4398318068591521,8,ship,0.9946371931413408
test_02342,8,ship,8,ship,0.9570008229407971,8,ship,0.9900713692376558,8,ship,0.46030663042427455,8,ship,0.9972336034744161
test_02351,9,truck,9,truck,0.992879072242424,9,truck,0.9974836480058444,9,truck,0.3301187484278002,9,truck,0.9955477136462259
test_02391,5,dog,5,dog,0.8524326130000368,1,bird,0.8142929603057191,5,dog,0.27832558348735625,5,dog,0.9138516093627876
test_02392,2,car,2,car,0.9955905330086882,2,car,0.9999693858662795,2,car,0.3633837453220526,2,car,0.9163751685239421
test_02399,4,deer,4,deer,0.8474901378361812,4,deer,0.9312361759420743,4,deer,0.23241037457802385,6,horse,0.6182741479318571
test_02414,9,truck,9,truck,0.9707045965692107,9,truck,0.9684626284909188,9,truck,0.24114029274062532,9,truck,0.9494117132024836
test_02427,5,dog,5,dog,0.9789991269457784,5,dog,0.9695415500384299,5,dog,0.2870882979046908,5,dog,0.9571899977559482
test_02458,5,dog,5,dog,0.9946154611374046,5,dog,0.9997312092930167,5,dog,0.2857142478717463,5,dog,0.9411790457974897
test_02501,7,monkey,7,monkey,0.9890070943890025,7,monkey,0.9974329430571567,7,monkey,0.31100865872067535,7,monkey,0.9903308265890536
test_02502,2,car,2,car,0.9661110445463816,2,car,0.998749863629989,2,car,0.3866182297271395,2,car,0.9769059448823332
test_02536,3,cat,3,cat,0.9791540209856198,3,cat,0.9994135772214394,3,cat,0.3279392192064689,3,cat,0.9581091987071932
test_02539,3,cat,3,cat,0.9970852865801252,3,cat,0.9986717297925923,3,cat,0.3317500721611982,3,cat,0.9052077633900544
test_02610,6,horse,1,bird,0.4975146001987464,6,horse,0.5541966730265758,6,horse,0.20002030949025576,6,horse,0.979987134439872
test_02623,5,dog,3,cat,0.4787958660645857,3,cat,0.3205060288281189,3,cat,0.17141227720855368,6,horse,0.41558175245489826
test_02655,9,truck,9,truck,0.9802709058002446,9,truck,0.995814389615499,9,truck,0.27798312203079595,9,truck,0.9551310858988799
test_02668,7,monkey,7,monkey,0.9903381163775745,7,monkey,0.9997794488493094,3,cat,0.20931370101126517,7,monkey,0.9269078962433422
test_02676,6,horse,6,horse,0.9626299874913842,6,horse,0.38673202736851414,6,horse,0.1825014919091441,6,horse,0.5787758400447788
test_02687,1,bird,1,bird,0.9622477989067125,1,bird,0.9996980760318467,1,bird,0.2675787029779506,1,bird,0.9955864424129475
test_02690,1,bird,1,bird,0.9982804813198763,1,bird,0.9560369670603739,1,bird,0.2528816201896398,1,bird,0.9942225145256002
test_02704,4,deer,4,deer,0.9911564652423781,4,deer,0.9963926887237564,4,deer,0.34159668981911306,4,deer,0.9996167470601037
test_02745,8,ship,8,ship,0.9942472448390305,8,ship,0.9999891029487606,8,ship,0.4327798128208998,8,ship,0.9933672228514167
test_02746,7,monkey,7,monkey,0.9904439464377872,7,monkey,0.9999336252274934,7,monkey,0.3327227064995091,7,monkey,0.9975711646586821
test_02750,0,airplane,0,airplane,0.9708838351965426,0,airplane,0.99229389798236,8,ship,0.18282171915641265,8,ship,0.9187791414603981
test_02754,3,cat,3,cat,0.9551453767315954,3,cat,0.9997353819995977,3,cat,0.32138259245644135,3,cat,0.9695715217712905
test_02757,4,deer,4,deer,0.6239282396897191,4,deer,0.8352743388625559,4,deer,0.18047987307346758,4,deer,0.9482068740026773
test_02766,5,dog,5,dog,0.9813111499179508,5,dog,0.9874367291734439,5,dog,0.34451720544571596,5,dog,0.9690429455204256
test_02807,5,dog,1,bird,0.5993578038053611,5,dog,0.4970766735597729,7,monkey,0.17645270353375947,7,monkey,0.8007830957794382
test_02844,8,ship,8,ship,0.990932052609974,8,ship,0.9997691383067088,8,ship,0.34150491709612174,8,ship,0.995530909509561
test_02854,7,monkey,7,monkey,0.9894794012577437,7,monkey,0.9998757390519405,7,monkey,0.22599607096133653,7,monkey,0.9578490144672751
test_02861,3,cat,3,cat,0.9870913331207473,3,cat,0.999102810281331,3,cat,0.29977533246364696,3,cat,0.9715178012320093
test_02888,0,airplane,0,airplane,0.948749163358264,0,airplane,0.9955209123501746,0,airplane,0.35533246347346586,0,airplane,0.9541159845506155
test_02898,4,deer,4,deer,0.9901553171079837,4,deer,0.9996982208295953,4,deer,0.4026771028929868,4,deer,0.9984449774835327
test_02950,5,dog,5,dog,0.750586642668407,5,dog,0.9946236167511184,5,dog,0.27169512466542767,5,dog,0.9421669659577457
test_02958,6,horse,6,horse,0.9933547441795906,6,horse,0.9983737142981076,6,horse,0.3341824311054863,6,horse,0.9904514776534981
test_03015,8,ship,8,ship,0.7661149842132501,8,ship,0.9999353560389003,8,ship,0.4124204079739851,8,ship,0.9942763340694292
test_03024,2,car,2,car,0.9941211816039214,2,car,0.9998872669189187,2,car,0.3310231515168337,2,car,0.9849777353976907
test_03025,0,airplane,0,airplane,0.9395269929438786,0,airplane,0.9989881120575843,0,airplane,0.3183903790205167,0,airplane,0.7937231199627195
test_03034,4,deer,4,deer,0.9938896389705433,4,deer,0.999111209726732,4,deer,0.36631075415578307,4,deer,0.9993596837201012
test_03067,2,car,2,car,0.9908081461760375,2,car,0.999750006132953,2,car,0.337946118040352,2,car,0.9174766606266317
test_03078,4,deer,4,deer,0.9883469457276,4,deer,0.9703792335251384,4,deer,0.3919301981270119,4,deer,0.9981483290942492
test_03079,1,bird,1,bird,0.9994451544712918,1,bird,0.999985995484158,1,bird,0.3652960082423043,1,bird,0.9958825970513853
test_03083,0,airplane,0,airplane,0.9767270780488856,0,airplane,0.9928383459828216,0,airplane,0.267903506495194,0,airplane,0.9404581878562787
test_03122,4,deer,4,deer,0.9830710246722112,4,deer,0.9900842709593458,4,deer,0.1867247330681616,4,deer,0.637262721623319
test_03153,7,monkey,7,monkey,0.943629069843481,7,monkey,0.9966467393628784,7,monkey,0.2427338457377749,7,monkey,0.9765241336898618
test_03157,8,ship,9,truck,0.5128693298104985,8,ship,0.9975887383672204,8,ship,0.31899498431613027,8,ship,0.9953739707798583
test_03163,2,car,2,car,0.9989080487160958,2,car,0.9998966195888825,2,car,0.3739943238808349,2,car,0.9898317519635086
test_03179,4,deer,4,deer,0.9527077514216608,4,deer,0.9277465435500433,4,deer,0.4095604068650223,4,deer,0.9994620962990998
test_03191,6,horse,6,horse,0.5433430655838499,6,horse,0.9563173605697448,6,horse,0.15143464973886783,6,horse,0.6962940576172887
test_03276,3,cat,7,monkey,0.44985760967345595,3,cat,0.9685542647522057,6,horse,0.13065760825230716,6,horse,0.6689551070063477
test_03287,4,deer,4,deer,0.9886630461806978,4,deer,0.9949165400761005,4,deer,0.40355516886542564,4,deer,0.9992404163907904
test_03288,7,monkey,7,monkey,0.9763958525283456,7,monkey,0.9986728145251923,7,monkey,0.34241370140570626,7,monkey,0.9967438493975233
test_03292,6,horse,6,horse,0.7373016944080166,6,horse,0.8123713675093217,6,horse,0.1603495187582563,6,horse,0.8261265631109393
test_03318,9,truck,9,truck,0.9899152302093722,9,truck,0.990840949647886,9,truck,0.24660551820949428,9,truck,0.9086480713518711
test_03347,0,airplane,0,airplane,0.9981052686604723,0,airplane,0.9999400652072113,0,airplane,0.4013615486682216,0,airplane,0.9776638677829999
test_03353,5,dog,5,dog,0.5849572593106104,5,dog,0.633502736809941,5,dog,0.1964056023967874,7,monkey,0.5140951319565312
test_03362,2,car,2,car,0.9926935890008619,2,car,0.9998641885172792,2,car,0.3555093071239116,2,car,0.9906588234777847
test_03365,4,deer,4,deer,0.9592050249575145,4,deer,0.984476042573449,4,deer,0.3137006332199721,4,deer,0.9951653991774462
test_03375,3,cat,3,cat,0.984916803589133,3,cat,0.9998479018105614,3,cat,0.2527617289422573,3,cat,0.9337241964103496
test_03383,3,cat,3,cat,0.9914340790221016,3,cat,0.9997003224778329,3,cat,0.32840403687451925,3,cat,0.8320726768385689
test_03404,7,monkey,7,monkey,0.9898537858235179,7,monkey,0.9984929496936181,7,monkey,0.31050107450469894,7,monkey,0.9948385948467098
test_03412,8,ship,8,ship,0.8057078673300158,8,ship,0.9848103593541673,8,ship,0.4401909849099056,8,ship,0.9992920720346977
test_03413,1,bird,1,bird,0.9988541920921824,1,bird,0.9999915983357325,1,bird,0.4251765830856619,1,bird,0.9991207701576942
test_03418,6,horse,6,horse,0.9897809301837206,6,horse,0.9978593065601298,6,horse,0.34226133789186425,6,horse,0.9983571227178559
test_03437,0,airplane,0,airplane,0.9358183715963919,0,airplane,0.9778524850772223,0,airplane,0.22019627103447853,0,airplane,0.781766355038732
test_03446,7,monkey,7,monkey,0.8231497424334083,7,monkey,0.9993187227381598,7,monkey,0.29811832630467966,7,monkey,0.9960524305790807
test_03454,2,car,2,car,0.9929205274064319,2,car,0.9997125673326204,2,car,0.37329071978697814,2,car,0.9812219558147887
test_03455,0,airplane,0,airplane,0.9954540137071716,0,airplane,0.9986696488490958,0,airplane,0.3586955744112634,0,airplane,0.9343209288597173
test_03458,4,deer,4,deer,0.9915297461138701,4,deer,0.9994967224272534,4,deer,0.3377074739560318,4,deer,0.9982246826997943
test_03467,7,monkey,4,deer,0.33104835995412996,4,deer,0.5391372727045867,7,monkey,0.2571629032367233,7,monkey,0.9027212690558604
test_03491,1,bird,1,bird,0.9994001248752578,1,bird,0.9956942828647332,1,bird,0.32525218243881276,1,bird,0.9969800064902082
test_03494,6,horse,6,horse,0.9985788107886554,6,horse,0.9998021165345645,6,horse,0.3273329367791567,6,horse,0.9851002053604923
test_03512,4,deer,4,deer,0.9934539288656118,4,deer,0.9994654897332778,4,deer,0.2876301618077349,4,deer,0.9991057208609986
test_03515,6,horse,6,horse,0.833697244419406,6,horse,0.6135303933617697,6,horse,0.3045602471437822,6,horse,0.9987004211098439
test_03542,7,monkey,7,monkey,0.9814052881499036,7,monkey,0.9999432780157274,7,monkey,0.3517957160920019,7,monkey,0.9987512074843605
test_03550,1,bird,1,bird,0.9651892605472219,1,bird,0.998934145580547,1,bird,0.27846495731456505,1,bird,0.989005691033763
test_03562,3,cat,3,cat,0.515038281714383,3,cat,0.9979466815812646,5,dog,0.1696220981870176,4,deer,0.372560865996239
test_03755,2,car,2,car,0.9976611397799244,2,car,0.9999042492838767,2,car,0.3312368908570166,2,car,0.979640481179749
test_03763,4,deer,4,deer,0.9847996498485986,4,deer,0.9818561550188326,4,deer,0.3825497124304069,4,deer,0.9986251284692039
test_03777,6,horse,6,horse,0.8185617531571822,6,horse,0.9981614658547869,6,horse,0.2766911070384474,6,horse,0.9853669224010237
test_03778,3,cat,3,cat,0.9680608350938316,3,cat,0.8370983816785305,3,cat,0.22677434567027183,3,cat,0.8452421049789146
test_03779,6,horse,6,horse,0.9873307408264177,6,horse,0.9940892521581635,6,horse,0.30290657992414166,6,horse,0.9963136965406381
test_03844,6,horse,6,horse,0.9953316849221422,6,horse,0.9984450369386598,6,horse,0.24528001892969706,6,horse,0.9789560570962965
test_03851,3,cat,3,cat,0.9866400768737074,3,cat,0.862506143980671,3,cat,0.27099088729315873,3,cat,0.9692284201141231
test_03852,5,dog,5,dog,0.939279482099597,5,dog,0.9001230534166783,5,dog,0.30524257214600525,5,dog,0.9568381207055796
test_03863,5,dog,5,dog,0.9315367865027615,5,dog,0.9331367892155291,5,dog,0.2296059606017702,5,dog,0.9639568530630459
test_03867,7,monkey,7,monkey,0.9924455020080316,7,monkey,0.998445775578474,7,monkey,0.32306694912990197,7,monkey,0.9977856064242699
test_03876,0,airplane,0,airplane,0.7489446255449475,0,airplane,0.999096160405878,0,airplane,0.28979902467090085,0,airplane,0.6844017271046668
test_03889,5,dog,5,dog,0.9719394760138975,3,cat,0.4214907030110443,5,dog,0.3468232554981316,5,dog,0.9768569550653999
test_03891,4,deer,4,deer,0.8484771854603528,4,deer,0.9791223644928986,4,deer,0.22654063460095775,4,deer,0.9913075464056578
test_03893,9,truck,9,truck,0.9758158406856668,9,truck,0.992905988384077,9,truck,0.24445742579705326,9,truck,0.762602056262916
test_03905,8,ship,8,ship,0.9523751650677901,8,ship,0.9997693933526581,8,ship,0.4124112637616564,8,ship,0.998658646027408
test_03914,3,cat,3,cat,0.9956822298981168,3,cat,0.9997930869170999,3,cat,0.32769594701630117,3,cat,0.9879122871659018
test_03937,1,bird,1,bird,0.9603192538447215,1,bird,0.9963205013588449,1,bird,0.37676052334754423,1,bird,0.9976636893012015
test_03942,9,truck,9,truck,0.9785017821897801,9,truck,0.9980167185269663,9,truck,0.33914536154988556,9,truck,0.9733322927827031
test_03948,8,ship,8,ship,0.9769334354021729,8,ship,0.999719483021142,8,ship,0.38521974130742287,8,ship,0.9964094124364504
test_03962,6,horse,6,horse,0.9755174812297989,6,horse,0.9995193607597138,6,horse,0.276505035823231,6,horse,0.9978634808524135
test_03965,0,airplane,0,airplane,0.9553778400746021,0,airplane,0.9986697347297857,0,airplane,0.338856407354123,0,airplane,0.9876705763940969
test_03994,4,deer,4,deer,0.9774908186547725,4,deer,0.999448091111387,4,deer,0.360555856959744,4,deer,0.9992275790458817
test_03996,9,truck,9,truck,0.6784343746157571,9,truck,0.8331939815733923,9,truck,0.40201155105517855,9,truck,0.9982928242263147
test_04011,6,horse,6,horse,0.9949857432758074,6,horse,0.9999464223980499,6,horse,0.36892243975880307,6,horse,0.9953377299431292
test_04023,3,cat,3,cat,0.9913137148640855,3,cat,0.9795577020933477,3,cat,0.1625872971824709,7,monkey,0.43669920999659795
test_04054,4,deer,4,deer,0.9625636459179049,4,deer,0.9646744028073778,4,deer,0.34711112014823925,4,deer,0.9978933043999945
test_04065,2,car,2,car,0.9785810842593362,2,car,0.9986475234827189,2,car,0.28326650096328,2,car,0.8737561162285803
test_04069,8,ship,8,ship,0.6994706701582889,8,ship,0.9208156755894046,8,ship,0.17038115811305737,8,ship,0.8450254141786181
test_04093,6,horse,6,horse,0.5992241897771838,6,horse,0.9747092988811419,6,horse,0.26335897602502556,6,horse,0.9783337690779695
test_04094,9,truck,9,truck,0.9979567782414553,9,truck,0.9985314022766543,9,truck,0.27989616219733554,9,truck,0.9723924424802244
test_04106,5,dog,5,dog,0.9690589972459139,5,dog,0.888447241132292,5,dog,0.21851345336605427,5,dog,0.8177807359686413
test_04130,0,airplane,0,airplane,0.9948900489103569,0,airplane,0.9984422079037764,0,airplane,0.3744265277354551,0,airplane,0.9763091853737805
test_04168,3,cat,3,cat,0.9825382020691386,3,cat,0.9999176735301293,3,cat,0.22856111808012491,3,cat,0.8342827589681414
test_04170,8,ship,8,ship,0.8371406010480859,8,ship,0.9953598995744104,8,ship,0.32384651536953124,8,ship,0.9912509505226218
test_04172,7,monkey,7,monkey,0.9591621902688819,7,monkey,0.9954094979238983,1,bird,0.2285429404815777,1,bird,0.9758405856191993
test_04177,8,ship,8,ship,0.9207452562309645,8,ship,0.9994148261610611,8,ship,0.4321847758080181,8,ship,0.9951511634048636
test_04215,3,cat,1,bird,0.5418695843674178,8,ship,0.260628529676943,3,cat,0.24366848289390117,3,cat,0.9716225318794228
test_04229,3,cat,3,cat,0.9955976242615713,3,cat,0.9997513440788961,3,cat,0.30921349517654106,3,cat,0.971364747800076
test_04236,7,monkey,7,monkey,0.9883801985746524,7,monkey,0.9999671797624349,7,monkey,0.2804327071151752,7,monkey,0.9906915154791032
test_04242,8,ship,8,ship,0.8254320482603948,8,ship,0.9979505042578857,8,ship,0.28541145664988277,8,ship,0.9826477392152958
test_04254,6,horse,6,horse,0.8346297783709079,6,horse,0.988462561240264,6,horse,0.2957975311834065,6,horse,0.9971323114707238
test_04290,5,dog,5,dog,0.3882492329658887,1,bird,0.7212906411829093,5,dog,0.12204086595031022,6,horse,0.24714649222350174
test_04298,1,bird,1,bird,0.9992024418641423,1,bird,0.999960066116264,1,bird,0.37056070557831045,1,bird,0.9988320896929829
test_04308,7,monkey,7,monkey,0.8096360506633953,7,monkey,0.9998741076705397,7,monkey,0.12531815897787282,7,monkey,0.4488854089259475
test_04311,8,ship,8,ship,0.9942019831478018,8,ship,0.9993828285858579,8,ship,0.4484703941873373,8,ship,0.9978828273222639
test_04323,3,cat,3,cat,0.9561519264610007,3,cat,0.9691874951561276,3,cat,0.23878633397310556,3,cat,0.9486884636947573
test_04330,3,cat,3,cat,0.6386561250213039,3,cat,0.9357048871688747,3,cat,0.12861905349108285,4,deer,0.2837550013250776
test_04341,6,horse,6,horse,0.9249017388451284,6,horse,0.9991906189437784,6,horse,0.27696037657712086,6,horse,0.9835507283110062
test_04355,8,ship,9,truck,0.7422998443638391,0,airplane,0.5601914257867435,8,ship,0.2375592368454807,8,ship,0.9603036651864141
test_04399,0,airplane,0,airplane,0.9963950112739306,0,airplane,0.9633429568368927,0,airplane,0.3381825419450669,0,airplane,0.9294642809863494
test_04403,7,monkey,7,monkey,0.9876637224426712,7,monkey,0.9993217017181913,7,monkey,0.3032671624882967,7,monkey,0.9983468805258144
test_04411,6,horse,6,horse,0.4623685704896702,5,dog,0.920960883221388,6,horse,0.20311342251839315,6,horse,0.9312635617920875
test_04449,9,truck,9,truck,0.9908798882676911,9,truck,0.8321440640394099,9,truck,0.227105001227687,9,truck,0.7788452503772324
test_04463,3,cat,3,cat,0.9971755260307336,3,cat,0.9997829838730253,3,cat,0.287021836473384,3,cat,0.9825387013118313
test_04531,3,cat,3,cat,0.695952381655243,3,cat,0.9668320038697001,3,cat,0.15904933530602078,4,deer,0.7102331674346871
test_04539,0,airplane,0,airplane,0.9952454694674586,0,airplane,0.9997867129126787,0,airplane,0.38141823902759453,0,airplane,0.9538272170850609
test_04547,5,dog,5,dog,0.9189591484583405,5,dog,0.8638680087574765,5,dog,0.32073389121131635,5,dog,0.9847848585631267
test_04552,8,ship,9,truck,0.984075468160262,9,truck,0.9399042689173346,9,truck,0.19231568338235866,8,ship,0.8331159453153474
test_04570,5,dog,5,dog,0.9292490397508419,5,dog,0.9645220110151329,5,dog,0.25884661516483476,5,dog,0.9391434212546876
test_04590,3,cat,3,cat,0.9919150262468229,3,cat,0.9996802730172226,3,cat,0.2742083018029729,3,cat,0.9823372658216122
test_04609,3,cat,3,cat,0.9595048223939474,3,cat,0.9894856449085332,7,monkey,0.22541549229791197,7,monkey,0.9403764306114176
test_04615,0,airplane,0,airplane,0.9977220921444145,0,airplane,0.9997742035111258,0,airplane,0.35670065233420684,0,airplane,0.9472733534860442
test_04617,0,airplane,0,airplane,0.9756134164748301,0,airplane,0.9999631382785596,0,airplane,0.399243569703893,0,airplane,0.9730646905423689
test_04620,6,horse,6,horse,0.7055957865355434,6,horse,0.7434742835805649,6,horse,0.14546387835613228,7,monkey,0.4328292477124092
test_04629,4,deer,4,deer,0.9807942971790125,4,deer,0.9983308308326926,4,deer,0.30658015539593836,4,deer,0.9977579959780621
test_04640,1,bird,3,cat,0.6746370168124675,1,bird,0.9783610179839458,1,bird,0.2285385968060004,1,bird,0.9068180023061051
test_04642,4,deer,4,deer,0.9850960559390942,4,deer,0.999841609392729,4,deer,0.29289619825470725,4,deer,0.996688396067378
test_04661,7,monkey,7,monkey,0.9691822305233254,7,monkey,0.7954308492770622,7,monkey,0.29032725930540426,7,monkey,0.9942564667811304
test_04662,8,ship,8,ship,0.9899735375800506,8,ship,0.9999216461998128,8,ship,0.48461616423507625,8,ship,0.991037860102166
test_04675,0,airplane,0,airplane,0.9983098020325766,0,airplane,0.9990993583181554,0,airplane,0.3342881872828764,0,airplane,0.9907280356561079
test_04676,8,ship,8,ship,0.9984750754176975,8,ship,0.9999489660955558,8,ship,0.32357009969004646,8,ship,0.9967685613651426
test_04704,7,monkey,7,monkey,0.8561418956459599,7,monkey,0.9855839292598173,7,monkey,0.20143879571347376,7,monkey,0.909343195705741
test_04723,9,truck,9,truck,0.9558617789117014,9,truck,0.9600093242499828,9,truck,0.29760637970083403,9,truck,0.8524168760598206
test_04731,6,horse,6,horse,0.9023221200575523,6,horse,0.9940218368165873,6,horse,0.37669895111532925,6,horse,0.9989009169784013
test_04735,2,car,2,car,0.9639831062549519,2,car,0.9980653818907097,2,car,0.2980871642734844,2,car,0.9554892404153705
test_04740,4,deer,4,deer,0.9089471517098243,6,horse,0.5054214284302334,4,deer,0.31779558867246155,4,deer,0.9980359030056107
test_04746,6,horse,6,horse,0.7109975588721517,6,horse,0.9935198325265884,6,horse,0.2576513768386324,6,horse,0.9980978475824707
test_04748,7,monkey,7,monkey,0.9767634689552718,7,monkey,0.9987398557679623,7,monkey,0.32268432933167335,7,monkey,0.9924774054168939
test_04754,6,horse,6,horse,0.9672026239807635,6,horse,0.9804196722733747,6,horse,0.23587557139629617,6,horse,0.9693672622486731
test_04785,0,airplane,0,airplane,0.8095622827862667,0,airplane,0.9940441171163203,0,airplane,0.333468641951319,0,airplane,0.976362076044664
test_04791,7,monkey,7,monkey,0.9900070919504474,7,monkey,0.9978580227621517,7,monkey,0.31577750228085716,7,monkey,0.9981788927765138
test_04819,0,airplane,0,airplane,0.998871320431662,0,airplane,0.9996308688864608,0,airplane,0.35352888063200133,0,airplane,0.9694519972491821
test_04821,3,cat,3,cat,0.9864530311450549,3,cat,0.9982766509581444,3,cat,0.232592675499648,3,cat,0.9167576313954162
test_04827,6,horse,6,horse,0.9886646529141419,6,horse,0.7463869813176108,6,horse,0.25402927333565767,6,horse,0.9803589133780426
test_04850,5,dog,5,dog,0.9774365535261965,5,dog,0.9869216280973522,5,dog,0.2891517216279844,5,dog,0.8942805375652458
test_04881,3,cat,3,cat,0.8047248438868506,3,cat,0.9983939303739116,9,truck,0.1344249319765139,8,ship,0.3144656018274262
test_04893,0,airplane,0,airplane,0.9977154580721659,0,airplane,0.99912468178872,0,airplane,0.4075710266971194,0,airplane,0.9856636797324501
test_04908,3,cat,3,cat,0.9904969298412132,3,cat,0.9956009988148363,3,cat,0.29915835658392886,3,cat,0.9190190676710522
test_04913,2,car,2,car,0.9984915937999808,2,car,0.9988811404775456,2,car,0.3076291122061466,2,car,0.9495683255405237
test_04921,2,car,2,car,0.9925207552416966,2,car,0.9999584333194753,2,car,0.28763529991590114,2,car,0.9690952188234597
test_04953,5,dog,5,dog,0.8737640669385817,5,dog,0.7075100313188943,5,dog,0.19010915312248852,5,dog,0.718007683909848
test_04966,5,dog,5,dog,0.7780970526875034,5,dog,0.23555234233024344,5,dog,0.22248000675174237,5,dog,0.8249693758240001
test_04990,8,ship,0,airplane,0.6508301336882462,8,ship,0.9708480199710857,8,ship,0.2525619467098602,8,ship,0.9620925429148313
test_05000,8,ship,8,ship,0.9732752280433736,8,ship,0.9817315469841247,8,ship,0.3656345826564094,8,ship,0.9972237953377957
test_05030,2,car,2,car,0.9942219130157753,2,car,0.9998076824980516,2,car,0.36385788323704826,2,car,0.969591346070412
test_05062,4,deer,4,deer,0.9787660432331982,4,deer,0.9741662677471569,4,deer,0.31808371493682025,4,deer,0.998420996096506
test_05077,4,deer,4,deer,0.9761686704576773,4,deer,0.8868705512474082,4,deer,0.21866758298839076,4,deer,0.8731150091668359
test_05082,6,horse,6,horse,0.944265940128457,6,horse,0.9960578810085192,6,horse,0.31354504697241586,6,horse,0.9959240317366793
test_05092,1,bird,1,bird,0.9994566460001473,1,bird,0.9998570179179052,1,bird,0.35564962150073504,1,bird,0.9987660145306904
test_05101,5,dog,5,dog,0.9850985130420575,5,dog,0.6974986152937348,5,dog,0.2700700463481463,5,dog,0.7966678593803774
test_05117,0,airplane,0,airplane,0.9997112679892043,0,airplane,0.9998800763257661,0,airplane,0.37108554853584985,0,airplane,0.9623253385093014
test_05123,1,bird,1,bird,0.965961202304849,1,bird,0.9999574528856799,1,bird,0.284804705861278,1,bird,0.9962310259472865
test_05135,4,deer,4,deer,0.7774201598721693,3,cat,0.5594417937177263,4,deer,0.2826106197969522,4,deer,0.9953217629661171
test_05183,2,car,2,car,0.9278190484236907,2,car,0.9989290623826129,2,car,0.3106828430496504,2,car,0.9897002130645253
test_05213,4,deer,4,deer,0.9739580968191763,4,deer,0.9926195593789132,4,deer,0.3202781585513883,4,deer,0.9967206930386245
test_05218,2,car,2,car,0.9829812248143291,2,car,0.9994856620233368,2,car,0.3629093195747109,2,car,0.9718327017203207
test_05220,1,bird,1,bird,0.556763386294044,1,bird,0.32305374207023796,9,truck,0.119533213596055,5,dog,0.1977550112313186
test_05237,2,car,2,car,0.9895505854929367,2,car,0.998176719740542,2,car,0.2557432354827472,2,car,0.6905788894449422
test_05256,1,bird,1,bird,0.9926012396058191,1,bird,0.9999763770953066,1,bird,0.32142064895870326,1,bird,0.9981173606430188
test_05284,9,truck,9,truck,0.9949848794313935,9,truck,0.999306373527396,9,truck,0.20598623371810645,9,truck,0.8745476094807709
test_05301,9,truck,9,truck,0.9891821184555788,9,truck,0.8983245169865132,9,truck,0.17043334582610342,9,truck,0.6643006305318281
test_05318,2,car,2,car,0.9969330565925983,2,car,0.9809579823477297,2,car,0.20480695261223594,2,car,0.9351096145068967
test_05332,5,dog,5,dog,0.5877194742230799,5,dog,0.8884399404782897,5,dog,0.19679528401620827,5,dog,0.5874650997778156
test_05333,2,car,2,car,0.985014479416542,2,car,0.999555319228944,2,car,0.364146240964027,2,car,0.9808268851360047
test_05360,9,truck,9,truck,0.9938637973370147,9,truck,0.99999280334136,9,truck,0.278364925293626,9,truck,0.9796098777946689
test_05381,5,dog,5,dog,0.5527919203003523,5,dog,0.9083333602657102,5,dog,0.3050057646083174,5,dog,0.962649180553808
test_05382,6,horse,6,horse,0.8825040479074108,6,horse,0.9959131320463612,6,horse,0.1589013239189356,6,horse,0.8026344992309948
test_05395,2,car,2,car,0.9984918760829448,2,car,0.9998207620369578,2,car,0.3815795655548209,2,car,0.9873002978649736
test_05402,4,deer,4,deer,0.9401492727857768,4,deer,0.9003848950664867,4,deer,0.42419685043604816,4,deer,0.9979446333985993
test_05408,6,horse,6,horse,0.9178339458810191,6,horse,0.9626892904190293,6,horse,0.2771793262510895,6,horse,0.9972602002306409
test_05436,7,monkey,7,monkey,0.9822062698927225,7,monkey,0.9974600265035867,7,monkey,0.2018420599484641,7,monkey,0.9747021058362635
test_05447,9,truck,9,truck,0.9979313124614478,9,truck,0.9998721626402447,9,truck,0.3227033246712931,9,truck,0.9872527361253821
test_05450,7,monkey,7,monkey,0.9733782068608466,7,monkey,0.9995505291129271,7,monkey,0.30481014361370007,7,monkey,0.9804481130157433
test_05451,8,ship,8,ship,0.9776238350164743,8,ship,0.9999078421126113,8,ship,0.3711160645210142,8,ship,0.9991038382886088
test_05452,9,truck,9,truck,0.9915340126851048,9,truck,0.9993368997576025,9,truck,0.25420138392845526,9,truck,0.9685022907843488
test_05467,4,deer,4,deer,0.8426974106557721,4,deer,0.5191135657218142,4,deer,0.3603618716835503,4,deer,0.9959371806178184
test_05478,0,airplane,0,airplane,0.8787563423987136,0,airplane,0.4851433332870679,0,airplane,0.22268115203634528,0,airplane,0.7194288943327455
test_05488,1,bird,7,monkey,0.9806803159070999,7,monkey,0.8389144052359022,1,bird,0.1877593981386968,1,bird,0.9301624506875452
test_05496,5,dog,5,dog,0.9807117265056619,5,dog,0.9751440523888499,5,dog,0.2626928768859911,5,dog,0.9753351973827297
test_05508,9,truck,9,truck,0.9950982252826662,9,truck,0.9981947670446268,9,truck,0.37513440482205634,9,truck,0.9932016422898061
test_05512,2,car,9,truck,0.9870609628957465,6,horse,0.29078414418922793,9,truck,0.20948255342090846,9,truck,0.6843255663024216
test_05525,8,ship,8,ship,0.9671168653305989,8,ship,0.9997465255886273,8,ship,0.3681953758319307,8,ship,0.9972704317867034
test_05528,3,cat,5,dog,0.7732232759172395,3,cat,0.9969817922079375,3,cat,0.2831505963409628,3,cat,0.9684568569514274
test_05556,4,deer,4,deer,0.9410821008519499,4,deer,0.5471689200020752,4,deer,0.3792588673716854,4,deer,0.9924998638681481
test_05560,1,bird,1,bird,0.8793549731392377,1,bird,0.9860829399343862,1,bird,0.2540332548476449,1,bird,0.995843765058246
test_05572,9,truck,9,truck,0.9906126291668574,9,truck,0.9928290880441312,9,truck,0.24497589972208467,9,truck,0.8851212551379534
test_05580,6,horse,6,horse,0.996607819175982,5,dog,0.7470776578419335,6,horse,0.311927624217255,6,horse,0.9869442719600352
test_05590,9,truck,9,truck,0.9895132021938325,9,truck,0.9715656170845316,9,truck,0.28937917064307395,9,truck,0.9948922848637921
test_05623,4,deer,4,deer,0.9552690210339879,4,deer,0.9990382793568603,4,deer,0.3439093830086139,4,deer,0.9974768695947536
test_05677,2,car,2,car,0.9693325308530412,2,car,0.9993461181076162,2,car,0.34371587868452314,2,car,0.9092900765443246
test_05694,8,ship,8,ship,0.9417239050520706,8,ship,0.9980486072680259,8,ship,0.37063286878305635,8,ship,0.998021951587117
test_05701,5,dog,5,dog,0.9275494365398212,5,dog,0.989893543357881,5,dog,0.3134414210894964,5,dog,0.9782578526228389
test_05705,8,ship,8,ship,0.9898071508933449,8,ship,0.9999863136636076,8,ship,0.4226469675641661,8,ship,0.9979754861006503
test_05719,7,monkey,7,monkey,0.9718421543050034,7,monkey,0.9948434136980681,7,monkey,0.34243145339056574,7,monkey,0.9970719740150227
test_05729,6,horse,6,horse,0.9880812443467777,6,horse,0.9678055414528764,6,horse,0.28928027021565306,6,horse,0.9854954609172174
test_05756,2,car,2,car,0.999613509759632,2,car,0.999714780023728,2,car,0.38422223537435934,2,car,0.9859943913369096
test_05788,9,truck,9,truck,0.9982195062779576,9,truck,0.9999902689256825,9,truck,0.28505114477510907,9,truck,0.9661614188847583
test_05789,4,deer,4,deer,0.8538814651720867,4,deer,0.9986935344395328,4,deer,0.3213718536962446,4,deer,0.9986202380033047
test_05824,2,car,2,car,0.9984192991823416,2,car,0.992985003250051,9,truck,0.21497442536606134,9,truck,0.7577300000952183
test_05848,7,monkey,7,monkey,0.9975037717630586,7,monkey,0.9992011604066049,7,monkey,0.31073961027491986,7,monkey,0.9962816897253121
test_05851,9,truck,9,truck,0.9940994704836335,9,truck,0.9980006209730506,9,truck,0.37006628262471225,9,truck,0.9963819568867915
test_05857,6,horse,6,horse,0.5784992642120448,6,horse,0.5094069037023043,6,horse,0.25679607927367154,6,horse,0.9827953341392082
test_05858,6,horse,6,horse,0.5404384754913685,6,horse,0.9990009987895654,6,horse,0.2602222684048976,6,horse,0.9898413129927257
test_05912,0,airplane,0,airplane,0.9994719719707819,0,airplane,0.9993992091034146,0,airplane,0.35375916138032876,0,airplane,0.9668398430665528
test_05915,9,truck,9,truck,0.9645564218866096,9,truck,0.9899752638377984,9,truck,0.31594063338853495,9,truck,0.9125564116852456
test_05918,0,airplane,0,airplane,0.9996485572540266,0,airplane,0.9996421347251565,0,airplane,0.34643864295107796,0,airplane,0.9715377357041594
test_05924,5,dog,5,dog,0.9939442922219027,5,dog,0.9980088201686486,7,monkey,0.2029411495564662,7,monkey,0.7499724927019492
test_05977,7,monkey,7,monkey,0.994700478443415,7,monkey,0.9977333285389522,7,monkey,0.38232411886573425,7,monkey,0.9948779324254122
test_05981,9,truck,9,truck,0.9545261143797427,9,truck,0.6449049761657809,9,truck,0.19179779889566662,9,truck,0.7613498881742418
test_05999,0,airplane,0,airplane,0.9902749619460105,0,airplane,0.9983137308759275,0,airplane,0.3391825146255763,0,airplane,0.9733592678376767
test_06028,2,car,2,car,0.9952987186713023,2,car,0.999950889051173,2,car,0.370582690501594,2,car,0.9845417036692251
test_06033,4,deer,4,deer,0.9399648297282961,4,deer,0.9735476111509432,4,deer,0.24522867892108724,4,deer,0.9937845870957658
test_06076,1,bird,1,bird,0.9996870970529235,1,bird,0.9999870320669064,1,bird,0.3820376061641377,1,bird,0.9991006474326727
test_06084,7,monkey,7,monkey,0.9858510152120407,7,monkey,0.998543880993935,7,monkey,0.38242718286638033,7,monkey,0.9980919926324776
test_06097,4,deer,4,deer,0.959104553821149,4,deer,0.7782673180389862,4,deer,0.40639450836249996,4,deer,0.9910203062261017
test_06169,1,bird,1,bird,0.9929534194018784,0,airplane,0.6610719385487218,1,bird,0.12079244606480506,1,bird,0.4648778789001394
test_06190,7,monkey,7,monkey,0.9896533143164666,7,monkey,0.9993919846640688,7,monkey,0.36553198906709194,7,monkey,0.9913937043961821
test_06224,5,dog,5,dog,0.9455688540928955,5,dog,0.8352594538811557,5,dog,0.19384139764006514,6,horse,0.4799747856017795
test_06244,2,car,2,car,0.9781714962310922,2,car,0.9990634893264783,2,car,0.3008620926834312,2,car,0.9388087587714762
test_06264,2,car,2,car,0.992172084446411,2,car,0.9999585166411973,2,car,0.3577031064231172,2,car,0.9851881286134769
test_06271,2,car,2,car,0.9953936474740972,2,car,0.9959867017787315,2,car,0.3634822203099048,2,car,0.9730485749812502
test_06288,4,deer,4,deer,0.8474917900541796,4,deer,0.996984796171438,4,deer,0.2502376342372729,4,deer,0.997132554586697
test_06332,2,car,2,car,0.9902165810051591,2,car,0.9995160288200926,2,car,0.2855112924036526,2,car,0.957519295870224
test_06349,1,bird,1,bird,0.990016980302534,1,bird,0.9992887019226213,1,bird,0.20927321820254516,1,bird,0.9506860353418393
test_06354,2,car,2,car,0.9949152390804851,2,car,0.991364568923654,2,car,0.2244275122472615,2,car,0.9469577884089607
test_06358,5,dog,3,cat,0.7463803012412239,5,dog,0.800297868368674,5,dog,0.20162569843682185,5,dog,0.8121139668880978
test_06381,6,horse,6,horse,0.949971899438585,6,horse,0.9944649906393624,6,horse,0.3250560033376672,6,horse,0.9909985731927651
test_06414,5,dog,3,cat,0.5118422610684714,5,dog,0.6276401836667798,7,monkey,0.1453374106911963,1,bird,0.462076832378145
test_06426,2,car,2,car,0.9971506122601999,2,car,0.9999188701673563,2,car,0.41757316523249866,2,car,0.9859353930205895
test_06434,8,ship,8,ship,0.9985202072983745,8,ship,0.9998693085294614,8,ship,0.41392213239247533,8,ship,0.9983795941324894
test_06437,0,airplane,0,airplane,0.9622866705683817,0,airplane,0.9965031440107367,0,airplane,0.3619929159718914,0,airplane,0.9781460010369912
test_06455,0,airplane,0,airplane,0.8097523957216216,0,airplane,0.9988531061690705,0,airplane,0.37372298734831144,0,airplane,0.9796821360044441
test_06490,3,cat,3,cat,0.8340280546271467,3,cat,0.9983778162941768,3,cat,0.1861135846899172,3,cat,0.3771213987810084
test_06503,2,car,2,car,0.992629416665688,2,car,0.9984357480156125,2,car,0.2634270847078522,2,car,0.9235551589400576
test_06508,4,deer,4,deer,0.9743174357630469,4,deer,0.9993354092494827,4,deer,0.35547645215539936,4,deer,0.9960593196518408
test_06528,4,deer,4,deer,0.9546238300402419,4,deer,0.99966700843164,4,deer,0.21798196990704677,4,deer,0.9925532820605848
test_06594,1,bird,1,bird,0.9993775392312646,1,bird,0.9919378091003093,1,bird,0.25449834575851915,1,bird,0.9811887668500091
test_06609,0,airplane,0,airplane,0.97505482228907,0,airplane,0.9998540528045297,0,airplane,0.3796068137029912,0,airplane,0.9719048391736445
test_06616,2,car,2,car,0.9857826700613452,2,car,0.9986261048500545,2,car,0.2762470988598709,2,car,0.9786156827171583
test_06650,7,monkey,7,monkey,0.9922464343779275,7,monkey,0.9996124734184235,7,monkey,0.24697860744528383,7,monkey,0.939233511007322
test_06689,8,ship,9,truck,0.9751589145316624,8,ship,0.887642207236128,8,ship,0.30746848607814875,8,ship,0.9524164893919123
test_06692,2,car,2,car,0.9685851264936887,2,car,0.9990353821405875,2,car,0.2972173402723782,2,car,0.976125991132324
test_06713,6,horse,6,horse,0.9297162739748466,6,horse,0.9887546587998582,6,horse,0.24060253556099287,6,horse,0.9732286477263583
test_06716,5,dog,5,dog,0.5291851930487557,6,horse,0.1627970815116016,5,dog,0.21038203243364625,5,dog,0.7657803528538516
test_06726,7,monkey,7,monkey,0.9868362661255832,7,monkey,0.9955828956020274,7,monkey,0.2571138979068087,7,monkey,0.9871304419129728
test_06733,1,bird,1,bird,0.9899721072605102,1,bird,0.9966031092029154,1,bird,0.23879689677509325,1,bird,0.9932308818803854
test_06772,7,monkey,3,cat,0.7993566398371202,3,cat,0.7508801690033563,3,cat,0.13711245213195472,7,monkey,0.5708218298016804
test_06805,1,bird,1,bird,0.9970272203904602,1,bird,0.9440753874145088,1,bird,0.2761210505931575,1,bird,0.9941778079724868
test_06836,1,bird,1,bird,0.9998843360102626,1,bird,0.98303667716739,1,bird,0.3116975160481781,1,bird,0.9967448972943279
test_06844,0,airplane,0,airplane,0.9863889344558093,0,airplane,0.9979570062396442,0,airplane,0.3246852804261771,0,airplane,0.8844961203525747
test_06922,5,dog,5,dog,0.9989835229887378,5,dog,0.9986084011458096,5,dog,0.30112309818589794,5,dog,0.9545853503860589
test_06931,9,truck,9,truck,0.9253355354052563,9,truck,0.5623786778101266,9,truck,0.24508626062544106,9,truck,0.8641348620315604
test_06938,1,bird,1,bird,0.9997385547502713,1,bird,0.9999401609191573,1,bird,0.38504611533960786,1,bird,0.9982667912878869
test_06952,3,cat,3,cat,0.9712294560591131,3,cat,0.906927522272843,3,cat,0.24217351765040768,3,cat,0.9603680467011355
test_06954,1,bird,1,bird,0.9770087932951529,1,bird,0.9639889382888932,1,bird,0.2470427468086962,1,bird,0.963514585528547
test_06986,0,airplane,0,airplane,0.9960047226334063,0,airplane,0.999927225769733,0,airplane,0.35648448193572135,0,airplane,0.9742590612487332
test_06989,5,dog,5,dog,0.9500029055202242,5,dog,0.9526846007841384,5,dog,0.1717047553650879,5,dog,0.6158217743457096
test_07009,0,airplane,0,airplane,0.9833543813021449,0,airplane,0.9990446008510973,0,airplane,0.2923607898007827,0,airplane,0.9559114245458935
test_07029,1,bird,1,bird,0.9985720423200857,1,bird,0.9999925593007861,1,bird,0.32999255235376174,1,bird,0.9965891188960015
test_07033,1,bird,1,bird,0.8513867732043784,1,bird,0.9941433132450366,1,bird,0.19856116761769846,1,bird,0.9421715549264128
test_07041,5,dog,5,dog,0.8712876217757273,5,dog,0.7814874137130916,6,horse,0.11542090001307258,3,cat,0.24721581124533534
test_07047,9,truck,9,truck,0.9942837651199189,9,truck,0.9988255725645969,9,truck,0.3166957298133986,9,truck,0.984798068491869
test_07081,7,monkey,7,monkey,0.9752495169265677,7,monkey,0.9810036317975324,7,monkey,0.2917420384354951,7,monkey,0.9958999775857564
test_07084,2,car,2,car,0.9980116686338898,2,car,0.9999427319969991,2,car,0.2725837752390187,2,car,0.8864927260365673
test_07108,6,horse,6,horse,0.9443488365828169,6,horse,0.9923198735389496,6,horse,0.30543973089567106,6,horse,0.9903633094518577
test_07130,5,dog,5,dog,0.9066436302351253,5,dog,0.9592244022632908,5,dog,0.2523228056101341,5,dog,0.9804516318891432
test_07138,8,ship,8,ship,0.9502775612349319,8,ship,0.9977608324561865,8,ship,0.3951346808035852,8,ship,0.9982290137890726
test_07150,0,airplane,0,airplane,0.9972810519589391,0,airplane,0.9994950472706045,0,airplane,0.3748335333628341,0,airplane,0.9907330500920093
test_07202,1,bird,1,bird,0.9985618978762194,1,bird,0.9919113920791458,1,bird,0.29064573552437895,1,bird,0.994658592235307
test_07262,0,airplane,0,airplane,0.9973238144740687,0,airplane,0.9999791250623309,0,airplane,0.3905934298966423,0,airplane,0.9788477815143398
test_07266,9,truck,9,truck,0.9073971958344681,9,truck,0.9485236121994857,9,truck,0.23879332177547766,9,truck,0.9285954678900717
test_07270,7,monkey,7,monkey,0.9737754083276313,7,monkey,0.9996591533099995,7,monkey,0.27887997808455683,7,monkey,0.9924254921987224
test_07309,0,airplane,0,airplane,0.9804564946885352,0,airplane,0.999067088732838,0,airplane,0.31252280444896696,0,airplane,0.9693347008790829
test_07320,0,airplane,0,airplane,0.99790010634488,0,airplane,0.9920490321642986,0,airplane,0.34962097229240624,0,airplane,0.9854388910169829
test_07338,6,horse,6,horse,0.9842327030582532,6,horse,0.9786903742607509,6,horse,0.1947717183566614,6,horse,0.8699776838715175
test_07372,0,airplane,0,airplane,0.9460042753888013,0,airplane,0.9959700734930047,0,airplane,0.36943222905457546,0,airplane,0.9694555131032583
test_07373,0,airplane,0,airplane,0.9091515891452498,0,airplane,0.9943106189574411,0,airplane,0.39373982276140984,0,airplane,0.9892300070597793
test_07380,9,truck,9,truck,0.9680740088941632,9,truck,0.9984760336676496,9,truck,0.31692956840704634,9,truck,0.9918336644806379
test_07390,1,bird,1,bird,0.9318034117602657,1,bird,0.9918699621080228,1,bird,0.3230808695775704,1,bird,0.990429745348222
test_07413,5,dog,5,dog,0.6417823784185929,5,dog,0.8438323104089867,3,cat,0.24143886016053018,3,cat,0.6703623280493707
test_07416,3,cat,3,cat,0.8922648404290514,5,dog,0.5733855016893261,3,cat,0.2802536725656936,3,cat,0.9587305024146102
test_07425,2,car,2,car,0.9992427363001233,2,car,0.9999763925235815,2,car,0.3914347061397093,2,car,0.9879416248108852
test_07446,8,ship,8,ship,0.9955053277535756,8,ship,0.9987706009340428,8,ship,0.34183961292504544,8,ship,0.9953240303860272
test_07460,8,ship,9,truck,0.9327737581119142,8,ship,0.9524499788040575,9,truck,0.13664861827374217,8,ship,0.5977199677106599
test_07465,0,airplane,0,airplane,0.9712371625186673,0,airplane,0.9998236638727119,0,airplane,0.36520545605007754,0,airplane,0.9821613791261085
test_07474,5,dog,5,dog,0.9715062949713896,5,dog,0.9962394785225461,5,dog,0.3378998632600703,5,dog,0.9657668899790326
test_07475,4,deer,6,horse,0.5766387547994382,4,deer,0.5771351907346195,4,deer,0.3729004033923207,4,deer,0.998932233961473
test_07476,8,ship,8,ship,0.7825243950656069,8,ship,0.683997528745989,8,ship,0.2376630144348064,8,ship,0.9943278924182026
test_07544,9,truck,9,truck,0.984155573240022,9,truck,0.9244058592372824,9,truck,0.26575384980602257,9,truck,0.8086402433640216
test_07555,6,horse,6,horse,0.8185295755753513,6,horse,0.9730777526342258,6,horse,0.17736029911653758,6,horse,0.807918504052946
test_07600,6,horse,6,horse,0.9998502049102643,6,horse,0.9996924654628931,6,horse,0.30372111725863815,6,horse,0.989691867695414
test_07610,4,deer,4,deer,0.9876087163756293,4,deer,0.9961598474642186,4,deer,0.2750166272006839,4,deer,0.9883366114923184
test_07634,0,airplane,0,airplane,0.9975636358325398,0,airplane,0.9981412371028175,0,airplane,0.4349429828986318,0,airplane,0.9930941413876011
test_07692,4,deer,4,deer,0.8692508900723107,4,deer,0.9972317152413346,4,deer,0.1498462918036457,4,deer,0.9603359320663533
test_07706,5,dog,5,dog,0.9446186665617844,5,dog,0.828002499413663,5,dog,0.19230245491326425,5,dog,0.877027267389292
test_07726,6,horse,6,horse,0.9927617232578968,6,horse,0.8528769015285194,6,horse,0.33914845811119654,6,horse,0.9966538499608325
test_07744,3,cat,3,cat,0.8824641657522899,3,cat,0.6776659072652982,3,cat,0.2733831053234797,3,cat,0.9736742397133717
test_07752,9,truck,9,truck,0.9840436780583742,9,truck,0.9998326454992529,9,truck,0.31764621018947203,9,truck,0.9635657877097692
test_07776,5,dog,5,dog,0.9435604527230008,5,dog,0.9914366865533815,5,dog,0.21342582506316007,5,dog,0.8985736332559933
test_07779,6,horse,6,horse,0.7805228188279961,6,horse,0.9957735870307285,6,horse,0.2503303965489963,6,horse,0.9611203047577261
test_07781,6,horse,6,horse,0.9947158587321092,6,horse,0.9965627534565104,6,horse,0.3275435273731583,6,horse,0.9992116494933677
test_07793,3,cat,7,monkey,0.501263939085452,3,cat,0.6471864000875295,5,dog,0.23565074978122685,5,dog,0.736592775025543
test_07797,3,cat,3,cat,0.974873161707605,3,cat,0.9995957246337929,3,cat,0.24203096562196608,3,cat,0.9329983383194809
test_07810,8,ship,8,ship,0.9966629690979311,8,ship,0.9998555704628894,8,ship,0.28768915620327934,8,ship,0.9981982510272553
test_07818,8,ship,8,ship,0.9794021463473461,8,ship,0.9972206377588603,8,ship,0.3885130300617504,8,ship,0.9904180316269182
test_07835,7,monkey,7,monkey,0.9752900042137124,7,monkey,0.9960053457361965,7,monkey,0.3757816208613182,7,monkey,0.9989884828243727
test_07864,4,deer,4,deer,0.916967721312197,4,deer,0.9902729016941859,4,deer,0.3846105761569138,4,deer,0.997945408932042
test_07875,8,ship,9,truck,0.5629091273170779,8,ship,0.9984324855888839,8,ship,0.302522505120261,8,ship,0.9957237925380427
test_07938,9,truck,9,truck,0.9783650089474355,9,truck,0.992741390442852,9,truck,0.22642862404478362,9,truck,0.8659759043675325
test_07940,4,deer,4,deer,0.9779005629451993,4,deer,0.9993740534607711,4,deer,0.3120433469580104,4,deer,0.9965846016710207
test_07944,4,deer,8,ship,0.29205598641818437,0,airplane,0.5358476425324541,1,bird,0.12130447514433018,9,truck,0.16725146494490756
test_07955,1,bird,1,bird,0.9998691001308019,1,bird,0.9999928537717515,1,bird,0.3422064035652117,1,bird,0.9964269541113334
test_07995,9,truck,9,truck,0.8300887487311149,2,car,0.6285741224298269,9,truck,0.2656156514885203,9,truck,0.9368468381958492
test_07996,6,horse,6,horse,0.9993521969378382,6,horse,0.9976557792326294,6,horse,0.3013434548645755,6,horse,0.9849008997250356
test_07999,8,ship,8,ship,0.986182831718558,8,ship,0.9939137016865672,8,ship,0.36637836063543994,8,ship,0.996994962650852
